response_id,customer_id,survey_date,region,customer_segment,industry,response_channel,service_category,nps_score,csat_score,resolution_days,issue_resolved,feedback_text
RSP-0001,CUST-1912,2025-01-13,North America,SMB,Finance,Phone,Product,4,1,14,Yes,Quality has visibly degraded over the last few months.
RSP-0002,CUST-3006,2025-04-25,Asia-Pacific,Enterprise,Manufacturing,Web,Product,4,1,5,Yes,Delivery took twice as long as promised.
RSP-0003,CUST-1839,2025-12-13,Europe,Mid-Market,Finance,Email,Product,7,4,4,Yes,"Support resolved the issue, but communication could be better."
RSP-0004,CUST-4456,2025-01-17,Europe,Mid-Market,Technology,Phone,Product,2,3,21,No,Support response was extremely slow and unhelpful.
RSP-0005,CUST-1767,2025-04-22,North America,Enterprise,Finance,Phone,Product,8,3,5,Yes,"Pricing is fair, but onboarding was slightly confusing."
RSP-0006,CUST-5139,2025-11-05,Europe,Mid-Market,Healthcare,Phone,Product,10,5,3,Yes,Exceptional customer support! Issue resolved within an hour.
RSP-0007,CUST-2628,2025-11-29,Europe,SMB,Technology,Email,Product,6,1,5,No,Platform UI is slow and unintuitive.
RSP-0008,CUST-4436,2025-04-23,North America,Mid-Market,Healthcare,Email,Quality,1,3,10,Yes,Billing error was not resolved on time.
RSP-0009,CUST-3278,2025-01-04,North America,SMB,Finance,Web,Quality,1,1,4,No,Delivery took twice as long as promised.
RSP-0010,CUST-4462,2025-06-24,Europe,Mid-Market,Technology,Email,Delivery,7,4,4,Yes,"Delivery was on time, product packaging was slightly damaged."
RSP-0011,CUST-2273,2025-04-21,North America,SMB,Finance,Phone,Quality,6,2,5,Yes,"Issue took over a week to resolve, very frustrating."
RSP-0012,CUST-1837,2025-02-17,North America,Enterprise,Finance,Email,Delivery,9,5,1,Yes,Top-tier enterprise platform with excellent security features.
RSP-0013,CUST-1792,2025-07-03,North America,Enterprise,Technology,Email,Pricing,7,4,4,Yes,"Acceptable response time, issue was eventually fixed."
RSP-0014,CUST-3166,2025-01-23,North America,SMB,Healthcare,Web,Quality,5,1,5,Yes,Billing error was not resolved on time.
RSP-0015,CUST-2022,2025-07-13,Asia-Pacific,SMB,Technology,Phone,Delivery,2,1,5,No,Product keeps crashing after the latest update.
RSP-0016,CUST-3401,2025-11-18,North America,Mid-Market,Finance,Email,Pricing,10,5,1,Yes,Smooth experience from purchase to setup. Very satisfied!
RSP-0017,CUST-2575,2025-12-27,North America,Enterprise,Finance,Phone,Product,6,3,5,Yes,Product keeps crashing after the latest update.
RSP-0018,CUST-1375,2025-12-05,Europe,SMB,Technology,Web,Customer Support,5,2,5,Yes,Pricing is way too high for the features provided.
RSP-0019,CUST-3370,2025-02-10,Europe,Mid-Market,Technology,Web,Delivery,1,1,7,No,Pricing is way too high for the features provided.
RSP-0020,CUST-1827,2025-07-14,North America,Mid-Market,Technology,Phone,Product,9,5,3,Yes,The team went above and beyond to help us with our migration.
RSP-0021,CUST-4714,2025-11-22,North America,Enterprise,Manufacturing,Web,Product,9,5,1,Yes,Smooth experience from purchase to setup. Very satisfied!
RSP-0022,CUST-2332,2025-07-09,North America,Enterprise,Retail,In-App,Customer Support,7,4,4,No,"Acceptable response time, issue was eventually fixed."
RSP-0023,CUST-2716,2025-12-10,Latin America,SMB,Finance,Email,Product,10,5,1,Yes,The team went above and beyond to help us with our migration.
RSP-0024,CUST-1584,2025-11-08,Europe,Enterprise,Technology,Phone,Customer Support,9,5,2,Yes,Super fast delivery and pristine quality. Highly recommended!
RSP-0025,CUST-3005,2025-03-25,North America,SMB,Finance,Web,Customer Support,8,3,3,Yes,"Service is okay, expecting more frequent software updates."
RSP-0026,CUST-4108,2025-05-19,North America,SMB,Healthcare,In-App,Customer Support,9,5,1,Yes,Great value for money and outstanding service reliability.
RSP-0027,CUST-3656,2025-01-29,North America,SMB,Technology,Email,Customer Support,4,3,21,No,Pricing is way too high for the features provided.
RSP-0028,CUST-1262,2025-06-11,North America,Enterprise,Manufacturing,Phone,Pricing,10,5,1,Yes,Top-tier enterprise platform with excellent security features.
RSP-0029,CUST-3193,2025-02-03,Asia-Pacific,Mid-Market,Technology,Phone,Pricing,6,2,4,Yes,Pricing is way too high for the features provided.
RSP-0030,CUST-3577,2025-04-19,Middle East & Africa,Enterprise,Healthcare,Web,Customer Support,9,5,1,Yes,Best customer service team in the industry. Kudos!
RSP-0031,CUST-4241,2025-11-26,Asia-Pacific,SMB,Retail,In-App,Delivery,5,2,7,No,Billing error was not resolved on time.
RSP-0032,CUST-2170,2025-05-16,Asia-Pacific,SMB,Technology,Email,Product,8,3,3,Yes,"Average experience, nothing exceptional to report."
RSP-0033,CUST-3020,2025-10-15,North America,Mid-Market,Technology,Email,Quality,5,1,7,No,Platform UI is slow and unintuitive.
RSP-0034,CUST-3152,2025-10-27,North America,Mid-Market,Technology,Email,Customer Support,8,4,4,No,"Decent features for SMBs, but needs better reporting tools."
RSP-0035,CUST-4271,2025-07-05,Europe,Mid-Market,Retail,Email,Delivery,0,1,21,No,Pricing is way too high for the features provided.
RSP-0036,CUST-2133,2025-09-18,Asia-Pacific,Mid-Market,Technology,Email,Product,8,4,3,Yes,"Service is okay, expecting more frequent software updates."
RSP-0037,CUST-1744,2025-01-25,Middle East & Africa,SMB,Finance,Phone,Delivery,2,1,10,Yes,Product keeps crashing after the latest update.
RSP-0038,CUST-2252,2025-11-18,North America,Enterprise,Technology,Web,Customer Support,7,3,3,Yes,"Average experience, nothing exceptional to report."
RSP-0039,CUST-4458,2025-11-02,North America,Mid-Market,Healthcare,Phone,Customer Support,1,1,7,Yes,Product keeps crashing after the latest update.
RSP-0040,CUST-4152,2025-07-15,Asia-Pacific,Mid-Market,Technology,Email,Customer Support,0,2,14,Yes,Frequent downtime impacted our business operations.
RSP-0041,CUST-4834,2025-09-28,North America,Mid-Market,Healthcare,Phone,Pricing,4,3,14,Yes,Quality has visibly degraded over the last few months.
RSP-0042,CUST-1094,2025-12-15,North America,Enterprise,Technology,Email,Customer Support,2,1,10,Yes,Product keeps crashing after the latest update.
RSP-0043,CUST-3185,2025-11-25,Asia-Pacific,Mid-Market,Technology,Web,Customer Support,10,5,2,Yes,Smooth experience from purchase to setup. Very satisfied!
RSP-0044,CUST-1913,2025-05-31,North America,SMB,Retail,In-App,Delivery,3,2,5,No,Customer service agent was rude and transferred me three times.
RSP-0045,CUST-2295,2025-08-21,Asia-Pacific,Mid-Market,Finance,Web,Product,10,5,2,Yes,Exceptional customer support! Issue resolved within an hour.
RSP-0046,CUST-3157,2025-09-14,Latin America,Mid-Market,Technology,In-App,Product,6,3,21,Yes,Delivery took twice as long as promised.
RSP-0047,CUST-5158,2025-02-24,Europe,Mid-Market,Technology,Email,Customer Support,9,5,2,Yes,The team went above and beyond to help us with our migration.
RSP-0048,CUST-5158,2025-11-08,Europe,Enterprise,Healthcare,Phone,Quality,5,1,4,No,Pricing is way too high for the features provided.
RSP-0049,CUST-2252,2025-07-11,Europe,Enterprise,Technology,Web,Product,9,5,1,Yes,Super fast delivery and pristine quality. Highly recommended!
RSP-0050,CUST-1004,2025-11-03,Middle East & Africa,Mid-Market,Healthcare,Web,Pricing,10,5,1,Yes,Smooth experience from purchase to setup. Very satisfied!
RSP-0051,CUST-5002,2025-01-10,Asia-Pacific,Mid-Market,Healthcare,In-App,Product,8,3,3,Yes,"Support resolved the issue, but communication could be better."
RSP-0052,CUST-3973,2025-06-07,North America,Enterprise,Finance,Web,Customer Support,10,3,1,Yes,Great value for money and outstanding service reliability.
RSP-0053,CUST-1474,2025-05-04,North America,SMB,Technology,In-App,Product,10,3,3,Yes,Fantastic product! Has significantly improved our team productivity.
RSP-0054,CUST-1701,2025-09-06,Europe,SMB,Healthcare,Phone,Customer Support,7,4,3,No,"Support resolved the issue, but communication could be better."
RSP-0055,CUST-2030,2025-03-07,North America,Mid-Market,Manufacturing,In-App,Delivery,6,1,4,Yes,Billing error was not resolved on time.
RSP-0056,CUST-2352,2025-05-16,North America,Mid-Market,Technology,In-App,Pricing,6,2,5,No,Platform UI is slow and unintuitive.
RSP-0057,CUST-4466,2025-04-19,Asia-Pacific,Enterprise,Manufacturing,Web,Pricing,7,4,3,No,"Pricing is fair, but onboarding was slightly confusing."
RSP-0058,CUST-3553,2025-07-24,Latin America,Enterprise,Technology,Email,Quality,10,4,1,Yes,Smooth experience from purchase to setup. Very satisfied!
RSP-0059,CUST-4588,2025-09-22,Middle East & Africa,SMB,Retail,Phone,Delivery,2,3,14,No,Billing error was not resolved on time.
RSP-0060,CUST-1991,2025-05-07,Middle East & Africa,SMB,Finance,Web,Pricing,8,3,3,Yes,"Pricing is fair, but onboarding was slightly confusing."
RSP-0061,CUST-1524,2025-06-23,Middle East & Africa,Mid-Market,Technology,Web,Customer Support,7,3,3,Yes,"Product works fine, but missing key integrations."
RSP-0062,CUST-2885,2025-10-29,Asia-Pacific,Mid-Market,Retail,Phone,Customer Support,10,5,1,Yes,Great value for money and outstanding service reliability.
RSP-0063,CUST-1058,2025-02-06,Asia-Pacific,Mid-Market,Finance,Email,Product,0,1,7,Yes,Support response was extremely slow and unhelpful.
RSP-0064,CUST-2875,2025-02-04,Europe,SMB,Technology,Phone,Quality,5,2,14,No,Support response was extremely slow and unhelpful.
RSP-0065,CUST-3706,2025-02-06,North America,SMB,Healthcare,Email,Delivery,10,5,1,Yes,Great value for money and outstanding service reliability.
RSP-0066,CUST-3281,2025-12-09,North America,Enterprise,Technology,Email,Product,3,2,4,Yes,Billing error was not resolved on time.
RSP-0067,CUST-2755,2025-10-04,Latin America,Mid-Market,Unknown,Email,Product,1,1,5,Yes,Delivery took twice as long as promised.
RSP-0068,CUST-4872,2025-05-05,North America,Enterprise,Healthcare,Email,Delivery,5,2,4,No,Billing error was not resolved on time.
RSP-0069,CUST-4334,2025-04-08,Europe,Enterprise,Retail,In-App,Product,6,2,10,Yes,Product keeps crashing after the latest update.
RSP-0070,CUST-1794,2025-12-04,North America,Mid-Market,Healthcare,Phone,Delivery,4,2,4,Yes,Customer service agent was rude and transferred me three times.
RSP-0071,CUST-3902,2025-08-05,Asia-Pacific,SMB,Healthcare,Phone,Product,7,4,2,Yes,"Decent features for SMBs, but needs better reporting tools."
RSP-0072,CUST-4825,2025-01-28,North America,Enterprise,Technology,Email,Delivery,1,3,7,No,Product keeps crashing after the latest update.
RSP-0073,CUST-1496,2025-07-26,Asia-Pacific,Mid-Market,Technology,Phone,Customer Support,9,5,1,Yes,Smooth experience from purchase to setup. Very satisfied!
RSP-0074,CUST-1895,2025-05-08,North America,Mid-Market,Finance,Email,Pricing,6,1,4,Yes,Pricing is way too high for the features provided.
RSP-0075,CUST-2558,2025-10-02,North America,Enterprise,Technology,Email,Product,10,4,1,Yes,Best customer service team in the industry. Kudos!
RSP-0076,CUST-2148,2025-08-05,Middle East & Africa,Enterprise,Healthcare,In-App,Quality,9,5,1,Yes,Super fast delivery and pristine quality. Highly recommended!
RSP-0077,CUST-3281,2025-08-25,Latin America,Mid-Market,Finance,Email,Customer Support,4,1,5,Yes,Pricing is way too high for the features provided.
RSP-0078,CUST-1617,2025-08-15,North America,Enterprise,Finance,Email,Customer Support,4,2,7,Yes,Platform UI is slow and unintuitive.
RSP-0079,CUST-1802,2025-01-26,North America,Enterprise,Technology,In-App,Delivery,7,4,3,Yes,"Product works fine, but missing key integrations."
RSP-0080,CUST-1764,2025-05-02,Europe,Mid-Market,Healthcare,Email,Pricing,8,5,2,Yes,"Average experience, nothing exceptional to report."
RSP-0081,CUST-4329,2025-09-06,Latin America,Enterprise,Technology,Web,Customer Support,10,4,2,Yes,Best customer service team in the industry. Kudos!
RSP-0082,CUST-2751,2025-07-25,North America,Enterprise,Retail,Phone,Customer Support,7,5,3,Yes,"Product works fine, but missing key integrations."
RSP-0083,CUST-2348,2025-07-14,Europe,Mid-Market,Healthcare,Email,Customer Support,8,3,4,Yes,"Product works fine, but missing key integrations."
RSP-0084,CUST-4198,2025-05-16,Europe,SMB,Finance,Email,Pricing,6,1,4,No,Billing error was not resolved on time.
RSP-0085,CUST-3336,2025-08-05,Europe,Mid-Market,Retail,Web,Product,6,1,10,Yes,Platform UI is slow and unintuitive.
RSP-0086,CUST-4986,2025-03-21,Europe,SMB,Retail,Email,Quality,2,2,4,Yes,Pricing is way too high for the features provided.
RSP-0087,CUST-3430,2025-04-22,Asia-Pacific,Enterprise,Technology,Web,Customer Support,8,4,3,Yes,"Product works fine, but missing key integrations."
RSP-0088,CUST-1499,2025-06-10,North America,Enterprise,Manufacturing,Phone,Delivery,4,3,4,Yes,Support response was extremely slow and unhelpful.
RSP-0089,CUST-1410,2025-10-27,Europe,Mid-Market,Technology,Web,Pricing,5,2,14,No,Billing error was not resolved on time.
RSP-0090,CUST-5119,2025-09-29,North America,Mid-Market,Finance,Phone,Customer Support,10,5,1,Yes,Super fast delivery and pristine quality. Highly recommended!
RSP-0091,CUST-1465,2025-09-18,Middle East & Africa,SMB,Technology,In-App,Quality,6,2,5,Yes,Product keeps crashing after the latest update.
RSP-0092,CUST-2522,2025-02-05,North America,SMB,Technology,Email,Delivery,5,3,5,Yes,Frequent downtime impacted our business operations.
RSP-0093,CUST-1556,2025-12-12,Asia-Pacific,Mid-Market,Technology,Phone,Product,4,2,5,No,Pricing is way too high for the features provided.
RSP-0094,CUST-4307,2025-03-03,North America,Mid-Market,Finance,Email,Customer Support,4,3,4,Yes,Frequent downtime impacted our business operations.
RSP-0095,CUST-3016,2025-10-24,North America,SMB,Healthcare,Phone,Product,9,5,2,Yes,Exceptional customer support! Issue resolved within an hour.
RSP-0096,CUST-1671,2025-08-03,North America,Enterprise,Healthcare,Phone,Product,9,5,1,Yes,Smooth experience from purchase to setup. Very satisfied!
RSP-0097,CUST-3136,2025-04-15,Europe,Mid-Market,Technology,Email,Quality,10,5,1,Yes,Smooth experience from purchase to setup. Very satisfied!
RSP-0098,CUST-2955,2025-05-16,Europe,Enterprise,Technology,Web,Customer Support,0,1,5,No,Customer service agent was rude and transferred me three times.
RSP-0099,CUST-2072,2025-12-10,North America,Enterprise,Retail,Email,Customer Support,5,1,5,No,Quality has visibly degraded over the last few months.
RSP-0100,CUST-4745,2025-06-11,Asia-Pacific,SMB,Healthcare,Phone,Product,6,3,4,Yes,Product keeps crashing after the latest update.
RSP-0101,CUST-1076,2025-08-23,North America,Enterprise,Technology,Phone,Delivery,8,4,3,Yes,"Support resolved the issue, but communication could be better."
RSP-0102,CUST-1600,2025-10-03,North America,Mid-Market,Technology,Phone,Delivery,5,1,5,No,Pricing is way too high for the features provided.
RSP-0103,CUST-5144,2025-05-16,Asia-Pacific,Enterprise,Retail,Phone,Quality,8,4,2,Yes,"Average experience, nothing exceptional to report."
RSP-0104,CUST-3859,2025-02-05,Europe,Mid-Market,Technology,Email,Quality,10,5,1,Yes,Great value for money and outstanding service reliability.
RSP-0105,CUST-4027,2025-05-26,North America,SMB,Technology,Phone,Product,8,4,4,Yes,"Average experience, nothing exceptional to report."
RSP-0106,CUST-4589,2025-10-06,North America,Enterprise,Manufacturing,Web,Customer Support,8,4,2,No,"Delivery was on time, product packaging was slightly damaged."
RSP-0107,CUST-1064,2025-12-08,Europe,Mid-Market,Healthcare,Email,Product,9,4,1,Yes,The team went above and beyond to help us with our migration.
RSP-0108,CUST-1848,2025-03-10,North America,Mid-Market,Healthcare,Web,Product,8,4,3,No,"Delivery was on time, product packaging was slightly damaged."
RSP-0109,CUST-1945,2025-02-24,Asia-Pacific,Enterprise,Technology,Email,Customer Support,1,2,7,Yes,Platform UI is slow and unintuitive.
RSP-0110,CUST-2273,2025-05-20,Asia-Pacific,Enterprise,Technology,Web,Delivery,6,1,5,No,Quality has visibly degraded over the last few months.
RSP-0111,CUST-2725,2025-06-25,Asia-Pacific,Mid-Market,Technology,Phone,Delivery,0,3,4,No,Pricing is way too high for the features provided.
RSP-0112,CUST-3162,2025-09-16,Europe,Enterprise,Healthcare,Web,Customer Support,9,5,1,Yes,Best customer service team in the industry. Kudos!
RSP-0113,CUST-3057,2025-01-27,North America,Mid-Market,Technology,In-App,Pricing,0,2,14,Yes,Product keeps crashing after the latest update.
RSP-0114,CUST-4469,2025-05-22,Europe,SMB,Technology,Web,Product,10,5,3,Yes,Exceptional customer support! Issue resolved within an hour.
RSP-0115,CUST-1029,2025-06-20,Latin America,SMB,Technology,Web,Product,8,3,2,Yes,"Average experience, nothing exceptional to report."
RSP-0116,CUST-3145,2025-03-24,Asia-Pacific,Mid-Market,Finance,Email,Delivery,5,2,5,Yes,Billing error was not resolved on time.
RSP-0117,CUST-4503,2025-10-15,Latin America,Mid-Market,Technology,Email,Quality,0,3,7,No,Support response was extremely slow and unhelpful.
RSP-0118,CUST-1916,2025-02-08,Asia-Pacific,SMB,Healthcare,Web,Delivery,4,2,14,No,Delivery took twice as long as promised.
RSP-0119,CUST-1295,2025-07-09,Asia-Pacific,Mid-Market,Healthcare,Web,Product,3,1,5,Yes,Frequent downtime impacted our business operations.
RSP-0120,CUST-2213,2025-08-09,North America,Enterprise,Technology,In-App,Delivery,4,2,5,No,Delivery took twice as long as promised.
RSP-0121,CUST-1342,2025-06-07,Asia-Pacific,Enterprise,Healthcare,Web,Pricing,4,2,4,No,"Issue took over a week to resolve, very frustrating."
RSP-0122,CUST-1326,2025-07-03,North America,SMB,Finance,Phone,Delivery,2,1,5,Yes,Pricing is way too high for the features provided.
RSP-0123,CUST-3044,2025-12-08,Asia-Pacific,Mid-Market,Technology,In-App,Quality,10,5,1,Yes,Fantastic product! Has significantly improved our team productivity.
RSP-0124,CUST-3897,2025-10-14,Asia-Pacific,Mid-Market,Technology,Web,Product,5,2,7,Yes,Customer service agent was rude and transferred me three times.
RSP-0125,CUST-2266,2025-05-02,North America,SMB,Technology,Email,Quality,10,5,2,Yes,Super fast delivery and pristine quality. Highly recommended!
RSP-0126,CUST-2450,2025-07-31,Europe,Enterprise,Healthcare,Email,Product,9,5,1,Yes,Exceptional customer support! Issue resolved within an hour.
RSP-0127,CUST-2469,2025-06-20,Asia-Pacific,Enterprise,Retail,Phone,Delivery,5,2,5,No,Customer service agent was rude and transferred me three times.
RSP-0128,CUST-3032,2025-05-17,Europe,Mid-Market,Retail,Web,Customer Support,10,5,2,Yes,Super fast delivery and pristine quality. Highly recommended!
RSP-0129,CUST-1885,2025-07-15,Asia-Pacific,Mid-Market,Finance,Web,Product,10,5,1,Yes,Exceptional customer support! Issue resolved within an hour.
RSP-0130,CUST-4855,2025-04-24,North America,Mid-Market,Finance,Email,Quality,9,5,1,Yes,Great value for money and outstanding service reliability.
RSP-0131,CUST-4770,2025-06-29,Europe,SMB,Finance,Email,Customer Support,8,4,2,Yes,"Delivery was on time, product packaging was slightly damaged."
RSP-0132,CUST-2864,2025-04-25,Europe,SMB,Technology,Phone,Pricing,1,3,7,Yes,Support response was extremely slow and unhelpful.
RSP-0133,CUST-2582,2025-07-24,North America,SMB,Technology,Phone,Delivery,6,1,14,No,"Issue took over a week to resolve, very frustrating."
RSP-0134,CUST-3282,2025-02-05,Middle East & Africa,SMB,Technology,Web,Product,0,1,7,No,Quality has visibly degraded over the last few months.
RSP-0135,CUST-3876,2025-11-25,Asia-Pacific,Mid-Market,Technology,In-App,Delivery,4,1,10,No,Platform UI is slow and unintuitive.
RSP-0136,CUST-4274,2025-12-14,North America,Enterprise,Finance,Phone,Product,10,4,1,Yes,Smooth experience from purchase to setup. Very satisfied!
RSP-0137,CUST-1226,2025-03-01,Europe,Mid-Market,Healthcare,Email,Pricing,4,3,5,Yes,Quality has visibly degraded over the last few months.
RSP-0138,CUST-2462,2025-10-25,North America,Mid-Market,Healthcare,Web,Delivery,10,4,2,Yes,The team went above and beyond to help us with our migration.
RSP-0139,CUST-1313,2025-02-25,Asia-Pacific,SMB,Finance,Phone,Product,1,3,7,No,Frequent downtime impacted our business operations.
RSP-0140,CUST-4559,2025-06-26,Europe,Enterprise,Technology,Web,Delivery,2,2,4,Yes,"Issue took over a week to resolve, very frustrating."
RSP-0141,CUST-4574,2025-11-07,North America,SMB,Technology,Phone,Product,2,1,7,Yes,Platform UI is slow and unintuitive.
RSP-0142,CUST-1947,2025-07-17,North America,Mid-Market,Retail,Web,Product,8,3,2,No,"Pricing is fair, but onboarding was slightly confusing."
RSP-0143,CUST-3086,2025-01-23,North America,Mid-Market,Finance,Web,Customer Support,0,1,7,Yes,Customer service agent was rude and transferred me three times.
RSP-0144,CUST-1013,2025-09-24,North America,Enterprise,Technology,Email,Product,8,4,4,Yes,"Pricing is fair, but onboarding was slightly confusing."
RSP-0145,CUST-3983,2025-08-09,North America,Enterprise,Finance,Web,Product,10,4,1,Yes,Fantastic product! Has significantly improved our team productivity.
RSP-0146,CUST-3704,2025-11-16,Latin America,SMB,Retail,Email,Quality,1,3,7,No,"Issue took over a week to resolve, very frustrating."
RSP-0148,CUST-3533,2025-12-08,North America,SMB,Technology,Email,Quality,7,4,3,Yes,"Decent features for SMBs, but needs better reporting tools."
RSP-0149,CUST-3672,2025-07-26,North America,SMB,Manufacturing,Phone,Product,9,4,1,Yes,The team went above and beyond to help us with our migration.
RSP-0150,CUST-2042,2025-04-09,Europe,SMB,Finance,Web,Delivery,3,1,21,Yes,Customer service agent was rude and transferred me three times.
RSP-0151,CUST-4105,2025-12-13,Latin America,Mid-Market,Healthcare,Web,Delivery,8,5,3,Yes,"Average experience, nothing exceptional to report."
RSP-0152,CUST-3465,2025-07-27,Europe,SMB,Technology,Phone,Customer Support,9,4,2,Yes,Exceptional customer support! Issue resolved within an hour.
RSP-0153,CUST-3489,2025-05-27,North America,Enterprise,Manufacturing,Email,Quality,6,1,14,Yes,Pricing is way too high for the features provided.
RSP-0154,CUST-4521,2025-10-24,Europe,Mid-Market,Finance,Email,Delivery,10,5,1,Yes,Smooth experience from purchase to setup. Very satisfied!
RSP-0155,CUST-4809,2025-08-15,Asia-Pacific,Enterprise,Manufacturing,Phone,Product,2,1,7,Yes,Billing error was not resolved on time.
RSP-0156,CUST-2750,2025-09-19,Asia-Pacific,Mid-Market,Technology,Phone,Customer Support,4,1,4,No,Billing error was not resolved on time.
RSP-0157,CUST-2390,2025-12-04,Europe,Mid-Market,Retail,Web,Customer Support,10,5,1,Yes,Fantastic product! Has significantly improved our team productivity.
RSP-0158,CUST-3324,2025-09-21,North America,Mid-Market,Manufacturing,Email,Product,7,5,3,Yes,"Acceptable response time, issue was eventually fixed."
RSP-0159,CUST-1765,2025-05-01,North America,Enterprise,Manufacturing,In-App,Product,10,5,2,Yes,The team went above and beyond to help us with our migration.
RSP-0160,CUST-2840,2025-04-12,Europe,Mid-Market,Finance,Email,Product,6,2,5,No,Delivery took twice as long as promised.
RSP-0161,CUST-1200,2025-01-24,Middle East & Africa,Enterprise,Finance,Phone,Quality,3,2,10,No,Pricing is way too high for the features provided.
RSP-0162,CUST-4892,2025-11-09,Asia-Pacific,Mid-Market,Finance,Web,Customer Support,1,3,7,No,Product keeps crashing after the latest update.
RSP-0163,CUST-4730,2025-08-01,North America,Mid-Market,Healthcare,Phone,Product,9,5,1,No,Great value for money and outstanding service reliability.
RSP-0164,CUST-4145,2025-09-11,Europe,SMB,Retail,Phone,Customer Support,10,5,1,Yes,Top-tier enterprise platform with excellent security features.
RSP-0165,CUST-2998,2025-03-17,Asia-Pacific,SMB,Retail,Phone,Quality,2,2,4,Yes,Support response was extremely slow and unhelpful.
RSP-0166,CUST-1873,2025-08-06,North America,Mid-Market,Finance,Email,Delivery,2,1,5,Yes,Pricing is way too high for the features provided.
RSP-0167,CUST-2440,2025-12-23,Europe,Mid-Market,Finance,Phone,Delivery,8,4,3,Yes,"Service is okay, expecting more frequent software updates."
RSP-0168,CUST-1411,2025-10-13,North America,Mid-Market,Healthcare,Phone,Customer Support,8,4,4,Yes,"Pricing is fair, but onboarding was slightly confusing."
RSP-0169,CUST-1994,2025-08-22,Middle East & Africa,Enterprise,Technology,Email,Customer Support,10,5,3,Yes,Super fast delivery and pristine quality. Highly recommended!
RSP-0170,CUST-4806,2025-12-08,Latin America,Mid-Market,Technology,Phone,Product,6,1,10,Yes,Platform UI is slow and unintuitive.
RSP-0171,CUST-3599,2025-08-15,North America,Mid-Market,Finance,Email,Delivery,1,1,7,Yes,Frequent downtime impacted our business operations.
RSP-0172,CUST-5135,2025-08-07,Europe,SMB,Technology,Phone,Product,10,5,2,Yes,Best customer service team in the industry. Kudos!
RSP-0173,CUST-2303,2025-09-01,North America,Mid-Market,Manufacturing,Phone,Quality,9,5,1,Yes,Best customer service team in the industry. Kudos!
RSP-0174,CUST-3123,2025-05-07,Europe,SMB,Manufacturing,Email,Product,9,5,2,Yes,The team went above and beyond to help us with our migration.
RSP-0175,CUST-4969,2025-11-17,Europe,Enterprise,Finance,Phone,Customer Support,4,2,14,Yes,Pricing is way too high for the features provided.
RSP-0176,CUST-3249,2025-08-14,North America,Enterprise,Finance,Phone,Customer Support,5,1,7,Yes,Product keeps crashing after the latest update.
RSP-0177,CUST-3340,2025-05-01,Middle East & Africa,Enterprise,Finance,Email,Delivery,6,2,21,Yes,Quality has visibly degraded over the last few months.
RSP-0178,CUST-3751,2025-06-13,North America,SMB,Finance,Email,Product,2,3,4,Yes,Platform UI is slow and unintuitive.
RSP-0179,CUST-1660,2025-03-12,North America,Mid-Market,Technology,Phone,Product,9,5,1,Yes,Super fast delivery and pristine quality. Highly recommended!
RSP-0180,CUST-2894,2025-07-16,Europe,Mid-Market,Technology,Email,Customer Support,10,5,1,Yes,Super fast delivery and pristine quality. Highly recommended!
RSP-0181,CUST-2752,2025-02-02,Europe,Enterprise,Finance,In-App,Product,9,5,1,Yes,Top-tier enterprise platform with excellent security features.
RSP-0182,CUST-4339,2025-06-19,Europe,SMB,Technology,Phone,Quality,10,5,1,Yes,Best customer service team in the industry. Kudos!
RSP-0183,CUST-4406,2025-02-01,Middle East & Africa,SMB,Healthcare,Web,Customer Support,8,3,4,Yes,"Pricing is fair, but onboarding was slightly confusing."
RSP-0184,CUST-4441,2025-07-19,Asia-Pacific,SMB,Finance,Email,Delivery,2,1,4,No,Frequent downtime impacted our business operations.
RSP-0185,CUST-1160,2025-10-22,Europe,Mid-Market,Healthcare,Phone,Customer Support,8,5,3,No,"Decent features for SMBs, but needs better reporting tools."
RSP-0186,CUST-4907,2025-01-04,Asia-Pacific,Enterprise,Manufacturing,Email,Quality,5,3,14,No,"Issue took over a week to resolve, very frustrating."
RSP-0187,CUST-3446,2025-07-19,Asia-Pacific,Mid-Market,Technology,Email,Product,9,5,3,Yes,Top-tier enterprise platform with excellent security features.
RSP-0189,CUST-3235,2025-08-12,North America,Enterprise,Healthcare,Email,Product,3,3,7,No,Billing error was not resolved on time.
RSP-0190,CUST-1237,2025-07-19,Europe,Mid-Market,Healthcare,Phone,Product,8,3,3,Yes,"Acceptable response time, issue was eventually fixed."
RSP-0191,CUST-4312,2025-03-26,North America,Enterprise,Retail,Phone,Product,10,4,1,No,Best customer service team in the industry. Kudos!
RSP-0192,CUST-2045,2025-11-15,North America,Enterprise,Technology,Email,Product,9,4,1,No,Exceptional customer support! Issue resolved within an hour.
RSP-0193,CUST-4227,2025-10-31,Asia-Pacific,Mid-Market,Technology,Phone,Customer Support,7,3,4,Yes,"Product works fine, but missing key integrations."
RSP-0194,CUST-1687,2025-11-26,North America,Mid-Market,Healthcare,Web,Customer Support,9,4,1,Yes,Top-tier enterprise platform with excellent security features.
RSP-0195,CUST-2111,2025-08-25,North America,Mid-Market,Finance,Email,Customer Support,5,1,5,No,Delivery took twice as long as promised.
RSP-0196,CUST-1411,2025-05-14,Asia-Pacific,SMB,Healthcare,Email,Customer Support,7,4,2,Yes,"Decent features for SMBs, but needs better reporting tools."
RSP-0198,CUST-3677,2025-06-22,Middle East & Africa,SMB,Technology,Web,Delivery,2,2,4,No,Customer service agent was rude and transferred me three times.
RSP-0199,CUST-3279,2025-08-04,Europe,Mid-Market,Unknown,In-App,Customer Support,8,3,3,Yes,"Delivery was on time, product packaging was slightly damaged."
RSP-0200,CUST-1670,2025-08-29,Asia-Pacific,Mid-Market,Finance,Email,Product,9,4,1,Yes,Exceptional customer support! Issue resolved within an hour.
RSP-0201,CUST-1426,2025-06-29,Middle East & Africa,SMB,Healthcare,Email,Delivery,7,4,2,Yes,"Pricing is fair, but onboarding was slightly confusing."
RSP-0202,CUST-1562,2025-11-30,North America,Mid-Market,Finance,Email,Product,2,3,5,No,Support response was extremely slow and unhelpful.
RSP-0203,CUST-1254,2025-05-07,Europe,Mid-Market,Technology,Email,Customer Support,9,5,1,Yes,Great value for money and outstanding service reliability.
RSP-0204,CUST-1166,2025-11-15,Middle East & Africa,SMB,Technology,In-App,Customer Support,8,4,4,Yes,"Average experience, nothing exceptional to report."
RSP-0205,CUST-2954,2025-03-06,North America,Mid-Market,Manufacturing,Email,Delivery,4,1,7,No,Billing error was not resolved on time.
RSP-0206,CUST-1937,2025-10-16,North America,Enterprise,Technology,In-App,Customer Support,6,2,14,No,Pricing is way too high for the features provided.
RSP-0207,CUST-4809,2025-12-25,Latin America,Mid-Market,Finance,Phone,Quality,8,4,3,Yes,"Delivery was on time, product packaging was slightly damaged."
RSP-0208,CUST-4021,2025-03-27,Europe,SMB,Manufacturing,Email,Product,3,2,10,Yes,Frequent downtime impacted our business operations.
RSP-0209,CUST-1938,2025-03-25,Europe,SMB,Finance,Phone,Customer Support,8,3,3,Yes,"Delivery was on time, product packaging was slightly damaged."
RSP-0210,CUST-1885,2025-10-24,Latin America,Mid-Market,Finance,Email,Delivery,0,1,10,No,Support response was extremely slow and unhelpful.
RSP-0211,CUST-3555,2025-10-22,North America,Mid-Market,Retail,Email,Customer Support,9,5,1,Yes,Top-tier enterprise platform with excellent security features.
RSP-0212,CUST-4249,2025-04-12,Asia-Pacific,Mid-Market,Technology,Web,Product,9,5,3,Yes,Fantastic product! Has significantly improved our team productivity.
RSP-0213,CUST-2989,2025-02-22,North America,Enterprise,Technology,Web,Pricing,3,1,10,No,Quality has visibly degraded over the last few months.
RSP-0214,CUST-1991,2025-10-17,Europe,Mid-Market,Healthcare,Web,Product,8,4,4,Yes,"Product works fine, but missing key integrations."
RSP-0215,CUST-3844,2025-09-30,Europe,Mid-Market,Finance,Email,Customer Support,8,4,3,Yes,"Decent features for SMBs, but needs better reporting tools."
RSP-0216,CUST-4035,2025-02-05,Asia-Pacific,Mid-Market,Retail,Phone,Product,1,1,10,No,Platform UI is slow and unintuitive.
RSP-0217,CUST-3795,2025-01-07,Asia-Pacific,Mid-Market,Healthcare,Email,Delivery,4,1,5,Yes,Customer service agent was rude and transferred me three times.
RSP-0218,CUST-5015,2025-02-24,Asia-Pacific,SMB,Manufacturing,Phone,Delivery,6,2,4,Yes,Customer service agent was rude and transferred me three times.
RSP-0219,CUST-3967,2025-11-22,Asia-Pacific,Mid-Market,Finance,Phone,Product,7,4,2,Yes,"Service is okay, expecting more frequent software updates."
RSP-0220,CUST-2253,2025-08-11,Asia-Pacific,Mid-Market,Healthcare,Email,Pricing,2,1,14,No,Delivery took twice as long as promised.
RSP-0221,CUST-3212,2025-11-12,North America,SMB,Healthcare,Phone,Product,2,2,7,Yes,Platform UI is slow and unintuitive.
RSP-0222,CUST-4960,2025-08-27,Asia-Pacific,SMB,Technology,Phone,Product,9,5,3,Yes,Top-tier enterprise platform with excellent security features.
RSP-0223,CUST-3198,2025-06-15,North America,Mid-Market,Technology,Email,Pricing,2,1,10,Yes,Pricing is way too high for the features provided.
RSP-0224,CUST-1709,2025-05-23,Asia-Pacific,Enterprise,Healthcare,Email,Product,10,4,1,Yes,Best customer service team in the industry. Kudos!
RSP-0225,CUST-2997,2025-08-26,North America,SMB,Technology,Phone,Pricing,5,3,4,Yes,Frequent downtime impacted our business operations.
RSP-0226,CUST-4104,2025-06-22,North America,SMB,Manufacturing,Email,Customer Support,5,2,7,No,Support response was extremely slow and unhelpful.
RSP-0227,CUST-5049,2025-06-16,Europe,Mid-Market,Technology,Email,Product,6,3,7,Yes,Delivery took twice as long as promised.
RSP-0228,CUST-4994,2025-04-19,North America,SMB,Finance,Email,Customer Support,8,3,3,Yes,"Acceptable response time, issue was eventually fixed."
RSP-0229,CUST-3116,2025-06-24,North America,SMB,Retail,Phone,Delivery,4,2,7,Yes,Quality has visibly degraded over the last few months.
RSP-0230,CUST-3263,2025-10-12,Europe,SMB,Healthcare,Email,Quality,3,1,4,Yes,Support response was extremely slow and unhelpful.
RSP-0231,CUST-2565,2025-02-13,Asia-Pacific,Mid-Market,Technology,Web,Quality,9,5,1,No,Great value for money and outstanding service reliability.
RSP-0232,CUST-4329,2025-09-08,Asia-Pacific,Enterprise,Technology,Phone,Pricing,5,2,4,No,Platform UI is slow and unintuitive.
RSP-0233,CUST-2968,2025-12-20,Asia-Pacific,Mid-Market,Retail,In-App,Product,8,4,4,Yes,"Service is okay, expecting more frequent software updates."
RSP-0234,CUST-5020,2025-08-18,Europe,SMB,Healthcare,In-App,Customer Support,4,2,10,Yes,Support response was extremely slow and unhelpful.
RSP-0235,CUST-1762,2025-05-31,Asia-Pacific,SMB,Technology,In-App,Product,5,1,14,No,Pricing is way too high for the features provided.
RSP-0236,CUST-4312,2025-12-21,North America,Mid-Market,Finance,Email,Quality,9,5,3,Yes,Great value for money and outstanding service reliability.
RSP-0237,CUST-3508,2025-12-06,Middle East & Africa,Mid-Market,Finance,Email,Quality,6,1,4,Yes,Frequent downtime impacted our business operations.
RSP-0238,CUST-4023,2025-08-31,Europe,SMB,Retail,Email,Customer Support,4,3,10,Yes,Platform UI is slow and unintuitive.
RSP-0239,CUST-3816,2025-08-06,Asia-Pacific,Mid-Market,Healthcare,Web,Delivery,3,2,10,Yes,Platform UI is slow and unintuitive.
RSP-0240,CUST-3709,2025-06-30,North America,SMB,Retail,Email,Product,4,1,7,No,No feedback provided
RSP-0241,CUST-3219,2025-06-06,Europe,Mid-Market,Healthcare,Web,Delivery,10,5,1,Yes,The team went above and beyond to help us with our migration.
RSP-0242,CUST-2888,2025-03-03,North America,Mid-Market,Technology,Email,Quality,3,2,5,Yes,Pricing is way too high for the features provided.
RSP-0243,CUST-3584,2025-03-03,Asia-Pacific,Mid-Market,Technology,Email,Product,6,2,14,No,Platform UI is slow and unintuitive.
RSP-0244,CUST-2516,2025-04-09,Asia-Pacific,SMB,Finance,Email,Pricing,6,2,4,Yes,Pricing is way too high for the features provided.
RSP-0245,CUST-4966,2025-05-22,Europe,SMB,Healthcare,Email,Pricing,1,1,4,No,Frequent downtime impacted our business operations.
RSP-0246,CUST-3318,2025-02-21,Latin America,Mid-Market,Retail,Email,Pricing,7,4,2,No,"Pricing is fair, but onboarding was slightly confusing."
RSP-0247,CUST-3426,2025-04-27,Asia-Pacific,Mid-Market,Retail,Email,Quality,2,2,7,Yes,"Issue took over a week to resolve, very frustrating."
RSP-0248,CUST-2469,2025-06-04,North America,Enterprise,Healthcare,Email,Customer Support,6,1,10,Yes,Support response was extremely slow and unhelpful.
RSP-0249,CUST-2036,2025-05-21,Latin America,SMB,Finance,Phone,Quality,3,1,5,No,Support response was extremely slow and unhelpful.
RSP-0250,CUST-1446,2025-10-11,North America,Mid-Market,Manufacturing,Web,Customer Support,2,2,7,Yes,Quality has visibly degraded over the last few months.
RSP-0251,CUST-2034,2025-11-23,North America,SMB,Finance,Web,Quality,7,4,3,Yes,"Service is okay, expecting more frequent software updates."
RSP-0252,CUST-1840,2025-01-07,Europe,SMB,Finance,In-App,Delivery,6,2,7,No,Frequent downtime impacted our business operations.
RSP-0253,CUST-3329,2025-08-29,North America,Mid-Market,Technology,Email,Delivery,6,3,7,No,Billing error was not resolved on time.
RSP-0254,CUST-4608,2025-06-24,Europe,Mid-Market,Technology,Email,Delivery,4,1,4,Yes,Delivery took twice as long as promised.
RSP-0255,CUST-1420,2025-05-10,Middle East & Africa,Mid-Market,Healthcare,Email,Customer Support,6,1,7,Yes,Billing error was not resolved on time.
RSP-0256,CUST-1934,2025-02-03,North America,Enterprise,Technology,Email,Delivery,7,4,3,Yes,"Decent features for SMBs, but needs better reporting tools."
RSP-0257,CUST-5028,2025-02-07,Latin America,Mid-Market,Technology,Phone,Product,7,4,4,Yes,"Product works fine, but missing key integrations."
RSP-0258,CUST-2242,2025-03-18,Asia-Pacific,SMB,Technology,Email,Delivery,4,1,14,No,Frequent downtime impacted our business operations.
RSP-0259,CUST-3489,2025-02-13,Europe,Mid-Market,Retail,In-App,Quality,0,2,4,Yes,Pricing is way too high for the features provided.
RSP-0260,CUST-1970,2025-10-13,North America,Mid-Market,Finance,Email,Delivery,4,1,4,Yes,Customer service agent was rude and transferred me three times.
RSP-0261,CUST-2848,2025-09-25,Asia-Pacific,Enterprise,Technology,Email,Pricing,6,2,5,Yes,Customer service agent was rude and transferred me three times.
RSP-0262,CUST-4690,2025-08-15,North America,Mid-Market,Manufacturing,Phone,Quality,8,3,5,Yes,"Delivery was on time, product packaging was slightly damaged."
RSP-0263,CUST-4512,2025-06-06,Europe,Enterprise,Technology,Phone,Product,8,4,2,Yes,"Product works fine, but missing key integrations."
RSP-0264,CUST-1812,2025-04-17,Europe,Mid-Market,Finance,Phone,Quality,8,4,3,Yes,"Pricing is fair, but onboarding was slightly confusing."
RSP-0265,CUST-3167,2025-12-05,North America,SMB,Healthcare,Web,Quality,9,5,1,Yes,Fantastic product! Has significantly improved our team productivity.
RSP-0266,CUST-2286,2025-05-03,Europe,Mid-Market,Finance,Web,Customer Support,7,3,3,Yes,"Average experience, nothing exceptional to report."
RSP-0267,CUST-1614,2025-03-22,Latin America,Mid-Market,Technology,Email,Customer Support,8,4,2,Yes,"Product works fine, but missing key integrations."
RSP-0268,CUST-4346,2025-08-19,North America,Mid-Market,Unknown,Email,Product,10,5,1,Yes,Best customer service team in the industry. Kudos!
RSP-0269,CUST-3385,2025-01-17,Europe,Enterprise,Healthcare,In-App,Delivery,0,1,5,Yes,Pricing is way too high for the features provided.
RSP-0270,CUST-3360,2025-12-28,North America,SMB,Healthcare,Email,Pricing,1,3,5,No,Quality has visibly degraded over the last few months.
RSP-0271,CUST-4719,2025-02-06,Europe,SMB,Manufacturing,Email,Pricing,4,1,5,Yes,Pricing is way too high for the features provided.
RSP-0272,CUST-3167,2025-11-17,North America,Mid-Market,Healthcare,Web,Quality,6,1,5,Yes,Frequent downtime impacted our business operations.
RSP-0273,CUST-2620,2025-08-06,North America,Mid-Market,Technology,In-App,Customer Support,7,4,2,Yes,"Support resolved the issue, but communication could be better."
RSP-0274,CUST-2841,2025-11-28,Europe,Mid-Market,Healthcare,In-App,Quality,7,4,3,Yes,"Average experience, nothing exceptional to report."
RSP-0275,CUST-3176,2025-03-14,North America,Enterprise,Healthcare,Phone,Product,10,5,2,Yes,Fantastic product! Has significantly improved our team productivity.
RSP-0276,CUST-1488,2025-03-26,Latin America,Enterprise,Retail,Email,Quality,4,3,14,Yes,Quality has visibly degraded over the last few months.
RSP-0277,CUST-3364,2025-08-13,Europe,SMB,Healthcare,Web,Customer Support,7,3,2,Yes,"Support resolved the issue, but communication could be better."
RSP-0278,CUST-4839,2025-12-19,North America,Mid-Market,Healthcare,Phone,Quality,10,5,2,Yes,The team went above and beyond to help us with our migration.
RSP-0279,CUST-4297,2025-05-20,Europe,SMB,Technology,Email,Quality,6,2,14,Yes,Platform UI is slow and unintuitive.
RSP-0280,CUST-5045,2025-08-13,Latin America,Mid-Market,Healthcare,Phone,Pricing,0,2,7,No,Product keeps crashing after the latest update.
RSP-0281,CUST-1326,2025-08-10,Asia-Pacific,Enterprise,Technology,Email,Quality,4,1,21,Yes,"Issue took over a week to resolve, very frustrating."
RSP-0282,CUST-3051,2025-01-14,Middle East & Africa,Mid-Market,Retail,Email,Product,9,5,2,Yes,Fantastic product! Has significantly improved our team productivity.
RSP-0283,CUST-2875,2025-12-12,Asia-Pacific,SMB,Finance,Web,Quality,7,3,3,Yes,"Product works fine, but missing key integrations."
RSP-0284,CUST-3207,2025-10-23,Europe,Mid-Market,Technology,Email,Product,9,5,1,Yes,Exceptional customer support! Issue resolved within an hour.
RSP-0285,CUST-2435,2025-08-29,Europe,Mid-Market,Technology,Phone,Quality,8,3,2,Yes,"Service is okay, expecting more frequent software updates."
RSP-0286,CUST-3278,2025-04-03,North America,Enterprise,Technology,Web,Pricing,4,3,5,Yes,Frequent downtime impacted our business operations.
RSP-0287,CUST-4570,2025-11-22,North America,Mid-Market,Manufacturing,Phone,Delivery,6,1,14,Yes,Billing error was not resolved on time.
RSP-0288,CUST-1747,2025-08-29,Europe,Mid-Market,Finance,Email,Customer Support,5,2,10,No,"Issue took over a week to resolve, very frustrating."
RSP-0289,CUST-4345,2025-06-20,Europe,Mid-Market,Technology,Web,Product,8,4,2,Yes,"Acceptable response time, issue was eventually fixed."
RSP-0290,CUST-1856,2025-03-24,North America,SMB,Technology,Email,Delivery,0,1,10,Yes,"Issue took over a week to resolve, very frustrating."
RSP-0291,CUST-4372,2025-12-22,Asia-Pacific,Enterprise,Technology,Web,Delivery,1,1,5,No,Billing error was not resolved on time.
RSP-0292,CUST-3361,2025-12-06,North America,SMB,Retail,Phone,Pricing,3,3,4,No,Customer service agent was rude and transferred me three times.
RSP-0293,CUST-1300,2025-08-21,Europe,Mid-Market,Finance,Web,Product,4,2,7,No,Product keeps crashing after the latest update.
RSP-0294,CUST-3576,2025-05-10,Asia-Pacific,SMB,Finance,Email,Product,9,5,1,Yes,Smooth experience from purchase to setup. Very satisfied!
RSP-0295,CUST-1949,2025-07-26,Middle East & Africa,Mid-Market,Healthcare,Phone,Product,7,4,2,Yes,"Product works fine, but missing key integrations."
RSP-0296,CUST-4784,2025-07-31,Europe,SMB,Retail,Email,Customer Support,7,5,2,Yes,"Product works fine, but missing key integrations."
RSP-0297,CUST-2536,2025-09-23,Europe,Mid-Market,Technology,Phone,Customer Support,6,2,5,No,"Issue took over a week to resolve, very frustrating."
RSP-0298,CUST-5083,2025-11-17,North America,SMB,Technology,Email,Product,3,2,5,No,Billing error was not resolved on time.
RSP-0299,CUST-1422,2025-04-15,North America,Mid-Market,Technology,Email,Product,7,4,3,Yes,"Delivery was on time, product packaging was slightly damaged."
RSP-0300,CUST-2073,2025-05-28,Europe,Enterprise,Healthcare,In-App,Delivery,6,1,10,No,Billing error was not resolved on time.
RSP-0301,CUST-4970,2025-03-04,Europe,SMB,Technology,Email,Quality,9,4,1,Yes,Exceptional customer support! Issue resolved within an hour.
RSP-0302,CUST-2960,2025-12-30,North America,SMB,Healthcare,Email,Delivery,0,1,7,No,Delivery took twice as long as promised.
RSP-0303,CUST-3545,2025-10-10,Asia-Pacific,Enterprise,Retail,Web,Quality,6,1,5,Yes,Support response was extremely slow and unhelpful.
RSP-0304,CUST-4342,2025-02-17,North America,Enterprise,Healthcare,Web,Delivery,0,3,14,No,Pricing is way too high for the features provided.
RSP-0305,CUST-1929,2025-08-25,Middle East & Africa,Mid-Market,Manufacturing,Email,Delivery,2,1,4,Yes,Product keeps crashing after the latest update.
RSP-0306,CUST-2261,2025-09-13,Asia-Pacific,Mid-Market,Technology,Web,Customer Support,7,4,2,Yes,"Delivery was on time, product packaging was slightly damaged."
RSP-0307,CUST-5168,2025-12-28,Latin America,Mid-Market,Healthcare,In-App,Customer Support,2,1,4,Yes,Quality has visibly degraded over the last few months.
RSP-0308,CUST-4403,2025-09-05,Europe,Enterprise,Manufacturing,Phone,Product,8,4,2,Yes,"Service is okay, expecting more frequent software updates."
RSP-0309,CUST-2996,2025-08-22,Asia-Pacific,Mid-Market,Healthcare,Phone,Product,4,1,5,Yes,Platform UI is slow and unintuitive.
RSP-0310,CUST-2184,2025-07-16,Asia-Pacific,SMB,Retail,Web,Product,10,4,3,No,Great value for money and outstanding service reliability.
RSP-0311,CUST-5163,2025-03-11,Asia-Pacific,SMB,Finance,Email,Delivery,5,1,7,No,Product keeps crashing after the latest update.
RSP-0312,CUST-3263,2025-08-01,North America,SMB,Manufacturing,In-App,Pricing,5,3,10,Yes,"Issue took over a week to resolve, very frustrating."
RSP-0313,CUST-5159,2025-05-17,Europe,SMB,Technology,Phone,Customer Support,4,2,10,Yes,Support response was extremely slow and unhelpful.
RSP-0314,CUST-3317,2025-06-02,North America,Enterprise,Healthcare,In-App,Product,8,3,3,Yes,"Service is okay, expecting more frequent software updates."
RSP-0315,CUST-2217,2025-08-17,Asia-Pacific,Enterprise,Healthcare,Email,Delivery,6,1,5,Yes,Platform UI is slow and unintuitive.
RSP-0316,CUST-4967,2025-06-26,Latin America,SMB,Technology,Web,Delivery,4,2,14,No,"Issue took over a week to resolve, very frustrating."
RSP-0317,CUST-4090,2025-08-22,Europe,Mid-Market,Retail,Email,Customer Support,7,4,2,Yes,"Acceptable response time, issue was eventually fixed."
RSP-0318,CUST-2545,2025-12-24,Latin America,Enterprise,Healthcare,Email,Product,1,1,14,Yes,Pricing is way too high for the features provided.
RSP-0319,CUST-4137,2025-04-30,Middle East & Africa,Mid-Market,Healthcare,Phone,Delivery,7,4,3,No,"Decent features for SMBs, but needs better reporting tools."
RSP-0320,CUST-1357,2025-06-12,Latin America,SMB,Healthcare,Web,Delivery,5,1,7,Yes,Billing error was not resolved on time.
RSP-0321,CUST-4123,2025-07-17,North America,SMB,Technology,Email,Product,10,5,1,Yes,Super fast delivery and pristine quality. Highly recommended!
RSP-0322,CUST-5057,2025-01-19,Asia-Pacific,Mid-Market,Finance,Web,Customer Support,4,3,7,Yes,Delivery took twice as long as promised.
RSP-0323,CUST-5114,2025-10-30,Europe,Enterprise,Technology,Web,Product,7,3,2,No,"Acceptable response time, issue was eventually fixed."
RSP-0324,CUST-1822,2025-08-14,North America,Mid-Market,Technology,Email,Product,9,5,1,Yes,Fantastic product! Has significantly improved our team productivity.
RSP-0325,CUST-4743,2025-01-08,Asia-Pacific,SMB,Healthcare,Email,Delivery,6,2,4,Yes,Delivery took twice as long as promised.
RSP-0326,CUST-4358,2025-12-02,Latin America,SMB,Manufacturing,Web,Delivery,5,2,4,Yes,Delivery took twice as long as promised.
RSP-0327,CUST-1612,2025-08-29,Asia-Pacific,Enterprise,Retail,Phone,Pricing,0,1,7,Yes,Quality has visibly degraded over the last few months.
RSP-0328,CUST-3773,2025-11-16,Asia-Pacific,SMB,Technology,Phone,Delivery,3,3,10,No,Customer service agent was rude and transferred me three times.
RSP-0329,CUST-1657,2025-06-18,Asia-Pacific,Mid-Market,Manufacturing,Web,Customer Support,10,5,2,Yes,Top-tier enterprise platform with excellent security features.
RSP-0330,CUST-3594,2025-11-17,North America,Mid-Market,Manufacturing,Web,Customer Support,9,5,3,Yes,Best customer service team in the industry. Kudos!
RSP-0331,CUST-1294,2025-11-13,North America,Enterprise,Retail,Web,Delivery,0,2,4,No,Product keeps crashing after the latest update.
RSP-0332,CUST-2923,2025-11-20,Middle East & Africa,Mid-Market,Technology,Web,Quality,7,5,2,Yes,"Delivery was on time, product packaging was slightly damaged."
RSP-0333,CUST-2863,2025-02-16,Asia-Pacific,SMB,Technology,Web,Customer Support,7,3,4,Yes,"Decent features for SMBs, but needs better reporting tools."
RSP-0334,CUST-1806,2025-11-21,North America,Mid-Market,Retail,Web,Quality,4,2,7,No,Product keeps crashing after the latest update.
RSP-0335,CUST-4634,2025-03-27,Latin America,Enterprise,Finance,Email,Customer Support,6,1,5,Yes,Quality has visibly degraded over the last few months.
RSP-0336,CUST-1237,2025-01-24,North America,SMB,Healthcare,Email,Quality,4,1,7,Yes,"Issue took over a week to resolve, very frustrating."
RSP-0337,CUST-1459,2025-05-31,North America,Mid-Market,Manufacturing,Phone,Customer Support,8,3,3,Yes,"Acceptable response time, issue was eventually fixed."
RSP-0338,CUST-4070,2025-08-09,North America,Mid-Market,Technology,Phone,Pricing,0,2,4,No,Delivery took twice as long as promised.
RSP-0340,CUST-2475,2025-03-29,Europe,Mid-Market,Technology,Phone,Pricing,6,1,4,No,Delivery took twice as long as promised.
RSP-0341,CUST-1646,2025-11-09,North America,Enterprise,Finance,Phone,Customer Support,6,1,21,Yes,Customer service agent was rude and transferred me three times.
RSP-0342,CUST-2972,2025-09-12,Europe,SMB,Finance,Email,Product,8,5,5,Yes,"Average experience, nothing exceptional to report."
RSP-0343,CUST-2902,2025-08-25,North America,SMB,Finance,In-App,Product,8,4,3,Yes,"Delivery was on time, product packaging was slightly damaged."
RSP-0344,CUST-4764,2025-05-11,North America,Mid-Market,Technology,Phone,Pricing,4,2,4,No,Support response was extremely slow and unhelpful.
RSP-0345,CUST-4811,2025-05-28,Middle East & Africa,Enterprise,Technology,Phone,Product,9,5,1,Yes,Super fast delivery and pristine quality. Highly recommended!
RSP-0346,CUST-1605,2025-08-15,Europe,SMB,Technology,Phone,Customer Support,8,3,4,Yes,"Acceptable response time, issue was eventually fixed."
RSP-0347,CUST-3450,2025-11-24,North America,SMB,Finance,Email,Product,5,1,5,Yes,Customer service agent was rude and transferred me three times.
RSP-0348,CUST-3048,2025-08-22,Europe,SMB,Finance,Web,Product,10,5,2,Yes,The team went above and beyond to help us with our migration.
RSP-0349,CUST-2631,2025-07-16,Latin America,Mid-Market,Technology,Phone,Customer Support,9,5,1,Yes,Best customer service team in the industry. Kudos!
RSP-0350,CUST-1873,2025-05-02,Latin America,Mid-Market,Healthcare,Email,Delivery,8,4,4,Yes,"Decent features for SMBs, but needs better reporting tools."
RSP-0351,CUST-3940,2025-10-22,Europe,Enterprise,Finance,Phone,Delivery,6,3,4,No,Quality has visibly degraded over the last few months.
RSP-0352,CUST-3418,2025-01-12,North America,Mid-Market,Technology,Email,Delivery,0,3,14,Yes,Customer service agent was rude and transferred me three times.
RSP-0353,CUST-3248,2025-01-05,Asia-Pacific,Mid-Market,Finance,Email,Product,4,1,4,No,Frequent downtime impacted our business operations.
RSP-0354,CUST-1401,2025-11-07,Latin America,SMB,Finance,Email,Product,6,1,7,Yes,Billing error was not resolved on time.
RSP-0355,CUST-3344,2025-04-28,North America,Mid-Market,Retail,Web,Delivery,9,5,1,Yes,Smooth experience from purchase to setup. Very satisfied!
RSP-0356,CUST-2794,2025-11-22,Europe,SMB,Retail,Email,Delivery,5,2,4,No,Pricing is way too high for the features provided.
RSP-0357,CUST-3053,2025-12-14,Europe,SMB,Retail,Web,Delivery,6,1,7,Yes,Delivery took twice as long as promised.
RSP-0358,CUST-1795,2025-11-18,Asia-Pacific,Enterprise,Technology,Email,Product,9,5,1,Yes,Exceptional customer support! Issue resolved within an hour.
RSP-0359,CUST-3530,2025-08-14,North America,Enterprise,Technology,In-App,Product,7,3,2,Yes,"Product works fine, but missing key integrations."
RSP-0360,CUST-3988,2025-03-09,Europe,Enterprise,Technology,Email,Product,5,3,7,Yes,Product keeps crashing after the latest update.
RSP-0361,CUST-3417,2025-06-17,Europe,Mid-Market,Healthcare,Web,Customer Support,4,2,5,No,Customer service agent was rude and transferred me three times.
RSP-0362,CUST-2438,2025-04-13,Europe,Mid-Market,Technology,Phone,Product,7,3,3,Yes,"Average experience, nothing exceptional to report."
RSP-0363,CUST-3997,2025-09-29,North America,SMB,Technology,Phone,Delivery,0,2,4,Yes,Platform UI is slow and unintuitive.
RSP-0364,CUST-3232,2025-03-26,Europe,Mid-Market,Finance,Email,Product,9,5,2,Yes,The team went above and beyond to help us with our migration.
RSP-0365,CUST-4947,2025-06-01,Asia-Pacific,Mid-Market,Technology,Web,Delivery,1,3,14,Yes,"Issue took over a week to resolve, very frustrating."
RSP-0366,CUST-1943,2025-08-28,North America,Mid-Market,Retail,In-App,Product,2,3,5,Yes,Product keeps crashing after the latest update.
RSP-0367,CUST-2153,2025-04-26,Middle East & Africa,Enterprise,Finance,Email,Delivery,7,4,5,Yes,"Decent features for SMBs, but needs better reporting tools."
RSP-0368,CUST-3996,2025-02-16,North America,Enterprise,Healthcare,Email,Product,7,4,4,Yes,"Decent features for SMBs, but needs better reporting tools."
RSP-0369,CUST-1114,2025-05-16,Asia-Pacific,Enterprise,Technology,Phone,Delivery,0,2,10,Yes,Platform UI is slow and unintuitive.
RSP-0370,CUST-2012,2025-08-21,North America,SMB,Finance,Web,Customer Support,9,5,1,Yes,Smooth experience from purchase to setup. Very satisfied!
RSP-0371,CUST-3147,2025-10-27,Europe,SMB,Technology,Email,Quality,8,5,4,Yes,"Decent features for SMBs, but needs better reporting tools."
RSP-0372,CUST-4043,2025-02-25,Europe,SMB,Finance,Phone,Product,7,4,2,Yes,"Pricing is fair, but onboarding was slightly confusing."
RSP-0373,CUST-4862,2025-01-13,North America,Enterprise,Technology,Phone,Pricing,5,1,4,No,Frequent downtime impacted our business operations.
RSP-0374,CUST-3687,2025-11-09,North America,SMB,Finance,Web,Product,9,5,3,Yes,Great value for money and outstanding service reliability.
RSP-0375,CUST-1517,2025-11-22,North America,Mid-Market,Technology,Web,Product,8,4,3,Yes,"Service is okay, expecting more frequent software updates."
RSP-0376,CUST-3475,2025-11-29,Asia-Pacific,SMB,Technology,Email,Customer Support,7,4,2,Yes,"Decent features for SMBs, but needs better reporting tools."
RSP-0377,CUST-1955,2025-03-13,North America,SMB,Technology,Phone,Product,9,5,2,Yes,Exceptional customer support! Issue resolved within an hour.
RSP-0378,CUST-1304,2025-06-05,North America,SMB,Manufacturing,Web,Quality,4,2,4,Yes,Billing error was not resolved on time.
RSP-0379,CUST-1951,2025-02-19,Middle East & Africa,Mid-Market,Finance,Web,Quality,10,5,1,Yes,Great value for money and outstanding service reliability.
RSP-0380,CUST-2111,2025-07-18,North America,Enterprise,Healthcare,Web,Customer Support,6,2,5,Yes,Billing error was not resolved on time.
RSP-0381,CUST-4039,2025-12-10,Asia-Pacific,Mid-Market,Finance,Email,Quality,7,4,3,Yes,"Decent features for SMBs, but needs better reporting tools."
RSP-0382,CUST-2265,2025-08-01,Europe,Mid-Market,Manufacturing,Web,Delivery,6,1,5,Yes,Product keeps crashing after the latest update.
RSP-0383,CUST-5008,2025-11-12,Latin America,SMB,Technology,Phone,Product,10,5,1,Yes,Top-tier enterprise platform with excellent security features.
RSP-0384,CUST-3291,2025-01-17,Asia-Pacific,Mid-Market,Technology,Phone,Customer Support,9,5,3,Yes,Smooth experience from purchase to setup. Very satisfied!
RSP-0385,CUST-2779,2025-08-16,Europe,Mid-Market,Finance,Phone,Product,4,2,7,Yes,Billing error was not resolved on time.
RSP-0386,CUST-2934,2025-07-05,Asia-Pacific,Mid-Market,Finance,Web,Product,0,2,7,No,Product keeps crashing after the latest update.
RSP-0387,CUST-4009,2025-10-06,Asia-Pacific,SMB,Manufacturing,Phone,Delivery,4,1,7,Yes,"Issue took over a week to resolve, very frustrating."
RSP-0388,CUST-1496,2025-07-23,Latin America,Mid-Market,Finance,Email,Product,1,1,4,Yes,Quality has visibly degraded over the last few months.
RSP-0389,CUST-2554,2025-03-04,Latin America,SMB,Finance,Email,Quality,9,4,2,Yes,Best customer service team in the industry. Kudos!
RSP-0390,CUST-1750,2025-12-06,Asia-Pacific,SMB,Technology,In-App,Customer Support,10,5,2,Yes,Great value for money and outstanding service reliability.
RSP-0391,CUST-1174,2025-01-26,North America,Enterprise,Manufacturing,Web,Quality,10,4,1,Yes,Smooth experience from purchase to setup. Very satisfied!
RSP-0392,CUST-2995,2025-03-06,North America,Enterprise,Healthcare,Email,Product,4,1,21,No,Frequent downtime impacted our business operations.
RSP-0393,CUST-2681,2025-02-05,Middle East & Africa,Mid-Market,Technology,Web,Delivery,3,1,4,Yes,Platform UI is slow and unintuitive.
RSP-0394,CUST-2697,2025-10-28,North America,Mid-Market,Technology,Email,Quality,2,1,14,Yes,Pricing is way too high for the features provided.
RSP-0395,CUST-2908,2025-06-18,North America,Mid-Market,Technology,Phone,Quality,2,2,7,Yes,Delivery took twice as long as promised.
RSP-0396,CUST-1023,2025-05-22,Europe,Mid-Market,Healthcare,Email,Delivery,3,2,4,Yes,Delivery took twice as long as promised.
RSP-0397,CUST-2064,2025-10-04,Europe,SMB,Finance,Phone,Quality,9,5,1,Yes,The team went above and beyond to help us with our migration.
RSP-0398,CUST-2429,2025-02-26,Middle East & Africa,SMB,Healthcare,Email,Delivery,7,4,3,Yes,"Product works fine, but missing key integrations."
RSP-0399,CUST-2079,2025-01-08,North America,SMB,Healthcare,Email,Delivery,7,3,2,No,"Acceptable response time, issue was eventually fixed."
RSP-0400,CUST-2949,2025-10-29,North America,Mid-Market,Finance,Phone,Customer Support,5,2,5,No,"Issue took over a week to resolve, very frustrating."
RSP-0401,CUST-1129,2025-03-31,North America,Mid-Market,Technology,Email,Product,4,2,5,No,Quality has visibly degraded over the last few months.
RSP-0402,CUST-1429,2025-03-06,Middle East & Africa,Mid-Market,Technology,Email,Quality,5,1,7,No,Customer service agent was rude and transferred me three times.
RSP-0403,CUST-1931,2025-02-02,Asia-Pacific,Enterprise,Finance,Email,Product,10,5,1,Yes,Best customer service team in the industry. Kudos!
RSP-0404,CUST-4672,2025-07-05,Latin America,SMB,Finance,Web,Product,7,4,2,Yes,"Support resolved the issue, but communication could be better."
RSP-0405,CUST-4702,2025-09-15,Latin America,Enterprise,Technology,Email,Product,10,5,1,Yes,Great value for money and outstanding service reliability.
RSP-0406,CUST-1355,2025-12-04,North America,Mid-Market,Healthcare,Phone,Pricing,7,4,4,Yes,"Delivery was on time, product packaging was slightly damaged."
RSP-0407,CUST-4752,2025-11-26,North America,Enterprise,Technology,Phone,Customer Support,10,5,1,Yes,Exceptional customer support! Issue resolved within an hour.
RSP-0408,CUST-1498,2025-09-03,North America,Mid-Market,Healthcare,Web,Product,0,1,5,Yes,Customer service agent was rude and transferred me three times.
RSP-0409,CUST-4492,2025-12-18,Asia-Pacific,Enterprise,Finance,Email,Product,7,4,3,Yes,"Support resolved the issue, but communication could be better."
RSP-0410,CUST-5016,2025-12-31,North America,SMB,Technology,Web,Customer Support,10,5,1,Yes,Best customer service team in the industry. Kudos!
RSP-0411,CUST-1602,2025-02-11,Asia-Pacific,Mid-Market,Retail,Email,Delivery,0,3,7,No,"Issue took over a week to resolve, very frustrating."
RSP-0412,CUST-2215,2025-02-03,North America,Mid-Market,Finance,Email,Quality,10,5,2,Yes,Super fast delivery and pristine quality. Highly recommended!
RSP-0413,CUST-3252,2025-11-16,North America,SMB,Technology,Web,Customer Support,8,5,3,Yes,"Acceptable response time, issue was eventually fixed."
RSP-0414,CUST-4120,2025-11-02,North America,Mid-Market,Technology,Email,Quality,10,4,1,Yes,The team went above and beyond to help us with our migration.
RSP-0415,CUST-4716,2025-09-16,North America,Enterprise,Technology,Phone,Product,10,5,1,Yes,Top-tier enterprise platform with excellent security features.
RSP-0416,CUST-1812,2025-12-26,Europe,Mid-Market,Finance,Web,Customer Support,10,5,2,Yes,Fantastic product! Has significantly improved our team productivity.
RSP-0417,CUST-2761,2025-08-09,North America,Enterprise,Finance,Email,Delivery,8,5,5,Yes,"Service is okay, expecting more frequent software updates."
RSP-0418,CUST-2871,2025-07-31,Asia-Pacific,Mid-Market,Technology,Email,Delivery,4,2,4,No,"Issue took over a week to resolve, very frustrating."
RSP-0419,CUST-4715,2025-07-24,Europe,Mid-Market,Healthcare,Email,Customer Support,7,3,2,Yes,"Decent features for SMBs, but needs better reporting tools."
RSP-0420,CUST-1778,2025-06-10,Latin America,Mid-Market,Finance,Phone,Pricing,8,4,3,No,"Decent features for SMBs, but needs better reporting tools."
RSP-0421,CUST-3560,2025-12-07,North America,Mid-Market,Technology,Web,Quality,2,2,7,Yes,Quality has visibly degraded over the last few months.
RSP-0422,CUST-4066,2025-03-20,Middle East & Africa,Enterprise,Technology,Phone,Customer Support,1,2,7,Yes,Billing error was not resolved on time.
RSP-0423,CUST-1549,2025-02-16,North America,Mid-Market,Technology,In-App,Quality,10,5,3,Yes,Fantastic product! Has significantly improved our team productivity.
RSP-0424,CUST-1763,2025-08-10,North America,Enterprise,Technology,Web,Delivery,2,2,5,Yes,Product keeps crashing after the latest update.
RSP-0425,CUST-4052,2025-03-08,North America,SMB,Retail,Phone,Delivery,3,2,5,Yes,Platform UI is slow and unintuitive.
RSP-0426,CUST-1491,2025-10-28,North America,Mid-Market,Healthcare,Web,Product,7,4,4,Yes,"Acceptable response time, issue was eventually fixed."
RSP-0427,CUST-2001,2025-07-30,Europe,Mid-Market,Manufacturing,Email,Pricing,6,2,4,Yes,"Issue took over a week to resolve, very frustrating."
RSP-0428,CUST-4464,2025-01-27,Europe,Enterprise,Finance,In-App,Customer Support,9,4,1,Yes,The team went above and beyond to help us with our migration.
RSP-0429,CUST-3559,2025-06-30,Europe,SMB,Finance,Email,Delivery,5,1,10,No,Product keeps crashing after the latest update.
RSP-0430,CUST-5156,2025-04-19,Europe,Mid-Market,Technology,Email,Delivery,4,2,7,Yes,Delivery took twice as long as promised.
RSP-0431,CUST-4950,2025-04-25,North America,Enterprise,Technology,Web,Product,7,3,4,Yes,"Support resolved the issue, but communication could be better."
RSP-0432,CUST-3868,2025-10-12,North America,Mid-Market,Finance,In-App,Product,10,5,3,Yes,Smooth experience from purchase to setup. Very satisfied!
RSP-0433,CUST-1941,2025-05-23,Europe,Mid-Market,Finance,Phone,Customer Support,7,4,4,Yes,"Pricing is fair, but onboarding was slightly confusing."
RSP-0434,CUST-4515,2025-10-15,Asia-Pacific,Mid-Market,Retail,Phone,Delivery,9,5,2,Yes,Exceptional customer support! Issue resolved within an hour.
RSP-0435,CUST-3190,2025-01-15,Europe,Mid-Market,Finance,Email,Product,6,1,21,No,No feedback provided
RSP-0436,CUST-3238,2025-12-26,North America,SMB,Technology,Web,Quality,10,5,2,Yes,The team went above and beyond to help us with our migration.
RSP-0437,CUST-3783,2025-06-29,Middle East & Africa,Enterprise,Finance,Phone,Customer Support,3,3,4,Yes,Support response was extremely slow and unhelpful.
RSP-0438,CUST-2486,2025-03-15,North America,Mid-Market,Healthcare,Email,Product,4,1,10,No,Frequent downtime impacted our business operations.
RSP-0439,CUST-4283,2025-02-05,North America,Mid-Market,Technology,Email,Customer Support,8,3,2,Yes,"Average experience, nothing exceptional to report."
RSP-0440,CUST-1251,2025-02-16,Asia-Pacific,SMB,Technology,Email,Quality,10,5,1,Yes,Great value for money and outstanding service reliability.
RSP-0441,CUST-4081,2025-08-03,Europe,Mid-Market,Technology,Phone,Product,9,5,1,Yes,Best customer service team in the industry. Kudos!
RSP-0442,CUST-3792,2025-03-22,North America,SMB,Healthcare,Email,Customer Support,6,3,5,Yes,"Issue took over a week to resolve, very frustrating."
RSP-0443,CUST-3552,2025-06-16,North America,Mid-Market,Retail,Web,Product,5,2,14,Yes,Frequent downtime impacted our business operations.
RSP-0444,CUST-1695,2025-01-27,Europe,Mid-Market,Retail,Email,Product,9,4,1,Yes,Super fast delivery and pristine quality. Highly recommended!
RSP-0445,CUST-2289,2025-11-13,North America,Mid-Market,Healthcare,Email,Customer Support,9,5,1,Yes,Exceptional customer support! Issue resolved within an hour.
RSP-0446,CUST-1668,2025-05-20,North America,Mid-Market,Healthcare,Web,Product,1,1,7,Yes,Billing error was not resolved on time.
RSP-0447,CUST-4473,2025-09-06,Europe,Mid-Market,Retail,In-App,Product,5,1,5,No,Frequent downtime impacted our business operations.
RSP-0448,CUST-4621,2025-08-01,Asia-Pacific,Mid-Market,Retail,Email,Product,9,5,1,Yes,The team went above and beyond to help us with our migration.
RSP-0449,CUST-2765,2025-09-20,North America,SMB,Technology,In-App,Pricing,7,4,3,Yes,"Support resolved the issue, but communication could be better."
RSP-0450,CUST-3827,2025-08-09,North America,Mid-Market,Finance,Email,Delivery,3,2,14,Yes,Product keeps crashing after the latest update.
RSP-0451,CUST-3320,2025-12-14,Latin America,Mid-Market,Retail,Phone,Quality,0,2,4,No,Frequent downtime impacted our business operations.
RSP-0452,CUST-4986,2025-09-27,Middle East & Africa,Mid-Market,Technology,Web,Product,10,4,1,No,The team went above and beyond to help us with our migration.
RSP-0453,CUST-1372,2025-04-23,Europe,SMB,Technology,Web,Customer Support,8,4,3,Yes,"Decent features for SMBs, but needs better reporting tools."
RSP-0454,CUST-1448,2025-01-04,North America,SMB,Technology,Web,Product,8,4,2,Yes,"Pricing is fair, but onboarding was slightly confusing."
RSP-0455,CUST-3469,2025-04-19,North America,Mid-Market,Retail,Email,Customer Support,7,4,5,Yes,"Average experience, nothing exceptional to report."
RSP-0456,CUST-3093,2025-05-29,Europe,Enterprise,Technology,Email,Product,8,4,3,Yes,"Acceptable response time, issue was eventually fixed."
RSP-0457,CUST-1982,2025-01-04,North America,Mid-Market,Manufacturing,Email,Quality,7,4,3,Yes,"Service is okay, expecting more frequent software updates."
RSP-0458,CUST-4527,2025-03-31,North America,Mid-Market,Technology,In-App,Delivery,1,2,5,Yes,Delivery took twice as long as promised.
RSP-0459,CUST-4114,2025-09-30,Asia-Pacific,SMB,Retail,Web,Customer Support,10,5,1,Yes,Great value for money and outstanding service reliability.
RSP-0460,CUST-5098,2025-10-14,North America,Mid-Market,Finance,Phone,Product,9,5,1,Yes,Smooth experience from purchase to setup. Very satisfied!
RSP-0461,CUST-1590,2025-07-23,North America,Enterprise,Technology,Web,Pricing,6,1,5,No,Support response was extremely slow and unhelpful.
RSP-0462,CUST-4573,2025-01-10,Asia-Pacific,Enterprise,Technology,Web,Delivery,2,1,7,No,Billing error was not resolved on time.
RSP-0463,CUST-1637,2025-06-10,Middle East & Africa,Mid-Market,Healthcare,Email,Customer Support,7,4,3,Yes,"Decent features for SMBs, but needs better reporting tools."
RSP-0464,CUST-4313,2025-12-30,North America,Mid-Market,Technology,Email,Pricing,4,2,14,No,Customer service agent was rude and transferred me three times.
RSP-0465,CUST-3371,2025-02-28,Europe,SMB,Technology,Email,Delivery,6,2,5,Yes,Customer service agent was rude and transferred me three times.
RSP-0466,CUST-1170,2025-06-16,Europe,Enterprise,Finance,Web,Customer Support,9,5,1,Yes,Super fast delivery and pristine quality. Highly recommended!
RSP-0467,CUST-4769,2025-12-20,Europe,Enterprise,Technology,Email,Delivery,6,2,4,Yes,"Issue took over a week to resolve, very frustrating."
RSP-0468,CUST-1721,2025-08-12,Middle East & Africa,Enterprise,Healthcare,Phone,Customer Support,2,1,4,Yes,Product keeps crashing after the latest update.
RSP-0469,CUST-2993,2025-08-12,Europe,Enterprise,Finance,Web,Product,8,4,2,Yes,"Decent features for SMBs, but needs better reporting tools."
RSP-0470,CUST-1644,2025-07-22,Europe,SMB,Retail,Phone,Customer Support,7,4,3,Yes,"Delivery was on time, product packaging was slightly damaged."
RSP-0471,CUST-3781,2025-04-24,Asia-Pacific,Mid-Market,Healthcare,In-App,Product,6,1,10,No,"Issue took over a week to resolve, very frustrating."
RSP-0472,CUST-2377,2025-02-09,North America,Mid-Market,Healthcare,Web,Delivery,4,3,5,Yes,Platform UI is slow and unintuitive.
RSP-0473,CUST-1934,2025-09-29,Europe,SMB,Healthcare,Email,Delivery,5,1,7,No,Platform UI is slow and unintuitive.
RSP-0474,CUST-2588,2025-06-28,Europe,Mid-Market,Healthcare,Email,Quality,6,1,7,Yes,"Issue took over a week to resolve, very frustrating."
RSP-0475,CUST-2209,2025-05-01,Europe,Enterprise,Retail,In-App,Customer Support,10,4,1,Yes,Fantastic product! Has significantly improved our team productivity.
RSP-0476,CUST-2199,2025-05-12,Europe,Mid-Market,Technology,Email,Delivery,1,2,5,Yes,Pricing is way too high for the features provided.
RSP-0477,CUST-2421,2025-11-05,Europe,Mid-Market,Retail,Phone,Delivery,7,4,2,Yes,"Average experience, nothing exceptional to report."
RSP-0478,CUST-1617,2025-04-01,Latin America,Mid-Market,Technology,Email,Product,7,4,2,No,"Service is okay, expecting more frequent software updates."
RSP-0479,CUST-4800,2025-10-16,Asia-Pacific,Mid-Market,Retail,Email,Delivery,6,2,10,Yes,Frequent downtime impacted our business operations.
RSP-0480,CUST-4677,2025-12-15,Latin America,Enterprise,Retail,In-App,Product,9,4,1,Yes,Smooth experience from purchase to setup. Very satisfied!
RSP-0481,CUST-3589,2025-03-19,Europe,SMB,Finance,Phone,Quality,10,4,3,Yes,Best customer service team in the industry. Kudos!
RSP-0482,CUST-1559,2025-08-29,Asia-Pacific,Mid-Market,Technology,Phone,Customer Support,7,3,3,No,"Service is okay, expecting more frequent software updates."
RSP-0483,CUST-3480,2025-05-21,North America,Enterprise,Healthcare,Email,Quality,9,5,1,Yes,Exceptional customer support! Issue resolved within an hour.
RSP-0484,CUST-3883,2025-09-17,Europe,SMB,Unknown,Web,Customer Support,7,5,3,Yes,"Support resolved the issue, but communication could be better."
RSP-0485,CUST-3542,2025-08-25,North America,Mid-Market,Finance,Email,Product,8,4,3,Yes,"Service is okay, expecting more frequent software updates."
RSP-0486,CUST-1308,2025-01-30,Europe,Enterprise,Healthcare,Email,Product,5,1,4,Yes,"Issue took over a week to resolve, very frustrating."
RSP-0487,CUST-3351,2025-02-09,Europe,Mid-Market,Healthcare,Web,Product,8,3,2,Yes,"Support resolved the issue, but communication could be better."
RSP-0488,CUST-5153,2025-07-16,Europe,SMB,Finance,In-App,Product,2,1,4,Yes,Billing error was not resolved on time.
RSP-0489,CUST-1336,2025-08-19,Europe,Enterprise,Manufacturing,Web,Product,2,1,4,Yes,Frequent downtime impacted our business operations.
RSP-0490,CUST-2542,2025-06-14,Europe,Enterprise,Healthcare,In-App,Customer Support,10,4,1,Yes,Best customer service team in the industry. Kudos!
RSP-0491,CUST-5107,2025-03-19,North America,Enterprise,Finance,Phone,Delivery,4,1,4,Yes,Support response was extremely slow and unhelpful.
RSP-0492,CUST-4690,2025-02-22,North America,Enterprise,Manufacturing,Phone,Customer Support,6,1,5,Yes,"Issue took over a week to resolve, very frustrating."
RSP-0493,CUST-1690,2025-09-16,North America,SMB,Finance,Phone,Delivery,9,4,1,Yes,Super fast delivery and pristine quality. Highly recommended!
RSP-0494,CUST-1320,2025-05-07,Asia-Pacific,SMB,Technology,Web,Quality,3,1,5,No,Billing error was not resolved on time.
RSP-0495,CUST-4599,2025-09-26,North America,SMB,Technology,Web,Delivery,5,2,10,No,Platform UI is slow and unintuitive.
RSP-0496,CUST-2300,2025-07-06,North America,Mid-Market,Technology,Email,Customer Support,7,4,5,Yes,"Acceptable response time, issue was eventually fixed."
RSP-0497,CUST-3317,2025-07-18,Europe,Mid-Market,Technology,Email,Pricing,8,5,5,Yes,"Decent features for SMBs, but needs better reporting tools."
RSP-0498,CUST-3771,2025-12-14,North America,Mid-Market,Healthcare,Email,Delivery,5,2,4,Yes,Frequent downtime impacted our business operations.
RSP-0500,CUST-1539,2025-06-18,Asia-Pacific,Mid-Market,Retail,Web,Customer Support,8,3,2,Yes,"Support resolved the issue, but communication could be better."
RSP-0501,CUST-4166,2025-05-26,Europe,Mid-Market,Technology,Email,Delivery,3,2,4,Yes,Quality has visibly degraded over the last few months.
RSP-0502,CUST-2231,2025-06-20,Latin America,Enterprise,Healthcare,Email,Customer Support,8,4,3,No,"Support resolved the issue, but communication could be better."
RSP-0503,CUST-2158,2025-06-29,North America,Enterprise,Retail,Phone,Quality,7,4,3,Yes,"Delivery was on time, product packaging was slightly damaged."
RSP-0504,CUST-4210,2025-03-08,Latin America,Mid-Market,Technology,Email,Product,5,1,7,Yes,Frequent downtime impacted our business operations.
RSP-0505,CUST-1694,2025-06-08,Europe,Mid-Market,Technology,Email,Product,8,3,2,Yes,"Decent features for SMBs, but needs better reporting tools."
RSP-0506,CUST-3690,2025-03-07,Asia-Pacific,Enterprise,Finance,Phone,Quality,10,4,1,Yes,Fantastic product! Has significantly improved our team productivity.
RSP-0507,CUST-4468,2025-09-18,Europe,Mid-Market,Finance,Web,Pricing,10,5,1,Yes,Smooth experience from purchase to setup. Very satisfied!
RSP-0508,CUST-1149,2025-07-05,North America,Enterprise,Retail,Email,Product,3,3,7,No,Quality has visibly degraded over the last few months.
RSP-0509,CUST-2476,2025-04-20,North America,SMB,Finance,Email,Delivery,2,3,7,No,"Issue took over a week to resolve, very frustrating."
RSP-0510,CUST-4983,2025-04-09,North America,SMB,Finance,Web,Pricing,4,1,7,No,Pricing is way too high for the features provided.
RSP-0511,CUST-2126,2025-03-21,Europe,Enterprise,Healthcare,Email,Delivery,6,2,5,Yes,Product keeps crashing after the latest update.
RSP-0512,CUST-3423,2025-02-21,North America,Enterprise,Retail,In-App,Delivery,7,5,4,Yes,"Product works fine, but missing key integrations."
RSP-0513,CUST-3758,2025-11-13,Middle East & Africa,Mid-Market,Technology,Email,Delivery,1,1,5,No,Delivery took twice as long as promised.
RSP-0514,CUST-4086,2025-03-20,Latin America,Mid-Market,Retail,Web,Customer Support,4,2,14,No,Delivery took twice as long as promised.
RSP-0515,CUST-2481,2025-12-21,North America,Mid-Market,Finance,Phone,Product,6,2,14,Yes,Frequent downtime impacted our business operations.
RSP-0516,CUST-2356,2025-08-13,Middle East & Africa,Mid-Market,Finance,Web,Quality,10,3,2,Yes,Exceptional customer support! Issue resolved within an hour.
RSP-0517,CUST-4365,2025-07-06,Asia-Pacific,SMB,Finance,Email,Quality,3,1,10,Yes,Pricing is way too high for the features provided.
RSP-0518,CUST-4638,2025-11-09,Asia-Pacific,Mid-Market,Technology,Web,Customer Support,4,2,7,Yes,Quality has visibly degraded over the last few months.
RSP-0519,CUST-4677,2025-04-30,Europe,SMB,Retail,Web,Product,10,5,1,Yes,No feedback provided
RSP-0520,CUST-3535,2025-08-29,Latin America,SMB,Technology,Email,Quality,0,3,7,Yes,Pricing is way too high for the features provided.
RSP-0521,CUST-4013,2025-12-14,North America,Enterprise,Manufacturing,Email,Quality,5,1,4,Yes,Frequent downtime impacted our business operations.
RSP-0522,CUST-4609,2025-08-25,Middle East & Africa,Mid-Market,Healthcare,Email,Customer Support,7,5,3,Yes,"Delivery was on time, product packaging was slightly damaged."
RSP-0523,CUST-4128,2025-09-15,North America,SMB,Technology,Email,Customer Support,8,4,3,Yes,"Decent features for SMBs, but needs better reporting tools."
RSP-0524,CUST-2327,2025-04-13,North America,SMB,Finance,Email,Delivery,2,2,7,Yes,Frequent downtime impacted our business operations.
RSP-0525,CUST-2133,2025-05-09,Europe,SMB,Healthcare,In-App,Delivery,0,1,5,Yes,Support response was extremely slow and unhelpful.
RSP-0526,CUST-4936,2025-07-10,North America,SMB,Retail,Web,Product,3,1,10,No,Platform UI is slow and unintuitive.
RSP-0527,CUST-1840,2025-12-31,Europe,Enterprise,Healthcare,Email,Delivery,6,2,4,Yes,Platform UI is slow and unintuitive.
RSP-0528,CUST-2021,2025-05-26,Middle East & Africa,Enterprise,Technology,Email,Product,7,4,3,Yes,"Support resolved the issue, but communication could be better."
RSP-0529,CUST-2313,2025-05-20,Europe,Mid-Market,Retail,Web,Product,9,5,3,Yes,Best customer service team in the industry. Kudos!
RSP-0530,CUST-2207,2025-08-12,Middle East & Africa,SMB,Technology,Phone,Pricing,8,3,4,Yes,"Support resolved the issue, but communication could be better."
RSP-0531,CUST-2818,2025-08-19,North America,Mid-Market,Technology,Web,Delivery,8,3,3,Yes,"Acceptable response time, issue was eventually fixed."
RSP-0532,CUST-1218,2025-08-01,North America,Enterprise,Technology,Phone,Product,7,4,4,No,"Product works fine, but missing key integrations."
RSP-0533,CUST-4247,2025-09-15,Europe,Mid-Market,Technology,In-App,Product,6,1,5,Yes,"Issue took over a week to resolve, very frustrating."
RSP-0534,CUST-2931,2025-07-17,Asia-Pacific,Enterprise,Finance,Email,Product,10,4,2,Yes,Fantastic product! Has significantly improved our team productivity.
RSP-0535,CUST-4071,2025-04-25,North America,SMB,Technology,Web,Product,10,4,1,Yes,Exceptional customer support! Issue resolved within an hour.
RSP-0536,CUST-3610,2025-02-20,Latin America,SMB,Retail,In-App,Product,6,1,5,Yes,"Issue took over a week to resolve, very frustrating."
RSP-0537,CUST-2196,2025-03-12,Europe,Enterprise,Finance,Email,Delivery,5,2,10,Yes,Support response was extremely slow and unhelpful.
RSP-0538,CUST-3350,2025-08-30,North America,Mid-Market,Technology,Email,Delivery,0,1,21,No,Delivery took twice as long as promised.
RSP-0539,CUST-4842,2025-08-18,North America,Enterprise,Technology,Email,Pricing,1,2,4,No,Frequent downtime impacted our business operations.
RSP-0540,CUST-1043,2025-02-10,North America,SMB,Technology,Phone,Product,4,3,14,No,Support response was extremely slow and unhelpful.
RSP-0541,CUST-3096,2025-04-21,Europe,SMB,Technology,Email,Delivery,6,1,4,Yes,Delivery took twice as long as promised.
RSP-0542,CUST-4467,2025-02-26,Asia-Pacific,Mid-Market,Technology,Email,Product,6,2,7,No,Quality has visibly degraded over the last few months.
RSP-0543,CUST-2946,2025-06-04,North America,SMB,Technology,Phone,Quality,3,1,14,Yes,Product keeps crashing after the latest update.
RSP-0544,CUST-1391,2025-05-03,Asia-Pacific,Enterprise,Finance,Email,Product,8,3,3,Yes,"Decent features for SMBs, but needs better reporting tools."
RSP-0546,CUST-5094,2025-11-02,North America,SMB,Technology,Web,Customer Support,10,5,1,Yes,Exceptional customer support! Issue resolved within an hour.
RSP-0547,CUST-2981,2025-03-15,North America,SMB,Technology,Email,Customer Support,7,5,4,Yes,"Delivery was on time, product packaging was slightly damaged."
RSP-0548,CUST-4516,2025-01-01,Latin America,Enterprise,Technology,Phone,Product,9,5,1,Yes,Smooth experience from purchase to setup. Very satisfied!
RSP-0549,CUST-2970,2025-10-20,Middle East & Africa,Mid-Market,Healthcare,Email,Pricing,5,2,10,Yes,Customer service agent was rude and transferred me three times.
RSP-0550,CUST-2534,2025-12-07,Europe,SMB,Healthcare,Web,Pricing,6,2,10,No,Product keeps crashing after the latest update.
RSP-0551,CUST-3954,2025-02-04,North America,Enterprise,Healthcare,Web,Delivery,7,4,3,Yes,"Product works fine, but missing key integrations."
RSP-0552,CUST-4198,2025-08-29,Asia-Pacific,Mid-Market,Technology,Email,Customer Support,8,3,5,Yes,"Product works fine, but missing key integrations."
RSP-0553,CUST-4169,2025-07-11,Middle East & Africa,Mid-Market,Healthcare,In-App,Customer Support,9,5,1,Yes,The team went above and beyond to help us with our migration.
RSP-0554,CUST-1133,2025-07-02,North America,Enterprise,Technology,In-App,Product,9,5,1,Yes,Fantastic product! Has significantly improved our team productivity.
RSP-0555,CUST-3824,2025-05-04,Asia-Pacific,Mid-Market,Finance,Web,Pricing,5,1,7,Yes,Product keeps crashing after the latest update.
RSP-0556,CUST-3723,2025-03-10,Latin America,Enterprise,Technology,Web,Customer Support,7,4,4,Yes,"Product works fine, but missing key integrations."
RSP-0557,CUST-3886,2025-10-07,Latin America,Enterprise,Retail,Web,Product,7,3,4,Yes,"Acceptable response time, issue was eventually fixed."
RSP-0558,CUST-2434,2025-12-17,Europe,Enterprise,Technology,Email,Delivery,5,3,7,Yes,Billing error was not resolved on time.
RSP-0559,CUST-4920,2025-11-20,Middle East & Africa,SMB,Manufacturing,Phone,Product,1,2,4,Yes,Delivery took twice as long as promised.
RSP-0560,CUST-2104,2025-02-02,Europe,Mid-Market,Finance,Email,Delivery,6,3,10,No,Billing error was not resolved on time.
RSP-0561,CUST-1302,2025-05-31,Asia-Pacific,Mid-Market,Technology,Phone,Customer Support,8,4,3,Yes,"Pricing is fair, but onboarding was slightly confusing."
RSP-0562,CUST-1358,2025-04-13,Europe,Enterprise,Retail,Email,Product,7,4,3,Yes,"Product works fine, but missing key integrations."
RSP-0563,CUST-3585,2025-06-08,Europe,Mid-Market,Manufacturing,In-App,Delivery,3,2,4,Yes,Platform UI is slow and unintuitive.
RSP-0564,CUST-4262,2025-10-06,North America,SMB,Technology,Phone,Customer Support,8,3,5,Yes,"Service is okay, expecting more frequent software updates."
RSP-0565,CUST-3075,2025-01-19,Europe,Enterprise,Healthcare,Phone,Product,3,2,5,Yes,Pricing is way too high for the features provided.
RSP-0566,CUST-3343,2025-07-02,Europe,SMB,Technology,Phone,Product,1,1,10,Yes,Support response was extremely slow and unhelpful.
RSP-0567,CUST-3719,2025-05-20,North America,Mid-Market,Retail,Email,Delivery,0,1,7,Yes,Product keeps crashing after the latest update.
RSP-0568,CUST-4014,2025-08-12,North America,Mid-Market,Technology,Email,Product,9,3,3,Yes,Top-tier enterprise platform with excellent security features.
RSP-0569,CUST-4602,2025-07-17,Europe,SMB,Technology,Phone,Delivery,4,2,5,Yes,"Issue took over a week to resolve, very frustrating."
RSP-0570,CUST-2530,2025-09-12,Latin America,Enterprise,Healthcare,In-App,Customer Support,8,3,3,Yes,"Service is okay, expecting more frequent software updates."
RSP-0571,CUST-4009,2025-09-23,Europe,Mid-Market,Technology,Email,Pricing,3,3,4,No,Quality has visibly degraded over the last few months.
RSP-0572,CUST-1676,2025-08-06,Latin America,Mid-Market,Technology,Phone,Customer Support,7,5,3,No,"Support resolved the issue, but communication could be better."
RSP-0573,CUST-4527,2025-11-05,Europe,Enterprise,Technology,Email,Pricing,7,4,3,Yes,"Average experience, nothing exceptional to report."
RSP-0574,CUST-3406,2025-06-14,Asia-Pacific,Mid-Market,Technology,Phone,Product,6,2,4,No,Product keeps crashing after the latest update.
RSP-0575,CUST-1655,2025-06-17,North America,Enterprise,Technology,Web,Delivery,5,1,4,Yes,Quality has visibly degraded over the last few months.
RSP-0576,CUST-3510,2025-08-17,Asia-Pacific,SMB,Technology,Phone,Pricing,4,2,4,No,Frequent downtime impacted our business operations.
RSP-0577,CUST-4490,2025-03-27,Asia-Pacific,SMB,Finance,Email,Pricing,2,1,10,No,Billing error was not resolved on time.
RSP-0578,CUST-3879,2025-08-17,Latin America,Enterprise,Retail,Web,Product,7,4,3,No,"Product works fine, but missing key integrations."
RSP-0579,CUST-3888,2025-11-11,Europe,SMB,Manufacturing,Email,Quality,6,3,4,No,Customer service agent was rude and transferred me three times.
RSP-0580,CUST-3249,2025-11-24,North America,Mid-Market,Finance,Email,Customer Support,7,4,2,Yes,"Product works fine, but missing key integrations."
RSP-0581,CUST-1614,2025-12-10,North America,Mid-Market,Technology,Email,Delivery,0,2,14,Yes,Customer service agent was rude and transferred me three times.
RSP-0582,CUST-3976,2025-09-20,Europe,Mid-Market,Healthcare,Web,Delivery,5,1,7,No,Delivery took twice as long as promised.
RSP-0583,CUST-1255,2025-03-15,North America,Mid-Market,Manufacturing,Phone,Delivery,9,5,1,Yes,Best customer service team in the industry. Kudos!
RSP-0584,CUST-1285,2025-03-06,Latin America,Mid-Market,Healthcare,Email,Pricing,6,1,14,Yes,Product keeps crashing after the latest update.
RSP-0585,CUST-2933,2025-11-27,North America,Mid-Market,Healthcare,Web,Product,9,5,1,No,Smooth experience from purchase to setup. Very satisfied!
RSP-0586,CUST-3966,2025-07-16,Europe,Mid-Market,Healthcare,Web,Delivery,2,1,5,No,Frequent downtime impacted our business operations.
RSP-0587,CUST-1265,2025-11-06,Europe,Enterprise,Technology,Email,Pricing,3,3,7,Yes,Delivery took twice as long as promised.
RSP-0588,CUST-4685,2025-07-09,Latin America,Mid-Market,Finance,In-App,Product,2,2,5,Yes,"Issue took over a week to resolve, very frustrating."
RSP-0589,CUST-4636,2025-02-09,North America,Enterprise,Retail,Email,Delivery,6,1,4,No,Frequent downtime impacted our business operations.
RSP-0590,CUST-2127,2025-09-29,North America,SMB,Retail,Phone,Customer Support,7,4,4,No,"Acceptable response time, issue was eventually fixed."
RSP-0591,CUST-4260,2025-06-10,North America,Mid-Market,Manufacturing,In-App,Delivery,4,1,21,Yes,Quality has visibly degraded over the last few months.
RSP-0592,CUST-3044,2025-02-28,Europe,Mid-Market,Technology,Email,Pricing,0,2,4,Yes,Support response was extremely slow and unhelpful.
RSP-0593,CUST-2524,2025-09-13,Europe,Mid-Market,Technology,Email,Product,6,3,14,Yes,Platform UI is slow and unintuitive.
RSP-0594,CUST-4170,2025-10-15,Europe,SMB,Technology,Web,Pricing,0,1,21,Yes,Product keeps crashing after the latest update.
RSP-0595,CUST-3144,2025-05-14,North America,Mid-Market,Healthcare,Web,Customer Support,10,5,1,Yes,Best customer service team in the industry. Kudos!
RSP-0596,CUST-2757,2025-11-10,Europe,Enterprise,Manufacturing,Web,Delivery,6,3,7,No,Quality has visibly degraded over the last few months.
RSP-0597,CUST-5023,2025-04-13,Europe,SMB,Finance,Email,Quality,3,1,5,Yes,Product keeps crashing after the latest update.
RSP-0598,CUST-2111,2025-02-07,Asia-Pacific,Mid-Market,Retail,Phone,Delivery,7,3,2,Yes,"Service is okay, expecting more frequent software updates."
RSP-0599,CUST-2414,2025-08-16,North America,Enterprise,Finance,Phone,Delivery,10,5,2,Yes,Fantastic product! Has significantly improved our team productivity.
RSP-0600,CUST-3618,2025-12-08,Europe,SMB,Finance,Web,Delivery,0,2,5,No,"Issue took over a week to resolve, very frustrating."
RSP-0601,CUST-1531,2025-10-09,North America,SMB,Manufacturing,Email,Delivery,8,5,3,Yes,"Delivery was on time, product packaging was slightly damaged."
RSP-0602,CUST-3457,2025-03-22,Europe,Mid-Market,Technology,Web,Product,1,1,5,Yes,Delivery took twice as long as promised.
RSP-0603,CUST-3961,2025-09-18,Europe,Mid-Market,Technology,Email,Pricing,4,1,7,No,Pricing is way too high for the features provided.
RSP-0604,CUST-1994,2025-04-13,North America,Mid-Market,Finance,Phone,Product,9,4,1,Yes,Super fast delivery and pristine quality. Highly recommended!
RSP-0605,CUST-2939,2025-09-10,North America,SMB,Technology,Web,Delivery,2,1,21,Yes,Support response was extremely slow and unhelpful.
RSP-0606,CUST-3956,2025-10-11,North America,Mid-Market,Finance,Phone,Product,6,1,5,Yes,Frequent downtime impacted our business operations.
RSP-0607,CUST-4022,2025-08-28,Asia-Pacific,Enterprise,Healthcare,Email,Pricing,9,5,1,Yes,Super fast delivery and pristine quality. Highly recommended!
RSP-0608,CUST-1706,2025-02-03,North America,Mid-Market,Healthcare,Web,Quality,9,5,1,Yes,The team went above and beyond to help us with our migration.
RSP-0609,CUST-4261,2025-09-03,North America,SMB,Technology,Email,Delivery,6,2,5,No,Platform UI is slow and unintuitive.
RSP-0610,CUST-4365,2025-07-29,North America,Mid-Market,Finance,Web,Pricing,2,2,7,No,Frequent downtime impacted our business operations.
RSP-0611,CUST-1604,2025-03-06,North America,SMB,Finance,Email,Delivery,3,2,14,Yes,"Issue took over a week to resolve, very frustrating."
RSP-0612,CUST-1607,2025-08-19,Europe,Mid-Market,Technology,Email,Delivery,3,1,7,Yes,Billing error was not resolved on time.
RSP-0613,CUST-3822,2025-03-07,North America,Mid-Market,Technology,In-App,Quality,8,3,4,Yes,"Average experience, nothing exceptional to report."
RSP-0614,CUST-2057,2025-08-10,Asia-Pacific,Enterprise,Finance,Web,Customer Support,8,4,3,Yes,"Product works fine, but missing key integrations."
RSP-0615,CUST-2017,2025-09-23,Europe,Enterprise,Healthcare,Email,Customer Support,3,2,10,Yes,Delivery took twice as long as promised.
RSP-0616,CUST-3491,2025-03-26,North America,Enterprise,Retail,Phone,Delivery,1,2,14,No,Delivery took twice as long as promised.
RSP-0617,CUST-3643,2025-12-30,Europe,Enterprise,Technology,Email,Product,3,1,5,No,Pricing is way too high for the features provided.
RSP-0618,CUST-3834,2025-09-23,Europe,SMB,Finance,Email,Customer Support,6,2,5,No,No feedback provided
RSP-0619,CUST-1646,2025-05-09,North America,Mid-Market,Manufacturing,Email,Customer Support,9,5,3,No,Great value for money and outstanding service reliability.
RSP-0620,CUST-3248,2025-03-06,North America,SMB,Finance,Phone,Product,9,5,3,Yes,The team went above and beyond to help us with our migration.
RSP-0621,CUST-1765,2025-09-15,North America,Mid-Market,Retail,Web,Delivery,0,1,7,No,Delivery took twice as long as promised.
RSP-0622,CUST-2263,2025-03-29,Europe,Mid-Market,Healthcare,Email,Pricing,3,2,5,No,Frequent downtime impacted our business operations.
RSP-0623,CUST-3765,2025-10-16,Europe,SMB,Technology,Email,Product,9,4,1,Yes,Exceptional customer support! Issue resolved within an hour.
RSP-0624,CUST-1232,2025-02-11,Latin America,Mid-Market,Healthcare,Email,Customer Support,9,5,1,Yes,Exceptional customer support! Issue resolved within an hour.
RSP-0625,CUST-3168,2025-11-30,Latin America,Enterprise,Finance,Email,Product,10,5,2,Yes,Great value for money and outstanding service reliability.
RSP-0626,CUST-4412,2025-11-13,Asia-Pacific,Mid-Market,Technology,Phone,Product,9,5,1,Yes,Exceptional customer support! Issue resolved within an hour.
RSP-0627,CUST-5079,2025-11-18,North America,Enterprise,Finance,Web,Product,1,2,10,Yes,Platform UI is slow and unintuitive.
RSP-0628,CUST-3372,2025-11-25,North America,Mid-Market,Technology,Email,Customer Support,8,4,4,Yes,"Delivery was on time, product packaging was slightly damaged."
RSP-0629,CUST-4956,2025-05-06,North America,Mid-Market,Technology,Email,Customer Support,10,5,1,Yes,Top-tier enterprise platform with excellent security features.
RSP-0630,CUST-3436,2025-08-21,North America,SMB,Finance,Phone,Quality,8,4,2,Yes,"Support resolved the issue, but communication could be better."
RSP-0631,CUST-1490,2025-03-22,Asia-Pacific,Mid-Market,Finance,Email,Pricing,0,2,4,No,Billing error was not resolved on time.
RSP-0632,CUST-4404,2025-09-05,North America,Enterprise,Healthcare,In-App,Product,4,2,7,No,Billing error was not resolved on time.
RSP-0633,CUST-2671,2025-06-24,North America,Mid-Market,Technology,Email,Customer Support,8,4,3,Yes,"Average experience, nothing exceptional to report."
RSP-0634,CUST-3560,2025-06-13,Europe,SMB,Technology,Email,Delivery,5,1,14,Yes,"Issue took over a week to resolve, very frustrating."
RSP-0635,CUST-4266,2025-03-08,Latin America,Enterprise,Finance,In-App,Product,10,5,3,Yes,Smooth experience from purchase to setup. Very satisfied!
RSP-0636,CUST-1869,2025-06-13,North America,Enterprise,Technology,Email,Product,3,1,10,Yes,Pricing is way too high for the features provided.
RSP-0637,CUST-4821,2025-03-04,North America,Mid-Market,Technology,Email,Product,10,5,1,Yes,The team went above and beyond to help us with our migration.
RSP-0638,CUST-4683,2025-05-07,Europe,Mid-Market,Finance,Phone,Product,1,2,14,Yes,Delivery took twice as long as promised.
RSP-0639,CUST-1793,2025-01-26,Asia-Pacific,SMB,Technology,Web,Customer Support,10,5,1,Yes,The team went above and beyond to help us with our migration.
RSP-0640,CUST-4146,2025-11-12,Asia-Pacific,Enterprise,Retail,In-App,Delivery,6,1,5,Yes,Customer service agent was rude and transferred me three times.
RSP-0641,CUST-3033,2025-03-23,Asia-Pacific,SMB,Manufacturing,Email,Quality,8,4,2,Yes,"Acceptable response time, issue was eventually fixed."
RSP-0642,CUST-3561,2025-04-08,Latin America,Mid-Market,Finance,Email,Customer Support,0,1,7,Yes,Delivery took twice as long as promised.
RSP-0643,CUST-5081,2025-09-21,Asia-Pacific,Enterprise,Finance,Email,Customer Support,3,1,14,Yes,Billing error was not resolved on time.
RSP-0644,CUST-5085,2025-06-07,Asia-Pacific,SMB,Technology,Email,Customer Support,10,5,1,Yes,Best customer service team in the industry. Kudos!
RSP-0645,CUST-1189,2025-02-16,North America,SMB,Manufacturing,Email,Product,3,1,10,Yes,Customer service agent was rude and transferred me three times.
RSP-0646,CUST-5140,2025-08-23,North America,Mid-Market,Manufacturing,Phone,Delivery,1,3,10,Yes,Pricing is way too high for the features provided.
RSP-0647,CUST-2762,2025-10-26,North America,Enterprise,Technology,Phone,Pricing,5,2,5,No,"Issue took over a week to resolve, very frustrating."
RSP-0648,CUST-1398,2025-01-26,Asia-Pacific,Enterprise,Healthcare,Phone,Product,7,4,5,Yes,"Delivery was on time, product packaging was slightly damaged."
RSP-0649,CUST-5054,2025-11-02,Asia-Pacific,Mid-Market,Retail,Phone,Quality,6,2,7,Yes,Billing error was not resolved on time.
RSP-0650,CUST-3340,2025-10-02,North America,Enterprise,Technology,Web,Product,5,2,5,Yes,Support response was extremely slow and unhelpful.
RSP-0651,CUST-1880,2025-08-09,North America,SMB,Retail,Web,Delivery,7,3,2,Yes,"Average experience, nothing exceptional to report."
RSP-0652,CUST-3166,2025-07-07,Europe,Mid-Market,Healthcare,Email,Delivery,6,1,10,Yes,Customer service agent was rude and transferred me three times.
RSP-0653,CUST-3997,2025-01-24,Asia-Pacific,Mid-Market,Technology,Email,Customer Support,9,5,1,Yes,Top-tier enterprise platform with excellent security features.
RSP-0654,CUST-1419,2025-10-19,Europe,Mid-Market,Healthcare,Email,Customer Support,7,5,3,Yes,"Pricing is fair, but onboarding was slightly confusing."
RSP-0655,CUST-3969,2025-10-11,Europe,SMB,Retail,Phone,Customer Support,8,4,2,Yes,"Delivery was on time, product packaging was slightly damaged."
RSP-0656,CUST-1602,2025-07-17,North America,SMB,Technology,In-App,Customer Support,8,4,2,Yes,"Service is okay, expecting more frequent software updates."
RSP-0657,CUST-3291,2025-11-16,North America,Mid-Market,Healthcare,Web,Product,4,1,14,No,Frequent downtime impacted our business operations.
RSP-0658,CUST-1973,2025-03-07,Europe,Mid-Market,Technology,In-App,Customer Support,6,2,4,No,Product keeps crashing after the latest update.
RSP-0659,CUST-4226,2025-07-11,North America,Mid-Market,Technology,Web,Quality,8,4,4,Yes,"Acceptable response time, issue was eventually fixed."
RSP-0660,CUST-3995,2025-03-15,North America,Enterprise,Manufacturing,Email,Customer Support,9,5,1,Yes,Great value for money and outstanding service reliability.
RSP-0661,CUST-5170,2025-07-25,Europe,Enterprise,Technology,Web,Pricing,3,1,4,No,Platform UI is slow and unintuitive.
RSP-0662,CUST-1329,2025-01-24,Asia-Pacific,Enterprise,Technology,Web,Customer Support,1,2,5,Yes,Support response was extremely slow and unhelpful.
RSP-0663,CUST-2122,2025-06-20,Asia-Pacific,SMB,Healthcare,In-App,Delivery,7,4,4,No,"Service is okay, expecting more frequent software updates."
RSP-0664,CUST-4743,2025-03-18,North America,SMB,Retail,Web,Product,9,5,1,Yes,Super fast delivery and pristine quality. Highly recommended!
RSP-0665,CUST-3686,2025-11-10,North America,Enterprise,Healthcare,Phone,Customer Support,0,3,4,Yes,"Issue took over a week to resolve, very frustrating."
RSP-0666,CUST-2331,2025-07-21,North America,Mid-Market,Manufacturing,Phone,Quality,0,2,7,Yes,Frequent downtime impacted our business operations.
RSP-0667,CUST-3451,2025-10-31,North America,Mid-Market,Healthcare,Web,Delivery,1,2,4,No,"Issue took over a week to resolve, very frustrating."
RSP-0668,CUST-5155,2025-09-18,Europe,Enterprise,Manufacturing,Phone,Product,8,4,4,Yes,"Service is okay, expecting more frequent software updates."
RSP-0669,CUST-3455,2025-09-01,Middle East & Africa,Mid-Market,Healthcare,Web,Product,8,4,2,Yes,"Product works fine, but missing key integrations."
RSP-0670,CUST-4017,2025-06-19,Asia-Pacific,SMB,Technology,Email,Product,10,4,2,Yes,Fantastic product! Has significantly improved our team productivity.
RSP-0671,CUST-4412,2025-10-26,Europe,Mid-Market,Retail,Email,Customer Support,5,2,14,Yes,Quality has visibly degraded over the last few months.
RSP-0672,CUST-1218,2025-11-02,Latin America,Mid-Market,Technology,Phone,Product,9,5,1,Yes,Best customer service team in the industry. Kudos!
RSP-0673,CUST-3175,2025-12-02,Asia-Pacific,SMB,Healthcare,In-App,Customer Support,7,4,3,Yes,"Pricing is fair, but onboarding was slightly confusing."
RSP-0674,CUST-1420,2025-10-26,Europe,SMB,Retail,Email,Delivery,5,2,5,No,Billing error was not resolved on time.
RSP-0675,CUST-2396,2025-09-26,Europe,Mid-Market,Technology,Email,Pricing,3,1,7,Yes,Frequent downtime impacted our business operations.
RSP-0676,CUST-4114,2025-03-17,North America,Mid-Market,Healthcare,Phone,Delivery,4,3,5,Yes,Pricing is way too high for the features provided.
RSP-0677,CUST-1258,2025-10-21,North America,Mid-Market,Finance,Email,Customer Support,0,1,10,Yes,Product keeps crashing after the latest update.
RSP-0678,CUST-2562,2025-01-10,Europe,Enterprise,Finance,Email,Quality,3,3,5,No,Billing error was not resolved on time.
RSP-0679,CUST-3569,2025-08-03,North America,SMB,Technology,Email,Delivery,0,1,14,No,Delivery took twice as long as promised.
RSP-0680,CUST-4382,2025-12-20,North America,SMB,Healthcare,Email,Customer Support,9,3,1,Yes,Great value for money and outstanding service reliability.
RSP-0681,CUST-4361,2025-09-14,North America,Enterprise,Technology,In-App,Quality,8,4,3,Yes,"Service is okay, expecting more frequent software updates."
RSP-0682,CUST-1510,2025-12-28,North America,Mid-Market,Finance,Phone,Product,0,1,5,No,Delivery took twice as long as promised.
RSP-0683,CUST-2698,2025-10-15,Europe,SMB,Healthcare,Email,Product,10,5,1,Yes,Smooth experience from purchase to setup. Very satisfied!
RSP-0684,CUST-4918,2025-09-27,Europe,Mid-Market,Manufacturing,Phone,Customer Support,1,1,4,Yes,Customer service agent was rude and transferred me three times.
RSP-0686,CUST-3804,2025-10-07,Europe,Mid-Market,Manufacturing,Email,Product,1,2,4,No,"Issue took over a week to resolve, very frustrating."
RSP-0687,CUST-3165,2025-11-09,Europe,Mid-Market,Finance,Email,Product,6,2,5,Yes,Billing error was not resolved on time.
RSP-0688,CUST-2575,2025-05-07,Middle East & Africa,Enterprise,Retail,Web,Product,3,1,7,Yes,Quality has visibly degraded over the last few months.
RSP-0689,CUST-3445,2025-04-26,Asia-Pacific,SMB,Finance,Email,Product,10,5,1,Yes,The team went above and beyond to help us with our migration.
RSP-0690,CUST-3367,2025-12-27,Europe,SMB,Finance,Email,Pricing,2,1,5,Yes,Pricing is way too high for the features provided.
RSP-0691,CUST-5005,2025-06-12,Europe,Enterprise,Healthcare,Email,Quality,9,4,1,Yes,Best customer service team in the industry. Kudos!
RSP-0692,CUST-3857,2025-10-14,North America,SMB,Finance,Email,Delivery,1,2,4,No,Quality has visibly degraded over the last few months.
RSP-0693,CUST-3357,2025-03-04,Asia-Pacific,Mid-Market,Finance,In-App,Customer Support,4,1,10,Yes,Frequent downtime impacted our business operations.
RSP-0694,CUST-4110,2025-07-22,Europe,SMB,Retail,In-App,Product,8,4,4,Yes,"Acceptable response time, issue was eventually fixed."
RSP-0695,CUST-2199,2025-05-29,North America,SMB,Finance,Email,Delivery,1,1,4,Yes,Support response was extremely slow and unhelpful.
RSP-0696,CUST-3356,2025-02-10,Europe,Mid-Market,Finance,Web,Product,3,3,4,No,"Issue took over a week to resolve, very frustrating."
RSP-0697,CUST-4623,2025-12-02,Asia-Pacific,Mid-Market,Manufacturing,Email,Delivery,6,1,14,Yes,Quality has visibly degraded over the last few months.
RSP-0698,CUST-4924,2025-04-20,Europe,Mid-Market,Finance,Email,Delivery,8,3,4,Yes,"Pricing is fair, but onboarding was slightly confusing."
RSP-0699,CUST-3221,2025-10-15,Asia-Pacific,SMB,Technology,Phone,Quality,6,3,7,Yes,Quality has visibly degraded over the last few months.
RSP-0700,CUST-2124,2025-02-25,North America,SMB,Technology,Web,Quality,5,1,10,Yes,Frequent downtime impacted our business operations.
RSP-0701,CUST-2960,2025-05-05,Asia-Pacific,Mid-Market,Healthcare,Web,Delivery,4,1,5,Yes,Support response was extremely slow and unhelpful.
RSP-0702,CUST-2848,2025-11-23,Asia-Pacific,Mid-Market,Healthcare,Web,Product,6,3,10,Yes,Pricing is way too high for the features provided.
RSP-0703,CUST-1430,2025-02-21,Europe,Enterprise,Finance,Phone,Customer Support,7,3,2,No,"Decent features for SMBs, but needs better reporting tools."
RSP-0704,CUST-3705,2025-08-30,Europe,Mid-Market,Technology,Email,Customer Support,8,4,2,Yes,"Support resolved the issue, but communication could be better."
RSP-0705,CUST-2126,2025-01-03,North America,Enterprise,Healthcare,Email,Product,8,4,4,Yes,"Average experience, nothing exceptional to report."
RSP-0706,CUST-4333,2025-12-01,North America,Mid-Market,Manufacturing,Phone,Customer Support,0,2,4,Yes,Billing error was not resolved on time.
RSP-0707,CUST-4911,2025-11-30,Latin America,SMB,Healthcare,Phone,Pricing,6,1,7,Yes,Pricing is way too high for the features provided.
RSP-0708,CUST-3353,2025-06-14,Europe,Mid-Market,Finance,Email,Product,8,4,3,Yes,"Delivery was on time, product packaging was slightly damaged."
RSP-0709,CUST-1484,2025-02-15,Latin America,SMB,Technology,Email,Customer Support,9,5,2,Yes,Great value for money and outstanding service reliability.
RSP-0710,CUST-1305,2025-03-31,Europe,Enterprise,Technology,Phone,Customer Support,8,4,2,Yes,"Decent features for SMBs, but needs better reporting tools."
RSP-0711,CUST-2440,2025-01-19,North America,Mid-Market,Finance,Web,Pricing,2,2,5,Yes,Customer service agent was rude and transferred me three times.
RSP-0712,CUST-5058,2025-04-06,Asia-Pacific,Mid-Market,Retail,Email,Quality,1,3,5,Yes,Quality has visibly degraded over the last few months.
RSP-0713,CUST-1306,2025-01-05,Europe,SMB,Technology,Email,Quality,5,1,5,Yes,Quality has visibly degraded over the last few months.
RSP-0714,CUST-1879,2025-06-21,Latin America,SMB,Unknown,In-App,Delivery,0,1,5,Yes,Quality has visibly degraded over the last few months.
RSP-0715,CUST-4722,2025-11-25,Latin America,SMB,Technology,Phone,Customer Support,10,5,1,Yes,Best customer service team in the industry. Kudos!
RSP-0716,CUST-2099,2025-09-16,Europe,Mid-Market,Technology,Email,Customer Support,6,1,10,Yes,Billing error was not resolved on time.
RSP-0717,CUST-3235,2025-04-09,Europe,Mid-Market,Manufacturing,Phone,Product,8,4,5,Yes,"Support resolved the issue, but communication could be better."
RSP-0718,CUST-3708,2025-03-25,North America,SMB,Technology,Phone,Delivery,0,1,5,No,Billing error was not resolved on time.
RSP-0719,CUST-3107,2025-04-06,Latin America,Mid-Market,Retail,Email,Customer Support,2,3,10,No,Support response was extremely slow and unhelpful.
RSP-0720,CUST-3761,2025-06-01,Asia-Pacific,Mid-Market,Manufacturing,Web,Pricing,5,1,7,Yes,Frequent downtime impacted our business operations.
RSP-0721,CUST-2582,2025-03-31,Europe,Mid-Market,Finance,Email,Product,8,5,3,Yes,"Decent features for SMBs, but needs better reporting tools."
RSP-0722,CUST-4503,2025-09-21,Asia-Pacific,Mid-Market,Technology,Email,Product,10,4,1,Yes,Smooth experience from purchase to setup. Very satisfied!
RSP-0723,CUST-1710,2025-07-25,North America,SMB,Technology,Email,Delivery,0,1,10,No,Product keeps crashing after the latest update.
RSP-0724,CUST-2513,2025-03-13,Latin America,SMB,Finance,Email,Quality,9,5,1,Yes,Best customer service team in the industry. Kudos!
RSP-0725,CUST-3650,2025-05-08,Asia-Pacific,SMB,Manufacturing,Email,Product,5,2,4,Yes,Support response was extremely slow and unhelpful.
RSP-0726,CUST-3136,2025-07-16,Middle East & Africa,Enterprise,Retail,Email,Quality,7,5,5,Yes,"Pricing is fair, but onboarding was slightly confusing."
RSP-0727,CUST-4659,2025-05-17,North America,Mid-Market,Finance,In-App,Delivery,6,1,10,No,"Issue took over a week to resolve, very frustrating."
RSP-0728,CUST-3473,2025-10-26,North America,Mid-Market,Technology,Phone,Delivery,1,1,5,Yes,Frequent downtime impacted our business operations.
RSP-0729,CUST-1093,2025-05-14,Europe,Enterprise,Finance,Web,Delivery,0,2,21,Yes,"Issue took over a week to resolve, very frustrating."
RSP-0730,CUST-2935,2025-02-01,North America,Enterprise,Finance,Email,Delivery,6,2,5,Yes,Product keeps crashing after the latest update.
RSP-0731,CUST-4812,2025-06-07,Europe,Enterprise,Technology,In-App,Product,9,5,1,Yes,Super fast delivery and pristine quality. Highly recommended!
RSP-0732,CUST-4321,2025-12-18,Europe,SMB,Manufacturing,Web,Product,9,5,1,Yes,The team went above and beyond to help us with our migration.
RSP-0733,CUST-1961,2025-11-24,North America,SMB,Healthcare,Email,Delivery,8,4,2,Yes,"Delivery was on time, product packaging was slightly damaged."
RSP-0734,CUST-4010,2025-11-11,North America,SMB,Finance,Phone,Customer Support,7,4,3,Yes,"Pricing is fair, but onboarding was slightly confusing."
RSP-0735,CUST-2795,2025-03-10,North America,Mid-Market,Manufacturing,Email,Quality,8,3,2,Yes,"Service is okay, expecting more frequent software updates."
RSP-0736,CUST-2254,2025-08-21,Asia-Pacific,Enterprise,Healthcare,Phone,Customer Support,3,1,7,Yes,Frequent downtime impacted our business operations.
RSP-0737,CUST-4060,2025-08-01,Asia-Pacific,Enterprise,Unknown,Web,Customer Support,9,5,1,Yes,Best customer service team in the industry. Kudos!
RSP-0738,CUST-2789,2025-05-07,Europe,Mid-Market,Technology,In-App,Customer Support,2,1,10,No,Frequent downtime impacted our business operations.
RSP-0739,CUST-1670,2025-09-27,Europe,SMB,Technology,Email,Quality,9,5,2,Yes,Best customer service team in the industry. Kudos!
RSP-0740,CUST-3963,2025-02-09,Latin America,Mid-Market,Unknown,Email,Delivery,2,1,4,Yes,Frequent downtime impacted our business operations.
RSP-0741,CUST-1919,2025-02-01,Europe,Mid-Market,Technology,Web,Quality,8,4,4,Yes,"Pricing is fair, but onboarding was slightly confusing."
RSP-0742,CUST-2227,2025-03-26,North America,Mid-Market,Retail,Email,Product,3,3,7,Yes,"Issue took over a week to resolve, very frustrating."
RSP-0743,CUST-4619,2025-03-01,Europe,Mid-Market,Finance,Email,Quality,4,2,4,Yes,Pricing is way too high for the features provided.
RSP-0744,CUST-5004,2025-02-16,North America,Mid-Market,Technology,Web,Product,9,5,1,Yes,Best customer service team in the industry. Kudos!
RSP-0745,CUST-1455,2025-08-21,Europe,Mid-Market,Retail,Email,Customer Support,9,5,1,Yes,Super fast delivery and pristine quality. Highly recommended!
RSP-0746,CUST-4403,2025-08-22,Asia-Pacific,SMB,Healthcare,Phone,Pricing,0,1,10,No,Frequent downtime impacted our business operations.
RSP-0747,CUST-1472,2025-10-14,Asia-Pacific,Mid-Market,Technology,Phone,Product,6,2,4,No,Billing error was not resolved on time.
RSP-0748,CUST-3524,2025-01-12,Europe,Mid-Market,Technology,Email,Product,10,5,1,Yes,Top-tier enterprise platform with excellent security features.
RSP-0749,CUST-3084,2025-01-02,Latin America,Mid-Market,Technology,Phone,Pricing,0,1,14,Yes,Pricing is way too high for the features provided.
RSP-0750,CUST-1598,2025-01-24,North America,Mid-Market,Retail,Phone,Pricing,6,1,21,Yes,Customer service agent was rude and transferred me three times.
RSP-0751,CUST-3822,2025-12-25,North America,Mid-Market,Technology,Email,Product,7,4,3,No,"Support resolved the issue, but communication could be better."
RSP-0752,CUST-1493,2025-02-05,North America,Mid-Market,Technology,Email,Product,9,5,3,Yes,Best customer service team in the industry. Kudos!
RSP-0753,CUST-1259,2025-05-27,Latin America,Mid-Market,Technology,Web,Customer Support,4,1,5,No,Customer service agent was rude and transferred me three times.
RSP-0754,CUST-2474,2025-03-11,Europe,SMB,Technology,Email,Delivery,5,1,10,No,Customer service agent was rude and transferred me three times.
RSP-0755,CUST-4067,2025-07-15,Latin America,SMB,Retail,Phone,Quality,4,1,5,Yes,Billing error was not resolved on time.
RSP-0756,CUST-4092,2025-07-12,North America,SMB,Technology,Email,Customer Support,1,1,5,Yes,Product keeps crashing after the latest update.
RSP-0757,CUST-2089,2025-12-01,Europe,SMB,Finance,Phone,Delivery,3,2,4,Yes,"Issue took over a week to resolve, very frustrating."
RSP-0759,CUST-2043,2025-04-25,Middle East & Africa,SMB,Unknown,Web,Product,5,2,5,No,Support response was extremely slow and unhelpful.
RSP-0760,CUST-1186,2025-06-02,North America,Mid-Market,Manufacturing,In-App,Product,7,4,2,No,"Service is okay, expecting more frequent software updates."
RSP-0761,CUST-4474,2025-09-30,Latin America,Enterprise,Technology,Email,Pricing,2,1,5,Yes,Customer service agent was rude and transferred me three times.
RSP-0762,CUST-2881,2025-05-07,North America,Enterprise,Manufacturing,In-App,Quality,0,1,7,Yes,Billing error was not resolved on time.
RSP-0763,CUST-3835,2025-03-21,Latin America,Mid-Market,Technology,In-App,Pricing,0,2,5,Yes,Quality has visibly degraded over the last few months.
RSP-0764,CUST-2544,2025-02-27,North America,Mid-Market,Manufacturing,Phone,Product,8,4,4,Yes,"Product works fine, but missing key integrations."
RSP-0765,CUST-4434,2025-11-11,North America,Enterprise,Finance,Email,Customer Support,5,1,7,No,Support response was extremely slow and unhelpful.
RSP-0766,CUST-2971,2025-04-16,Latin America,Enterprise,Healthcare,Email,Delivery,4,3,14,Yes,Product keeps crashing after the latest update.
RSP-0768,CUST-4657,2025-11-03,Europe,Mid-Market,Technology,Email,Quality,9,5,1,No,Exceptional customer support! Issue resolved within an hour.
RSP-0769,CUST-3004,2025-01-23,North America,Enterprise,Technology,Email,Delivery,9,5,1,Yes,Top-tier enterprise platform with excellent security features.
RSP-0770,CUST-4595,2025-04-30,North America,Enterprise,Finance,Phone,Product,7,4,3,Yes,"Pricing is fair, but onboarding was slightly confusing."
RSP-0771,CUST-1462,2025-03-13,North America,Enterprise,Healthcare,Email,Pricing,4,1,10,Yes,Platform UI is slow and unintuitive.
RSP-0772,CUST-3369,2025-04-30,North America,SMB,Retail,Web,Product,8,4,2,Yes,"Acceptable response time, issue was eventually fixed."
RSP-0773,CUST-3626,2025-05-02,Latin America,Enterprise,Finance,Phone,Delivery,0,2,5,Yes,Quality has visibly degraded over the last few months.
RSP-0774,CUST-2173,2025-12-05,Europe,SMB,Manufacturing,Phone,Delivery,9,5,1,Yes,Great value for money and outstanding service reliability.
RSP-0775,CUST-4387,2025-06-03,Asia-Pacific,Mid-Market,Finance,Phone,Product,8,3,3,Yes,"Delivery was on time, product packaging was slightly damaged."
RSP-0776,CUST-1499,2025-10-13,Europe,SMB,Retail,Web,Product,5,2,14,No,Frequent downtime impacted our business operations.
RSP-0777,CUST-2434,2025-11-17,Asia-Pacific,Mid-Market,Healthcare,Phone,Product,1,3,5,Yes,Customer service agent was rude and transferred me three times.
RSP-0778,CUST-5060,2025-01-25,North America,SMB,Finance,Phone,Pricing,3,2,4,Yes,"Issue took over a week to resolve, very frustrating."
RSP-0779,CUST-4122,2025-09-26,Asia-Pacific,SMB,Healthcare,Email,Customer Support,0,1,5,Yes,"Issue took over a week to resolve, very frustrating."
RSP-0780,CUST-4410,2025-07-29,Asia-Pacific,Mid-Market,Technology,Phone,Quality,4,1,5,No,Delivery took twice as long as promised.
RSP-0781,CUST-3456,2025-07-12,Europe,SMB,Manufacturing,Web,Customer Support,8,3,5,Yes,"Average experience, nothing exceptional to report."
RSP-0782,CUST-4879,2025-05-04,North America,Mid-Market,Technology,Phone,Customer Support,7,4,2,Yes,"Pricing is fair, but onboarding was slightly confusing."
RSP-0783,CUST-3463,2025-12-29,Europe,Mid-Market,Retail,Email,Customer Support,4,3,5,No,Delivery took twice as long as promised.
RSP-0784,CUST-4793,2025-01-30,North America,Enterprise,Healthcare,Web,Customer Support,10,5,1,Yes,Top-tier enterprise platform with excellent security features.
RSP-0785,CUST-4412,2025-10-13,Asia-Pacific,Enterprise,Retail,In-App,Pricing,5,2,10,Yes,Platform UI is slow and unintuitive.
RSP-0786,CUST-2098,2025-07-18,Europe,Enterprise,Healthcare,Email,Product,7,4,3,Yes,"Pricing is fair, but onboarding was slightly confusing."
RSP-0787,CUST-3088,2025-04-15,Europe,Enterprise,Finance,Phone,Customer Support,9,5,2,Yes,Smooth experience from purchase to setup. Very satisfied!
RSP-0788,CUST-1647,2025-08-19,Europe,Mid-Market,Technology,Phone,Customer Support,6,1,4,No,"Issue took over a week to resolve, very frustrating."
RSP-0789,CUST-1757,2025-10-02,Asia-Pacific,Enterprise,Healthcare,Phone,Quality,0,1,14,Yes,Pricing is way too high for the features provided.
RSP-0790,CUST-1422,2025-05-18,North America,SMB,Finance,Email,Product,0,1,14,Yes,Customer service agent was rude and transferred me three times.
RSP-0791,CUST-1323,2025-02-07,Asia-Pacific,SMB,Healthcare,Email,Delivery,9,5,1,Yes,Great value for money and outstanding service reliability.
RSP-0792,CUST-2777,2025-09-03,Europe,SMB,Technology,Phone,Quality,6,2,4,Yes,Pricing is way too high for the features provided.
RSP-0793,CUST-3727,2025-06-05,North America,SMB,Technology,Phone,Customer Support,4,2,10,No,Support response was extremely slow and unhelpful.
RSP-0794,CUST-2735,2025-04-08,Europe,Mid-Market,Technology,In-App,Product,9,5,3,Yes,Fantastic product! Has significantly improved our team productivity.
RSP-0795,CUST-4923,2025-05-05,Asia-Pacific,Enterprise,Healthcare,Phone,Customer Support,3,3,14,Yes,Frequent downtime impacted our business operations.
RSP-0796,CUST-2675,2025-07-23,Asia-Pacific,Mid-Market,Healthcare,Email,Customer Support,9,5,1,Yes,Great value for money and outstanding service reliability.
RSP-0797,CUST-3634,2025-05-25,Asia-Pacific,Enterprise,Retail,Phone,Product,5,2,14,Yes,Customer service agent was rude and transferred me three times.
RSP-0798,CUST-4819,2025-10-01,Asia-Pacific,Enterprise,Healthcare,In-App,Quality,3,2,5,Yes,"Issue took over a week to resolve, very frustrating."
RSP-0799,CUST-3526,2025-05-14,Asia-Pacific,SMB,Technology,In-App,Customer Support,7,4,3,Yes,"Acceptable response time, issue was eventually fixed."
RSP-0800,CUST-5073,2025-08-27,Europe,Mid-Market,Technology,Web,Customer Support,3,2,14,No,Product keeps crashing after the latest update.
RSP-0801,CUST-4846,2025-06-13,North America,Enterprise,Healthcare,Email,Pricing,1,1,5,Yes,Pricing is way too high for the features provided.
RSP-0802,CUST-4036,2025-06-10,Asia-Pacific,Mid-Market,Technology,Email,Delivery,1,2,7,No,Customer service agent was rude and transferred me three times.
RSP-0803,CUST-1374,2025-10-16,Latin America,SMB,Manufacturing,Email,Product,6,3,21,No,Pricing is way too high for the features provided.
RSP-0804,CUST-2195,2025-01-09,North America,SMB,Healthcare,Email,Delivery,0,2,5,Yes,Quality has visibly degraded over the last few months.
RSP-0805,CUST-4420,2025-06-01,Europe,SMB,Finance,Phone,Quality,9,4,1,Yes,Super fast delivery and pristine quality. Highly recommended!
RSP-0806,CUST-2607,2025-06-18,North America,Mid-Market,Retail,Email,Quality,9,5,1,Yes,Great value for money and outstanding service reliability.
RSP-0807,CUST-4111,2025-10-19,North America,Mid-Market,Technology,Email,Customer Support,7,4,2,Yes,"Pricing is fair, but onboarding was slightly confusing."
RSP-0808,CUST-5090,2025-10-09,North America,SMB,Technology,Email,Delivery,4,1,5,No,"Issue took over a week to resolve, very frustrating."
RSP-0809,CUST-3108,2025-09-08,Europe,Enterprise,Healthcare,Web,Delivery,0,2,7,Yes,Billing error was not resolved on time.
RSP-0810,CUST-4775,2025-03-28,North America,Enterprise,Finance,Email,Delivery,5,1,14,No,"Issue took over a week to resolve, very frustrating."
RSP-0811,CUST-2386,2025-03-13,Asia-Pacific,Enterprise,Technology,Phone,Product,10,4,1,Yes,Best customer service team in the industry. Kudos!
RSP-0812,CUST-2507,2025-10-05,Europe,Enterprise,Healthcare,Email,Quality,0,3,10,Yes,Support response was extremely slow and unhelpful.
RSP-0813,CUST-1277,2025-02-08,Asia-Pacific,Enterprise,Manufacturing,Phone,Delivery,3,1,21,Yes,Support response was extremely slow and unhelpful.
RSP-0814,CUST-1052,2025-07-31,Europe,Mid-Market,Manufacturing,Email,Customer Support,8,4,2,Yes,"Average experience, nothing exceptional to report."
RSP-0815,CUST-2895,2025-02-04,North America,SMB,Technology,Phone,Product,10,5,1,Yes,Super fast delivery and pristine quality. Highly recommended!
RSP-0816,CUST-1074,2025-04-22,North America,Enterprise,Technology,Phone,Customer Support,10,5,1,Yes,Best customer service team in the industry. Kudos!
RSP-0817,CUST-4057,2025-01-31,Europe,Mid-Market,Healthcare,Phone,Customer Support,10,5,1,Yes,Best customer service team in the industry. Kudos!
RSP-0818,CUST-4996,2025-01-09,Europe,Enterprise,Finance,In-App,Pricing,2,3,10,Yes,Support response was extremely slow and unhelpful.
RSP-0819,CUST-4369,2025-01-07,Europe,SMB,Healthcare,Email,Delivery,5,1,14,No,Support response was extremely slow and unhelpful.
RSP-0820,CUST-3250,2025-10-02,Europe,Enterprise,Finance,Email,Product,8,4,3,Yes,"Delivery was on time, product packaging was slightly damaged."
RSP-0821,CUST-1140,2025-09-15,Europe,Enterprise,Manufacturing,Phone,Customer Support,6,1,21,Yes,Customer service agent was rude and transferred me three times.
RSP-0822,CUST-2468,2025-02-24,Europe,Mid-Market,Technology,Web,Customer Support,6,1,4,No,Product keeps crashing after the latest update.
RSP-0823,CUST-2219,2025-05-04,Asia-Pacific,Enterprise,Technology,Web,Customer Support,7,3,2,Yes,"Pricing is fair, but onboarding was slightly confusing."
RSP-0824,CUST-3067,2025-07-01,Middle East & Africa,Enterprise,Finance,Phone,Delivery,2,2,7,Yes,Quality has visibly degraded over the last few months.
RSP-0825,CUST-4251,2025-02-10,North America,Enterprise,Technology,Web,Product,9,5,1,Yes,Smooth experience from purchase to setup. Very satisfied!
RSP-0826,CUST-4326,2025-08-24,North America,Enterprise,Technology,Phone,Customer Support,6,2,4,Yes,No feedback provided
RSP-0827,CUST-2992,2025-12-23,North America,SMB,Technology,Email,Product,3,2,4,Yes,Pricing is way too high for the features provided.
RSP-0828,CUST-3457,2025-12-17,Europe,Mid-Market,Finance,Phone,Product,9,4,1,Yes,Fantastic product! Has significantly improved our team productivity.
RSP-0829,CUST-1259,2025-02-17,North America,Mid-Market,Retail,In-App,Customer Support,7,3,2,Yes,"Decent features for SMBs, but needs better reporting tools."
RSP-0830,CUST-4106,2025-07-13,North America,SMB,Healthcare,Email,Delivery,8,4,3,Yes,"Service is okay, expecting more frequent software updates."
RSP-0831,CUST-1459,2025-11-23,Asia-Pacific,Enterprise,Retail,Phone,Delivery,5,2,4,No,Support response was extremely slow and unhelpful.
RSP-0832,CUST-2403,2025-02-12,Europe,Mid-Market,Technology,Phone,Delivery,4,2,5,No,Billing error was not resolved on time.
RSP-0833,CUST-4554,2025-11-27,Europe,SMB,Technology,Email,Delivery,5,3,4,Yes,"Issue took over a week to resolve, very frustrating."
RSP-0834,CUST-1781,2025-09-28,Asia-Pacific,Enterprise,Finance,Phone,Quality,2,1,7,No,Support response was extremely slow and unhelpful.
RSP-0835,CUST-2882,2025-04-19,Europe,Mid-Market,Finance,In-App,Quality,10,4,1,Yes,Best customer service team in the industry. Kudos!
RSP-0836,CUST-3220,2025-01-24,Asia-Pacific,Mid-Market,Technology,Web,Product,7,4,3,Yes,"Support resolved the issue, but communication could be better."
RSP-0837,CUST-3296,2025-10-06,North America,Mid-Market,Finance,Phone,Customer Support,6,1,4,Yes,Frequent downtime impacted our business operations.
RSP-0838,CUST-1269,2025-04-02,Europe,SMB,Unknown,Web,Delivery,4,1,4,Yes,"Issue took over a week to resolve, very frustrating."
RSP-0839,CUST-1128,2025-04-17,Europe,SMB,Technology,Email,Quality,4,2,10,No,Frequent downtime impacted our business operations.
RSP-0840,CUST-2181,2025-12-31,Europe,Mid-Market,Healthcare,Phone,Delivery,1,2,7,No,Customer service agent was rude and transferred me three times.
RSP-0841,CUST-1630,2025-06-03,Asia-Pacific,Mid-Market,Technology,Web,Delivery,8,5,2,Yes,"Average experience, nothing exceptional to report."
RSP-0842,CUST-2969,2025-10-18,North America,Mid-Market,Healthcare,Email,Customer Support,0,1,7,No,Customer service agent was rude and transferred me three times.
RSP-0843,CUST-3717,2025-07-16,Latin America,SMB,Finance,Email,Product,3,2,7,Yes,Delivery took twice as long as promised.
RSP-0844,CUST-1642,2025-09-14,Asia-Pacific,Mid-Market,Technology,Email,Quality,8,5,2,No,"Acceptable response time, issue was eventually fixed."
RSP-0845,CUST-1439,2025-02-20,North America,Enterprise,Manufacturing,Email,Customer Support,4,2,14,Yes,Customer service agent was rude and transferred me three times.
RSP-0846,CUST-2901,2025-02-08,Europe,Enterprise,Finance,Email,Product,6,1,14,Yes,"Issue took over a week to resolve, very frustrating."
RSP-0847,CUST-4249,2025-06-17,North America,Mid-Market,Technology,Web,Pricing,4,3,7,Yes,Support response was extremely slow and unhelpful.
RSP-0848,CUST-3239,2025-08-19,Asia-Pacific,Mid-Market,Finance,In-App,Delivery,9,5,1,Yes,Best customer service team in the industry. Kudos!
RSP-0849,CUST-2868,2025-07-02,North America,SMB,Finance,Email,Delivery,6,1,4,Yes,Platform UI is slow and unintuitive.
RSP-0850,CUST-4075,2025-08-10,North America,Mid-Market,Technology,Email,Customer Support,8,3,3,Yes,"Average experience, nothing exceptional to report."
RSP-0851,CUST-4113,2025-02-13,North America,Enterprise,Technology,Web,Customer Support,9,5,1,Yes,The team went above and beyond to help us with our migration.
RSP-0852,CUST-3018,2025-02-07,Europe,Enterprise,Finance,Web,Delivery,3,1,7,No,Product keeps crashing after the latest update.
RSP-0853,CUST-3195,2025-03-20,Latin America,Mid-Market,Finance,Phone,Quality,7,4,3,Yes,"Decent features for SMBs, but needs better reporting tools."
RSP-0854,CUST-2263,2025-07-19,Middle East & Africa,Enterprise,Technology,In-App,Customer Support,8,4,2,Yes,"Acceptable response time, issue was eventually fixed."
RSP-0855,CUST-3954,2025-02-24,Asia-Pacific,Mid-Market,Technology,Web,Product,10,5,1,Yes,Fantastic product! Has significantly improved our team productivity.
RSP-0856,CUST-1042,2025-06-07,Europe,Mid-Market,Finance,Email,Product,10,5,1,Yes,Best customer service team in the industry. Kudos!
RSP-0857,CUST-3948,2025-05-19,North America,Enterprise,Finance,Web,Customer Support,10,4,1,Yes,Fantastic product! Has significantly improved our team productivity.
RSP-0858,CUST-2085,2025-02-14,Europe,Enterprise,Manufacturing,Email,Pricing,4,3,7,No,Delivery took twice as long as promised.
RSP-0859,CUST-4530,2025-08-18,North America,SMB,Manufacturing,Email,Product,7,5,3,Yes,"Decent features for SMBs, but needs better reporting tools."
RSP-0860,CUST-1846,2025-01-14,North America,Enterprise,Retail,Email,Customer Support,10,5,1,Yes,Fantastic product! Has significantly improved our team productivity.
RSP-0861,CUST-3899,2025-10-11,Europe,Enterprise,Finance,Email,Delivery,5,1,10,Yes,Product keeps crashing after the latest update.
RSP-0862,CUST-3657,2025-07-17,Europe,Enterprise,Finance,Email,Delivery,2,2,5,No,Support response was extremely slow and unhelpful.
RSP-0863,CUST-3390,2025-07-31,Latin America,Enterprise,Finance,Email,Delivery,6,2,7,Yes,Customer service agent was rude and transferred me three times.
RSP-0864,CUST-1693,2025-10-14,North America,Enterprise,Finance,Phone,Customer Support,5,1,5,Yes,Pricing is way too high for the features provided.
RSP-0865,CUST-2389,2025-12-17,North America,SMB,Retail,Phone,Delivery,0,3,4,No,Customer service agent was rude and transferred me three times.
RSP-0866,CUST-2388,2025-03-13,Europe,Mid-Market,Manufacturing,Email,Customer Support,8,3,3,Yes,"Delivery was on time, product packaging was slightly damaged."
RSP-0867,CUST-3466,2025-05-18,Asia-Pacific,Enterprise,Manufacturing,Email,Product,6,1,4,No,Billing error was not resolved on time.
RSP-0868,CUST-2195,2025-02-02,North America,Enterprise,Technology,Web,Quality,4,3,5,Yes,Delivery took twice as long as promised.
RSP-0869,CUST-4560,2025-05-22,North America,Mid-Market,Technology,Phone,Product,10,5,1,Yes,Top-tier enterprise platform with excellent security features.
RSP-0870,CUST-3455,2025-09-05,North America,Mid-Market,Finance,Phone,Quality,10,5,1,Yes,Fantastic product! Has significantly improved our team productivity.
RSP-0871,CUST-3958,2025-05-09,North America,Mid-Market,Technology,Web,Product,7,4,3,Yes,"Pricing is fair, but onboarding was slightly confusing."
RSP-0872,CUST-5061,2025-11-01,Latin America,Mid-Market,Healthcare,Email,Delivery,8,4,4,Yes,"Pricing is fair, but onboarding was slightly confusing."
RSP-0873,CUST-4750,2025-02-24,North America,Enterprise,Technology,Web,Quality,4,2,5,Yes,Delivery took twice as long as promised.
RSP-0874,CUST-3495,2025-01-04,North America,Enterprise,Technology,Email,Product,0,2,5,No,Customer service agent was rude and transferred me three times.
RSP-0875,CUST-3721,2025-11-14,North America,Mid-Market,Healthcare,Email,Quality,0,3,14,Yes,Customer service agent was rude and transferred me three times.
RSP-0876,CUST-3699,2025-08-14,Europe,Mid-Market,Healthcare,Phone,Product,1,2,7,No,"Issue took over a week to resolve, very frustrating."
RSP-0877,CUST-4527,2025-11-30,North America,SMB,Technology,Email,Delivery,4,1,7,No,Frequent downtime impacted our business operations.
RSP-0878,CUST-2115,2025-06-03,Europe,Mid-Market,Retail,Web,Delivery,2,3,7,Yes,"Issue took over a week to resolve, very frustrating."
RSP-0879,CUST-2645,2025-09-03,North America,SMB,Technology,In-App,Product,9,5,1,Yes,Smooth experience from purchase to setup. Very satisfied!
RSP-0880,CUST-2455,2025-07-23,Europe,Mid-Market,Technology,Email,Product,9,4,1,Yes,Smooth experience from purchase to setup. Very satisfied!
RSP-0881,CUST-3387,2025-12-22,Europe,SMB,Technology,Email,Pricing,2,3,14,No,Billing error was not resolved on time.
RSP-0882,CUST-2985,2025-06-16,North America,SMB,Finance,Phone,Delivery,2,1,7,Yes,Customer service agent was rude and transferred me three times.
RSP-0883,CUST-3296,2025-07-21,North America,Mid-Market,Healthcare,Phone,Pricing,1,1,4,Yes,"Issue took over a week to resolve, very frustrating."
RSP-0884,CUST-1932,2025-10-16,Asia-Pacific,SMB,Technology,In-App,Product,8,3,4,Yes,"Pricing is fair, but onboarding was slightly confusing."
RSP-0885,CUST-2473,2025-12-16,Europe,SMB,Technology,Email,Quality,5,1,7,Yes,Platform UI is slow and unintuitive.
RSP-0886,CUST-1220,2025-08-25,North America,Mid-Market,Technology,Phone,Quality,10,5,1,Yes,Great value for money and outstanding service reliability.
RSP-0887,CUST-4591,2025-05-30,Europe,Enterprise,Manufacturing,Web,Customer Support,9,5,1,Yes,Fantastic product! Has significantly improved our team productivity.
RSP-0888,CUST-4351,2025-12-11,North America,Mid-Market,Retail,Web,Delivery,7,4,3,Yes,"Service is okay, expecting more frequent software updates."
RSP-0889,CUST-2140,2025-11-21,North America,Mid-Market,Technology,Email,Product,7,5,2,Yes,"Delivery was on time, product packaging was slightly damaged."
RSP-0890,CUST-2982,2025-05-10,Asia-Pacific,Enterprise,Manufacturing,Phone,Delivery,7,4,3,Yes,"Average experience, nothing exceptional to report."
RSP-0891,CUST-4466,2025-07-13,Asia-Pacific,Mid-Market,Finance,Email,Customer Support,9,5,1,Yes,Fantastic product! Has significantly improved our team productivity.
RSP-0892,CUST-4678,2025-11-03,Latin America,Mid-Market,Retail,Web,Delivery,2,1,10,Yes,Billing error was not resolved on time.
RSP-0893,CUST-4283,2025-10-01,Europe,SMB,Healthcare,Phone,Product,3,2,4,Yes,Platform UI is slow and unintuitive.
RSP-0894,CUST-4426,2025-10-06,Asia-Pacific,Mid-Market,Manufacturing,In-App,Product,1,2,7,Yes,Support response was extremely slow and unhelpful.
RSP-0895,CUST-3945,2025-12-26,Asia-Pacific,Enterprise,Retail,Email,Product,4,3,7,No,Platform UI is slow and unintuitive.
RSP-0896,CUST-1696,2025-02-25,North America,Mid-Market,Technology,Phone,Customer Support,8,4,5,Yes,"Pricing is fair, but onboarding was slightly confusing."
RSP-0898,CUST-1362,2025-10-16,Asia-Pacific,SMB,Technology,Phone,Customer Support,7,4,3,Yes,"Decent features for SMBs, but needs better reporting tools."
RSP-0899,CUST-3716,2025-08-09,North America,Enterprise,Finance,Phone,Pricing,7,3,4,Yes,"Support resolved the issue, but communication could be better."
RSP-0900,CUST-1086,2025-02-20,Europe,Mid-Market,Manufacturing,Phone,Pricing,0,1,5,Yes,Quality has visibly degraded over the last few months.
RSP-0901,CUST-2818,2025-09-19,Asia-Pacific,SMB,Healthcare,Email,Quality,7,3,3,Yes,"Pricing is fair, but onboarding was slightly confusing."
RSP-0902,CUST-4651,2025-07-11,Asia-Pacific,Mid-Market,Technology,In-App,Customer Support,7,4,4,Yes,"Decent features for SMBs, but needs better reporting tools."
RSP-0903,CUST-4793,2025-12-14,North America,Mid-Market,Technology,Phone,Product,9,5,1,Yes,Super fast delivery and pristine quality. Highly recommended!
RSP-0904,CUST-3825,2025-01-13,Latin America,SMB,Technology,Web,Customer Support,10,5,1,Yes,Best customer service team in the industry. Kudos!
RSP-0905,CUST-1856,2025-06-01,North America,SMB,Healthcare,Email,Product,9,5,1,Yes,Top-tier enterprise platform with excellent security features.
RSP-0906,CUST-1703,2025-03-01,North America,Mid-Market,Manufacturing,Email,Product,8,4,2,No,"Average experience, nothing exceptional to report."
RSP-0907,CUST-3853,2025-06-09,Asia-Pacific,Enterprise,Finance,Email,Delivery,7,5,2,Yes,"Acceptable response time, issue was eventually fixed."
RSP-0908,CUST-4730,2025-04-16,Europe,Mid-Market,Healthcare,Email,Customer Support,7,3,4,Yes,"Service is okay, expecting more frequent software updates."
RSP-0909,CUST-3853,2025-09-01,Europe,Mid-Market,Finance,Email,Product,9,4,1,Yes,Fantastic product! Has significantly improved our team productivity.
RSP-0910,CUST-4589,2025-12-23,North America,Enterprise,Manufacturing,Email,Product,5,3,7,Yes,Billing error was not resolved on time.
RSP-0911,CUST-3612,2025-02-04,Latin America,Mid-Market,Technology,Email,Delivery,3,2,5,Yes,Quality has visibly degraded over the last few months.
RSP-0912,CUST-1366,2025-12-30,North America,Enterprise,Healthcare,In-App,Delivery,6,1,4,Yes,Product keeps crashing after the latest update.
RSP-0913,CUST-1185,2025-06-25,North America,Enterprise,Technology,Web,Product,8,4,3,Yes,"Support resolved the issue, but communication could be better."
RSP-0914,CUST-2346,2025-05-05,North America,Mid-Market,Finance,Web,Product,2,3,5,Yes,Platform UI is slow and unintuitive.
RSP-0915,CUST-2429,2025-10-10,North America,Enterprise,Finance,Phone,Product,7,4,3,Yes,"Average experience, nothing exceptional to report."
RSP-0916,CUST-3711,2025-10-14,Europe,SMB,Retail,Phone,Product,9,5,1,Yes,Top-tier enterprise platform with excellent security features.
RSP-0917,CUST-4785,2025-04-29,North America,Mid-Market,Technology,Phone,Pricing,7,5,5,Yes,"Decent features for SMBs, but needs better reporting tools."
RSP-0918,CUST-2511,2025-04-06,Europe,Mid-Market,Retail,Email,Pricing,6,2,4,Yes,Customer service agent was rude and transferred me three times.
RSP-0919,CUST-4240,2025-01-15,Asia-Pacific,Enterprise,Retail,Email,Customer Support,7,4,3,Yes,"Pricing is fair, but onboarding was slightly confusing."
RSP-0920,CUST-4682,2025-10-31,North America,Enterprise,Finance,Phone,Customer Support,8,4,3,Yes,"Decent features for SMBs, but needs better reporting tools."
RSP-0921,CUST-4185,2025-01-03,North America,SMB,Retail,Email,Customer Support,10,5,1,Yes,Great value for money and outstanding service reliability.
RSP-0922,CUST-2685,2025-05-23,Europe,SMB,Finance,Email,Product,9,5,1,Yes,Fantastic product! Has significantly improved our team productivity.
RSP-0923,CUST-1833,2025-10-02,North America,SMB,Retail,Email,Customer Support,5,1,5,Yes,Delivery took twice as long as promised.
RSP-0924,CUST-3996,2025-06-16,North America,Mid-Market,Healthcare,Phone,Product,0,2,5,Yes,Pricing is way too high for the features provided.
RSP-0925,CUST-4748,2025-02-28,Latin America,SMB,Retail,Phone,Product,9,5,1,Yes,The team went above and beyond to help us with our migration.
RSP-0926,CUST-5009,2025-09-28,Asia-Pacific,Enterprise,Manufacturing,Web,Delivery,7,4,4,Yes,"Acceptable response time, issue was eventually fixed."
RSP-0927,CUST-4183,2025-11-09,Asia-Pacific,Mid-Market,Manufacturing,Phone,Delivery,7,4,3,Yes,"Decent features for SMBs, but needs better reporting tools."
RSP-0928,CUST-1935,2025-06-28,Europe,SMB,Finance,Web,Product,7,4,4,Yes,"Acceptable response time, issue was eventually fixed."
RSP-0929,CUST-4750,2025-11-13,Asia-Pacific,Mid-Market,Technology,Email,Product,8,3,2,Yes,"Average experience, nothing exceptional to report."
RSP-0930,CUST-3436,2025-11-11,North America,Enterprise,Healthcare,Phone,Customer Support,7,4,3,Yes,"Support resolved the issue, but communication could be better."
RSP-0931,CUST-2097,2025-06-10,North America,Mid-Market,Healthcare,Web,Customer Support,7,3,2,Yes,"Support resolved the issue, but communication could be better."
RSP-0932,CUST-2954,2025-06-06,Europe,Mid-Market,Technology,Phone,Quality,4,2,21,Yes,Product keeps crashing after the latest update.
RSP-0933,CUST-2499,2025-07-11,Europe,Enterprise,Finance,Email,Pricing,6,2,10,Yes,Delivery took twice as long as promised.
RSP-0934,CUST-5184,2025-07-18,Europe,SMB,Manufacturing,Phone,Pricing,5,2,7,Yes,Customer service agent was rude and transferred me three times.
RSP-0935,CUST-2129,2025-10-22,North America,Enterprise,Healthcare,Email,Delivery,10,5,1,Yes,Top-tier enterprise platform with excellent security features.
RSP-0936,CUST-4465,2025-04-06,North America,SMB,Finance,Web,Product,8,4,2,Yes,"Service is okay, expecting more frequent software updates."
RSP-0937,CUST-2419,2025-10-12,North America,Mid-Market,Technology,In-App,Delivery,1,1,7,Yes,Delivery took twice as long as promised.
RSP-0938,CUST-5011,2025-05-28,Latin America,SMB,Technology,Phone,Product,8,4,2,Yes,"Average experience, nothing exceptional to report."
RSP-0939,CUST-2532,2025-06-11,Europe,Mid-Market,Technology,Web,Customer Support,10,4,2,Yes,Best customer service team in the industry. Kudos!
RSP-0940,CUST-1439,2025-07-03,North America,Mid-Market,Healthcare,In-App,Product,8,4,5,Yes,"Product works fine, but missing key integrations."
RSP-0941,CUST-4969,2025-03-11,Middle East & Africa,SMB,Technology,Web,Pricing,2,1,7,Yes,Pricing is way too high for the features provided.
RSP-0942,CUST-4145,2025-10-15,North America,Enterprise,Technology,Phone,Product,10,5,1,Yes,Best customer service team in the industry. Kudos!
RSP-0943,CUST-4351,2025-12-17,Europe,SMB,Technology,Email,Pricing,9,5,2,Yes,Best customer service team in the industry. Kudos!
RSP-0944,CUST-4404,2025-12-30,Europe,Enterprise,Technology,Web,Product,7,5,2,No,"Service is okay, expecting more frequent software updates."
RSP-0945,CUST-5003,2025-03-27,Middle East & Africa,Mid-Market,Technology,Email,Delivery,3,1,21,Yes,Product keeps crashing after the latest update.
RSP-0946,CUST-1252,2025-04-23,Asia-Pacific,Enterprise,Finance,In-App,Product,4,2,10,No,Quality has visibly degraded over the last few months.
RSP-0947,CUST-1267,2025-05-21,North America,Mid-Market,Manufacturing,In-App,Delivery,8,4,3,Yes,"Pricing is fair, but onboarding was slightly confusing."
RSP-0948,CUST-3364,2025-03-28,Europe,Mid-Market,Technology,Phone,Quality,8,4,5,Yes,"Service is okay, expecting more frequent software updates."
RSP-0949,CUST-5057,2025-10-09,Europe,SMB,Healthcare,Email,Product,10,3,2,Yes,Fantastic product! Has significantly improved our team productivity.
RSP-0950,CUST-1935,2025-05-18,Europe,SMB,Finance,Email,Delivery,7,4,3,Yes,"Acceptable response time, issue was eventually fixed."
RSP-0951,CUST-1340,2025-08-14,Latin America,Enterprise,Finance,Email,Delivery,6,1,7,No,Platform UI is slow and unintuitive.
RSP-0952,CUST-2790,2025-08-06,Asia-Pacific,Enterprise,Retail,Phone,Quality,6,2,14,No,Product keeps crashing after the latest update.
RSP-0953,CUST-3027,2025-06-02,Europe,Mid-Market,Healthcare,Email,Product,6,3,4,No,Support response was extremely slow and unhelpful.
RSP-0954,CUST-4684,2025-05-15,North America,Mid-Market,Technology,Email,Customer Support,10,5,1,Yes,Smooth experience from purchase to setup. Very satisfied!
RSP-0955,CUST-1712,2025-08-13,Latin America,SMB,Healthcare,Web,Quality,0,1,14,No,Product keeps crashing after the latest update.
RSP-0956,CUST-2941,2025-04-18,Europe,Mid-Market,Technology,Phone,Customer Support,7,4,4,Yes,"Acceptable response time, issue was eventually fixed."
RSP-0957,CUST-4507,2025-03-26,Europe,Mid-Market,Finance,Email,Customer Support,10,5,3,No,Super fast delivery and pristine quality. Highly recommended!
RSP-0958,CUST-2692,2025-04-16,North America,Enterprise,Manufacturing,In-App,Product,0,1,21,Yes,Support response was extremely slow and unhelpful.
RSP-0959,CUST-3873,2025-09-30,Europe,SMB,Technology,Phone,Product,10,5,1,Yes,The team went above and beyond to help us with our migration.
RSP-0960,CUST-2379,2025-06-15,North America,Enterprise,Healthcare,Email,Quality,9,5,1,Yes,The team went above and beyond to help us with our migration.
RSP-0961,CUST-3370,2025-10-21,Asia-Pacific,Mid-Market,Technology,Email,Customer Support,7,4,2,Yes,"Delivery was on time, product packaging was slightly damaged."
RSP-0962,CUST-1780,2025-03-11,North America,Enterprise,Healthcare,Email,Customer Support,7,4,3,Yes,"Decent features for SMBs, but needs better reporting tools."
RSP-0963,CUST-1485,2025-05-22,North America,SMB,Healthcare,Email,Product,8,4,3,Yes,"Average experience, nothing exceptional to report."
RSP-0964,CUST-2087,2025-05-08,North America,Mid-Market,Retail,In-App,Product,8,3,2,Yes,"Average experience, nothing exceptional to report."
RSP-0965,CUST-3638,2025-05-07,North America,SMB,Healthcare,Email,Product,9,4,1,Yes,Top-tier enterprise platform with excellent security features.
RSP-0966,CUST-5009,2025-03-14,Europe,Mid-Market,Technology,Email,Product,7,4,2,Yes,"Delivery was on time, product packaging was slightly damaged."
RSP-0967,CUST-4393,2025-07-12,Europe,Mid-Market,Manufacturing,Phone,Delivery,5,3,10,Yes,Billing error was not resolved on time.
RSP-0968,CUST-1618,2025-11-21,North America,Mid-Market,Healthcare,Web,Delivery,0,2,10,Yes,Product keeps crashing after the latest update.
RSP-0969,CUST-4300,2025-09-21,Europe,Mid-Market,Retail,Web,Customer Support,9,5,1,Yes,The team went above and beyond to help us with our migration.
RSP-0970,CUST-4023,2025-08-21,Asia-Pacific,Enterprise,Healthcare,Web,Customer Support,7,3,3,Yes,"Service is okay, expecting more frequent software updates."
RSP-0971,CUST-3681,2025-10-25,North America,SMB,Technology,Phone,Delivery,10,5,1,Yes,Exceptional customer support! Issue resolved within an hour.
RSP-0972,CUST-1763,2025-08-23,Europe,Mid-Market,Healthcare,Phone,Product,8,4,2,Yes,"Acceptable response time, issue was eventually fixed."
RSP-0973,CUST-1518,2025-10-01,North America,Enterprise,Finance,Email,Product,4,3,14,Yes,Customer service agent was rude and transferred me three times.
RSP-0974,CUST-2784,2025-08-08,North America,Enterprise,Healthcare,Email,Customer Support,8,5,2,Yes,"Pricing is fair, but onboarding was slightly confusing."
RSP-0975,CUST-5052,2025-05-18,Asia-Pacific,Enterprise,Healthcare,Email,Product,6,2,5,No,"Issue took over a week to resolve, very frustrating."
RSP-0976,CUST-3323,2025-06-22,North America,SMB,Technology,Web,Delivery,1,3,5,No,Platform UI is slow and unintuitive.
RSP-0977,CUST-2069,2025-10-17,Europe,Mid-Market,Healthcare,Web,Product,9,5,1,Yes,Best customer service team in the industry. Kudos!
RSP-0978,CUST-3815,2025-12-16,Asia-Pacific,Mid-Market,Healthcare,Email,Delivery,1,2,10,Yes,Support response was extremely slow and unhelpful.
RSP-0979,CUST-1376,2025-02-20,Europe,SMB,Finance,Web,Delivery,7,3,2,Yes,"Service is okay, expecting more frequent software updates."
RSP-0980,CUST-1133,2025-03-05,Europe,SMB,Technology,Phone,Customer Support,8,4,3,Yes,"Average experience, nothing exceptional to report."
RSP-0981,CUST-4615,2025-08-22,North America,SMB,Technology,Email,Quality,4,2,5,Yes,Support response was extremely slow and unhelpful.
RSP-0982,CUST-4504,2025-04-14,North America,Mid-Market,Healthcare,Web,Delivery,9,4,1,Yes,Super fast delivery and pristine quality. Highly recommended!
RSP-0983,CUST-3472,2025-03-23,Latin America,Enterprise,Finance,Web,Product,10,4,2,Yes,The team went above and beyond to help us with our migration.
RSP-0984,CUST-1764,2025-12-02,Europe,Mid-Market,Technology,In-App,Delivery,0,2,7,Yes,"Issue took over a week to resolve, very frustrating."
RSP-0985,CUST-3051,2025-02-12,North America,Enterprise,Finance,Phone,Delivery,7,5,3,Yes,"Acceptable response time, issue was eventually fixed."
RSP-0986,CUST-2355,2025-01-27,Asia-Pacific,Mid-Market,Finance,Phone,Delivery,9,4,1,Yes,Top-tier enterprise platform with excellent security features.
RSP-0987,CUST-3502,2025-12-25,Latin America,Enterprise,Technology,Email,Delivery,2,2,5,Yes,Pricing is way too high for the features provided.
RSP-0988,CUST-4516,2025-12-02,North America,SMB,Finance,Web,Customer Support,6,1,5,No,Product keeps crashing after the latest update.
RSP-0989,CUST-1779,2025-01-01,Middle East & Africa,Mid-Market,Technology,Email,Delivery,5,1,14,Yes,Pricing is way too high for the features provided.
RSP-0990,CUST-4906,2025-02-09,Latin America,SMB,Finance,Phone,Customer Support,8,4,3,No,"Average experience, nothing exceptional to report."
RSP-0991,CUST-2852,2025-09-23,Asia-Pacific,SMB,Retail,Email,Product,8,4,4,Yes,No feedback provided
RSP-0992,CUST-1076,2025-01-05,Europe,Mid-Market,Technology,Phone,Quality,2,2,7,Yes,"Issue took over a week to resolve, very frustrating."
RSP-0993,CUST-1987,2025-08-05,North America,SMB,Healthcare,Email,Product,9,5,1,Yes,Super fast delivery and pristine quality. Highly recommended!
RSP-0994,CUST-4913,2025-02-06,Latin America,Mid-Market,Technology,Phone,Delivery,8,5,3,Yes,"Pricing is fair, but onboarding was slightly confusing."
RSP-0995,CUST-4138,2025-02-15,Asia-Pacific,SMB,Technology,Phone,Product,9,4,1,Yes,Fantastic product! Has significantly improved our team productivity.
RSP-0996,CUST-1845,2025-06-10,North America,Mid-Market,Retail,Phone,Quality,4,2,7,Yes,"Issue took over a week to resolve, very frustrating."
RSP-0997,CUST-3451,2025-03-12,Europe,Mid-Market,Finance,Web,Customer Support,2,1,7,Yes,Customer service agent was rude and transferred me three times.
RSP-0998,CUST-2090,2025-11-25,North America,Mid-Market,Finance,Email,Customer Support,8,4,4,Yes,"Average experience, nothing exceptional to report."
RSP-0999,CUST-1560,2025-09-29,Europe,Mid-Market,Technology,Web,Delivery,9,5,1,Yes,Exceptional customer support! Issue resolved within an hour.
RSP-1000,CUST-2344,2025-08-14,North America,Mid-Market,Healthcare,Email,Delivery,1,3,4,No,"Issue took over a week to resolve, very frustrating."
RSP-1001,CUST-2745,2025-11-18,Latin America,Mid-Market,Finance,Phone,Customer Support,7,4,3,Yes,"Average experience, nothing exceptional to report."
RSP-1002,CUST-4372,2025-11-12,Europe,Mid-Market,Healthcare,Email,Product,6,1,4,No,Billing error was not resolved on time.
RSP-1003,CUST-2779,2025-02-14,North America,Mid-Market,Technology,Web,Delivery,3,2,5,Yes,Product keeps crashing after the latest update.
RSP-1004,CUST-2146,2025-03-05,North America,SMB,Healthcare,Email,Customer Support,7,4,3,Yes,"Decent features for SMBs, but needs better reporting tools."
RSP-1005,CUST-3879,2025-08-08,North America,SMB,Finance,Email,Product,6,3,5,Yes,"Issue took over a week to resolve, very frustrating."
RSP-1006,CUST-2145,2025-05-07,North America,Mid-Market,Finance,In-App,Delivery,7,4,2,Yes,"Delivery was on time, product packaging was slightly damaged."
RSP-1007,CUST-1690,2025-05-08,Europe,SMB,Retail,Email,Product,5,3,14,No,Platform UI is slow and unintuitive.
RSP-1008,CUST-3334,2025-12-20,North America,Mid-Market,Healthcare,Email,Delivery,0,1,14,No,Support response was extremely slow and unhelpful.
RSP-1009,CUST-3471,2025-04-16,Europe,Mid-Market,Healthcare,Web,Quality,8,4,2,Yes,"Pricing is fair, but onboarding was slightly confusing."
RSP-1010,CUST-4209,2025-06-01,Europe,Mid-Market,Finance,Email,Product,7,5,2,Yes,"Product works fine, but missing key integrations."
RSP-1011,CUST-2960,2025-09-11,Europe,Enterprise,Healthcare,Web,Delivery,8,4,2,No,"Decent features for SMBs, but needs better reporting tools."
RSP-1012,CUST-1923,2025-05-04,North America,Mid-Market,Retail,Email,Customer Support,3,1,4,No,Billing error was not resolved on time.
RSP-1013,CUST-1581,2025-09-28,North America,SMB,Manufacturing,Phone,Customer Support,7,4,3,Yes,"Product works fine, but missing key integrations."
RSP-1014,CUST-3958,2025-06-12,Middle East & Africa,SMB,Retail,In-App,Delivery,6,3,5,No,Delivery took twice as long as promised.
RSP-1015,CUST-4168,2025-10-19,Europe,Mid-Market,Finance,In-App,Product,9,5,1,Yes,Top-tier enterprise platform with excellent security features.
RSP-1016,CUST-3993,2025-10-07,Europe,Mid-Market,Technology,Phone,Customer Support,7,3,5,Yes,"Average experience, nothing exceptional to report."
RSP-1017,CUST-4858,2025-02-07,Asia-Pacific,Mid-Market,Healthcare,Email,Delivery,5,2,7,Yes,Support response was extremely slow and unhelpful.
RSP-1018,CUST-1553,2025-01-08,Europe,Enterprise,Technology,In-App,Customer Support,9,5,3,Yes,The team went above and beyond to help us with our migration.
RSP-1019,CUST-2767,2025-01-21,Asia-Pacific,Mid-Market,Manufacturing,Web,Quality,3,1,5,Yes,Support response was extremely slow and unhelpful.
RSP-1020,CUST-4260,2025-09-17,Asia-Pacific,Enterprise,Technology,Email,Product,5,2,7,Yes,Quality has visibly degraded over the last few months.
RSP-1021,CUST-5104,2025-08-01,Europe,Mid-Market,Technology,Web,Customer Support,9,5,1,Yes,Top-tier enterprise platform with excellent security features.
RSP-1022,CUST-4295,2025-02-12,Asia-Pacific,SMB,Technology,In-App,Quality,9,4,2,Yes,Super fast delivery and pristine quality. Highly recommended!
RSP-1023,CUST-3273,2025-02-12,Europe,Mid-Market,Manufacturing,Phone,Customer Support,7,5,2,Yes,"Delivery was on time, product packaging was slightly damaged."
RSP-1024,CUST-1647,2025-09-19,Asia-Pacific,SMB,Finance,In-App,Pricing,0,1,4,Yes,Pricing is way too high for the features provided.
RSP-1025,CUST-2272,2025-10-02,Europe,SMB,Retail,Email,Product,8,4,2,No,"Acceptable response time, issue was eventually fixed."
RSP-1026,CUST-4200,2025-10-28,Latin America,Mid-Market,Retail,Email,Customer Support,7,3,5,Yes,"Support resolved the issue, but communication could be better."
RSP-1027,CUST-3540,2025-12-24,Asia-Pacific,Mid-Market,Technology,Email,Delivery,6,1,7,No,Customer service agent was rude and transferred me three times.
RSP-1028,CUST-2954,2025-01-30,Asia-Pacific,Mid-Market,Manufacturing,Phone,Delivery,2,1,4,Yes,Pricing is way too high for the features provided.
RSP-1029,CUST-1706,2025-08-11,North America,Mid-Market,Retail,Email,Product,4,2,4,Yes,Product keeps crashing after the latest update.
RSP-1030,CUST-4714,2025-11-10,Europe,Mid-Market,Finance,Web,Product,6,1,4,Yes,Frequent downtime impacted our business operations.
RSP-1031,CUST-1450,2025-06-08,North America,Mid-Market,Finance,Email,Customer Support,7,4,3,Yes,"Average experience, nothing exceptional to report."
RSP-1032,CUST-1978,2025-01-07,North America,Mid-Market,Manufacturing,Web,Product,10,5,1,Yes,Super fast delivery and pristine quality. Highly recommended!
RSP-1033,CUST-1092,2025-03-25,Europe,Enterprise,Healthcare,Phone,Customer Support,8,5,5,Yes,"Service is okay, expecting more frequent software updates."
RSP-1034,CUST-3840,2025-09-25,Asia-Pacific,SMB,Technology,Email,Delivery,8,4,4,Yes,"Delivery was on time, product packaging was slightly damaged."
RSP-1035,CUST-2367,2025-07-10,North America,SMB,Technology,Email,Product,7,3,3,Yes,"Average experience, nothing exceptional to report."
RSP-1036,CUST-3201,2025-03-02,North America,SMB,Healthcare,Phone,Customer Support,5,3,7,Yes,Support response was extremely slow and unhelpful.
RSP-1037,CUST-3744,2025-08-08,North America,SMB,Finance,Email,Delivery,7,4,4,Yes,"Delivery was on time, product packaging was slightly damaged."
RSP-1038,CUST-1523,2025-05-15,Asia-Pacific,Mid-Market,Technology,Phone,Pricing,3,2,7,Yes,Frequent downtime impacted our business operations.
RSP-1039,CUST-1631,2025-09-12,Asia-Pacific,SMB,Technology,In-App,Customer Support,10,5,2,Yes,Best customer service team in the industry. Kudos!
RSP-1040,CUST-5184,2025-07-04,North America,SMB,Technology,Email,Quality,9,4,2,Yes,Exceptional customer support! Issue resolved within an hour.
RSP-1041,CUST-5092,2025-10-18,Europe,SMB,Healthcare,Email,Product,8,4,4,Yes,"Average experience, nothing exceptional to report."
RSP-1042,CUST-4012,2025-03-22,Europe,SMB,Technology,Email,Quality,1,1,7,Yes,Quality has visibly degraded over the last few months.
RSP-1043,CUST-1842,2025-10-21,Latin America,Mid-Market,Technology,Email,Customer Support,7,4,4,No,"Support resolved the issue, but communication could be better."
RSP-1044,CUST-2871,2025-09-18,North America,Mid-Market,Healthcare,In-App,Pricing,2,2,5,Yes,Support response was extremely slow and unhelpful.
RSP-1045,CUST-1360,2025-01-07,North America,Mid-Market,Healthcare,Email,Customer Support,6,2,5,Yes,Pricing is way too high for the features provided.
RSP-1046,CUST-1376,2025-08-30,Europe,Enterprise,Healthcare,Email,Delivery,1,2,10,Yes,"Issue took over a week to resolve, very frustrating."
RSP-1047,CUST-4137,2025-03-18,Europe,Enterprise,Finance,Email,Customer Support,8,5,3,Yes,"Average experience, nothing exceptional to report."
RSP-1048,CUST-1289,2025-10-11,Europe,SMB,Retail,Email,Quality,6,2,10,Yes,Customer service agent was rude and transferred me three times.
RSP-1049,CUST-2839,2025-06-14,Asia-Pacific,Mid-Market,Technology,Email,Customer Support,5,1,10,Yes,Pricing is way too high for the features provided.
RSP-1050,CUST-4409,2025-06-13,North America,Enterprise,Healthcare,Phone,Product,10,5,1,Yes,The team went above and beyond to help us with our migration.
RSP-1051,CUST-1638,2025-10-20,Europe,Mid-Market,Technology,Email,Quality,4,1,14,No,"Issue took over a week to resolve, very frustrating."
RSP-1052,CUST-1978,2025-09-15,North America,Mid-Market,Technology,Web,Delivery,7,5,5,No,"Product works fine, but missing key integrations."
RSP-1053,CUST-2469,2025-04-25,Europe,Mid-Market,Healthcare,Web,Quality,3,3,10,No,Platform UI is slow and unintuitive.
RSP-1054,CUST-1376,2025-07-25,Latin America,Mid-Market,Technology,Email,Product,8,4,4,Yes,"Support resolved the issue, but communication could be better."
RSP-1055,CUST-4810,2025-05-25,North America,Enterprise,Technology,Email,Delivery,0,1,4,Yes,Quality has visibly degraded over the last few months.
RSP-1056,CUST-3681,2025-02-14,Europe,Mid-Market,Healthcare,In-App,Product,8,4,3,No,"Service is okay, expecting more frequent software updates."
RSP-1057,CUST-1065,2025-07-08,North America,Mid-Market,Technology,Phone,Product,4,2,7,Yes,Pricing is way too high for the features provided.
RSP-1058,CUST-3388,2025-10-16,Asia-Pacific,Mid-Market,Technology,Phone,Customer Support,8,4,3,Yes,"Delivery was on time, product packaging was slightly damaged."
RSP-1059,CUST-2987,2025-08-26,Latin America,Mid-Market,Technology,Phone,Quality,1,3,14,Yes,"Issue took over a week to resolve, very frustrating."
RSP-1060,CUST-5041,2025-04-11,Latin America,Mid-Market,Retail,Email,Delivery,6,2,4,Yes,Platform UI is slow and unintuitive.
RSP-1061,CUST-3008,2025-03-19,North America,Mid-Market,Technology,Phone,Delivery,1,1,4,Yes,Support response was extremely slow and unhelpful.
RSP-1062,CUST-4359,2025-01-13,Middle East & Africa,Enterprise,Manufacturing,Web,Customer Support,8,4,2,Yes,"Pricing is fair, but onboarding was slightly confusing."
RSP-1063,CUST-3837,2025-11-22,Asia-Pacific,Mid-Market,Retail,Email,Customer Support,8,3,3,Yes,"Product works fine, but missing key integrations."
RSP-1064,CUST-3744,2025-01-01,Latin America,Mid-Market,Retail,Email,Product,2,1,5,Yes,Customer service agent was rude and transferred me three times.
RSP-1065,CUST-3519,2025-02-23,Asia-Pacific,SMB,Technology,Email,Product,8,3,2,No,"Pricing is fair, but onboarding was slightly confusing."
RSP-1066,CUST-2951,2025-08-03,Asia-Pacific,Enterprise,Healthcare,Email,Quality,6,1,10,Yes,Billing error was not resolved on time.
RSP-1067,CUST-1490,2025-03-14,North America,Mid-Market,Healthcare,Email,Product,7,3,4,Yes,"Delivery was on time, product packaging was slightly damaged."
RSP-1068,CUST-1762,2025-01-23,North America,Mid-Market,Retail,Web,Delivery,2,2,7,Yes,Pricing is way too high for the features provided.
RSP-1069,CUST-4383,2025-12-25,Latin America,Enterprise,Manufacturing,Web,Customer Support,10,5,1,Yes,Smooth experience from purchase to setup. Very satisfied!
RSP-1070,CUST-4755,2025-02-13,North America,Mid-Market,Finance,Email,Delivery,5,3,4,Yes,Frequent downtime impacted our business operations.
RSP-1071,CUST-1782,2025-09-16,North America,Mid-Market,Technology,Phone,Product,5,3,4,Yes,Delivery took twice as long as promised.
RSP-1072,CUST-4230,2025-02-08,North America,Mid-Market,Healthcare,Email,Product,7,4,4,Yes,"Product works fine, but missing key integrations."
RSP-1073,CUST-4563,2025-12-06,Europe,Enterprise,Technology,Email,Product,5,2,7,No,Delivery took twice as long as promised.
RSP-1074,CUST-2939,2025-05-30,North America,Mid-Market,Retail,Phone,Product,6,1,5,No,Quality has visibly degraded over the last few months.
RSP-1075,CUST-3580,2025-07-21,North America,Enterprise,Finance,Web,Delivery,6,3,4,Yes,"Issue took over a week to resolve, very frustrating."
RSP-1076,CUST-3605,2025-08-20,Europe,SMB,Technology,Phone,Delivery,5,1,5,No,Quality has visibly degraded over the last few months.
RSP-1077,CUST-2913,2025-02-08,Europe,Mid-Market,Technology,Email,Delivery,8,5,3,Yes,"Pricing is fair, but onboarding was slightly confusing."
RSP-1078,CUST-2115,2025-10-27,Asia-Pacific,Mid-Market,Finance,Email,Customer Support,8,4,4,Yes,"Support resolved the issue, but communication could be better."
RSP-1079,CUST-2273,2025-02-24,Asia-Pacific,SMB,Technology,Email,Product,7,4,3,Yes,"Average experience, nothing exceptional to report."
RSP-1080,CUST-4682,2025-08-27,Asia-Pacific,Mid-Market,Technology,Phone,Delivery,2,1,4,No,"Issue took over a week to resolve, very frustrating."
RSP-1081,CUST-4330,2025-03-03,Asia-Pacific,Mid-Market,Finance,Web,Product,10,5,1,Yes,Smooth experience from purchase to setup. Very satisfied!
RSP-1082,CUST-2700,2025-08-20,North America,Enterprise,Finance,Phone,Quality,8,4,3,Yes,"Delivery was on time, product packaging was slightly damaged."
RSP-1083,CUST-4795,2025-05-16,North America,Mid-Market,Technology,Email,Quality,8,4,3,Yes,"Support resolved the issue, but communication could be better."
RSP-1084,CUST-1740,2025-03-22,North America,Enterprise,Manufacturing,Email,Product,8,4,2,Yes,"Delivery was on time, product packaging was slightly damaged."
RSP-1085,CUST-1330,2025-04-21,North America,SMB,Technology,Phone,Pricing,1,3,14,No,"Issue took over a week to resolve, very frustrating."
RSP-1086,CUST-2215,2025-02-16,North America,Mid-Market,Finance,In-App,Product,9,5,1,Yes,Great value for money and outstanding service reliability.
RSP-1087,CUST-3914,2025-07-22,Asia-Pacific,Mid-Market,Healthcare,In-App,Delivery,6,1,5,No,Platform UI is slow and unintuitive.
RSP-1088,CUST-1401,2025-12-13,Latin America,Mid-Market,Finance,Email,Product,8,3,2,Yes,"Delivery was on time, product packaging was slightly damaged."
RSP-1089,CUST-3131,2025-03-31,North America,Mid-Market,Healthcare,Phone,Pricing,6,1,14,No,Support response was extremely slow and unhelpful.
RSP-1090,CUST-4312,2025-08-20,North America,Enterprise,Finance,Phone,Quality,8,4,5,Yes,"Pricing is fair, but onboarding was slightly confusing."
RSP-1091,CUST-1775,2025-08-25,North America,SMB,Technology,Web,Pricing,6,2,7,Yes,Product keeps crashing after the latest update.
RSP-1092,CUST-2145,2025-03-04,North America,Mid-Market,Finance,Web,Product,8,4,3,Yes,"Product works fine, but missing key integrations."
RSP-1093,CUST-1505,2025-04-24,Asia-Pacific,Mid-Market,Healthcare,In-App,Product,10,4,1,Yes,Super fast delivery and pristine quality. Highly recommended!
RSP-1094,CUST-2623,2025-07-25,North America,SMB,Retail,Web,Pricing,3,2,4,Yes,"Issue took over a week to resolve, very frustrating."
RSP-1095,CUST-1688,2025-10-26,Asia-Pacific,Mid-Market,Finance,Phone,Customer Support,10,4,1,Yes,The team went above and beyond to help us with our migration.
RSP-1096,CUST-1614,2025-01-12,Europe,Enterprise,Finance,Email,Product,10,3,3,Yes,Fantastic product! Has significantly improved our team productivity.
RSP-1097,CUST-2619,2025-11-27,Asia-Pacific,Enterprise,Healthcare,Email,Pricing,1,1,7,Yes,Billing error was not resolved on time.
RSP-1098,CUST-2055,2025-02-17,North America,Mid-Market,Technology,Email,Delivery,7,4,3,Yes,"Acceptable response time, issue was eventually fixed."
RSP-1099,CUST-2003,2025-01-22,North America,SMB,Technology,Web,Quality,9,4,1,Yes,Best customer service team in the industry. Kudos!
RSP-1100,CUST-1414,2025-03-28,North America,SMB,Finance,Web,Product,9,5,2,Yes,Top-tier enterprise platform with excellent security features.
RSP-1101,CUST-4235,2025-09-12,North America,Mid-Market,Technology,Phone,Pricing,4,2,4,Yes,Support response was extremely slow and unhelpful.
RSP-1102,CUST-4135,2025-12-16,North America,Mid-Market,Manufacturing,Email,Customer Support,7,5,2,Yes,"Decent features for SMBs, but needs better reporting tools."
RSP-1103,CUST-2415,2025-07-01,North America,Mid-Market,Technology,Web,Customer Support,8,4,2,Yes,"Pricing is fair, but onboarding was slightly confusing."
RSP-1104,CUST-2533,2025-05-21,Middle East & Africa,SMB,Retail,Web,Product,5,1,5,Yes,Quality has visibly degraded over the last few months.
RSP-1105,CUST-4653,2025-03-18,Europe,Mid-Market,Retail,Web,Pricing,0,1,7,Yes,Support response was extremely slow and unhelpful.
RSP-1106,CUST-3013,2025-11-28,North America,Mid-Market,Technology,Phone,Delivery,5,2,5,Yes,Quality has visibly degraded over the last few months.
RSP-1107,CUST-5086,2025-07-30,North America,Mid-Market,Finance,Web,Customer Support,5,2,7,Yes,Platform UI is slow and unintuitive.
RSP-1108,CUST-4924,2025-02-01,Europe,Mid-Market,Finance,Web,Product,9,4,1,No,Fantastic product! Has significantly improved our team productivity.
RSP-1109,CUST-3291,2025-07-16,Middle East & Africa,Enterprise,Healthcare,Email,Delivery,8,5,3,Yes,"Average experience, nothing exceptional to report."
RSP-1110,CUST-4434,2025-04-13,Europe,Mid-Market,Manufacturing,Web,Customer Support,6,1,4,No,Platform UI is slow and unintuitive.
RSP-1111,CUST-3041,2025-11-19,Europe,Mid-Market,Healthcare,Web,Product,10,5,3,Yes,Exceptional customer support! Issue resolved within an hour.
RSP-1112,CUST-4133,2025-07-03,North America,Mid-Market,Unknown,Email,Customer Support,7,5,2,Yes,"Service is okay, expecting more frequent software updates."
RSP-1113,CUST-4970,2025-06-26,Asia-Pacific,SMB,Retail,Web,Pricing,3,2,4,Yes,Frequent downtime impacted our business operations.
RSP-1114,CUST-5115,2025-06-14,North America,Enterprise,Technology,Email,Product,10,4,2,Yes,Top-tier enterprise platform with excellent security features.
RSP-1115,CUST-3215,2025-04-03,Latin America,SMB,Finance,Web,Product,10,5,2,Yes,Exceptional customer support! Issue resolved within an hour.
RSP-1116,CUST-3612,2025-11-02,North America,SMB,Technology,Phone,Product,10,3,1,Yes,Great value for money and outstanding service reliability.
RSP-1117,CUST-1240,2025-05-24,Asia-Pacific,Mid-Market,Technology,Email,Customer Support,10,5,1,Yes,Exceptional customer support! Issue resolved within an hour.
RSP-1118,CUST-4864,2025-09-29,Europe,Mid-Market,Healthcare,Phone,Quality,7,4,2,Yes,"Acceptable response time, issue was eventually fixed."
RSP-1119,CUST-2906,2025-03-23,Europe,Enterprise,Technology,Phone,Customer Support,9,5,2,Yes,Fantastic product! Has significantly improved our team productivity.
RSP-1120,CUST-3030,2025-12-03,Asia-Pacific,Mid-Market,Technology,In-App,Product,5,1,4,No,Pricing is way too high for the features provided.
RSP-1121,CUST-3183,2025-10-01,Europe,Mid-Market,Finance,Phone,Product,8,4,3,Yes,"Product works fine, but missing key integrations."
RSP-1122,CUST-2797,2025-10-22,North America,Enterprise,Technology,Email,Quality,9,5,1,Yes,Top-tier enterprise platform with excellent security features.
RSP-1123,CUST-3906,2025-03-30,North America,Enterprise,Manufacturing,Phone,Pricing,3,2,5,Yes,Delivery took twice as long as promised.
RSP-1124,CUST-2937,2025-10-31,Europe,Mid-Market,Technology,Email,Product,9,5,1,Yes,Smooth experience from purchase to setup. Very satisfied!
RSP-1125,CUST-3939,2025-10-30,North America,Mid-Market,Technology,Web,Product,5,3,10,Yes,Support response was extremely slow and unhelpful.
RSP-1126,CUST-3880,2025-10-18,Asia-Pacific,Mid-Market,Retail,Phone,Customer Support,10,5,1,Yes,Super fast delivery and pristine quality. Highly recommended!
RSP-1127,CUST-2542,2025-09-10,North America,Enterprise,Technology,Phone,Customer Support,8,3,3,No,"Delivery was on time, product packaging was slightly damaged."
RSP-1128,CUST-2438,2025-09-09,North America,Mid-Market,Retail,Web,Delivery,8,4,4,Yes,"Product works fine, but missing key integrations."
RSP-1129,CUST-1739,2025-01-29,North America,Enterprise,Retail,Email,Product,5,3,10,Yes,Pricing is way too high for the features provided.
RSP-1130,CUST-2792,2025-01-11,Europe,Mid-Market,Healthcare,In-App,Product,7,4,3,Yes,"Service is okay, expecting more frequent software updates."
RSP-1131,CUST-1005,2025-06-19,Europe,Enterprise,Healthcare,Email,Product,2,2,5,Yes,Frequent downtime impacted our business operations.
RSP-1132,CUST-2650,2025-03-08,Asia-Pacific,Mid-Market,Healthcare,Email,Delivery,6,2,10,No,"Issue took over a week to resolve, very frustrating."
RSP-1133,CUST-2453,2025-06-15,North America,Enterprise,Finance,Email,Product,10,5,3,Yes,Exceptional customer support! Issue resolved within an hour.
RSP-1134,CUST-1179,2025-03-17,Asia-Pacific,Enterprise,Technology,Phone,Product,6,1,4,Yes,Frequent downtime impacted our business operations.
RSP-1135,CUST-2160,2025-02-26,Asia-Pacific,Enterprise,Technology,Phone,Pricing,3,1,7,No,Platform UI is slow and unintuitive.
RSP-1136,CUST-3989,2025-02-07,Asia-Pacific,Mid-Market,Technology,Phone,Product,9,5,3,Yes,Smooth experience from purchase to setup. Very satisfied!
RSP-1137,CUST-4240,2025-10-28,North America,Mid-Market,Finance,Web,Product,6,2,5,No,Product keeps crashing after the latest update.
RSP-1138,CUST-3757,2025-06-04,Europe,SMB,Finance,Web,Delivery,8,4,3,Yes,"Acceptable response time, issue was eventually fixed."
RSP-1139,CUST-2117,2025-03-22,Europe,Mid-Market,Technology,In-App,Product,9,5,1,Yes,Top-tier enterprise platform with excellent security features.
RSP-1140,CUST-4991,2025-11-29,North America,Enterprise,Healthcare,In-App,Product,8,4,4,Yes,"Acceptable response time, issue was eventually fixed."
RSP-1141,CUST-2427,2025-12-29,Asia-Pacific,Mid-Market,Finance,In-App,Quality,0,2,5,Yes,Platform UI is slow and unintuitive.
RSP-1142,CUST-3923,2025-04-25,Europe,Mid-Market,Healthcare,In-App,Product,10,5,1,Yes,Super fast delivery and pristine quality. Highly recommended!
RSP-1143,CUST-4099,2025-06-07,North America,Mid-Market,Healthcare,Email,Pricing,8,3,2,Yes,"Delivery was on time, product packaging was slightly damaged."
RSP-1144,CUST-2043,2025-04-01,North America,Mid-Market,Technology,Phone,Product,6,2,7,No,Support response was extremely slow and unhelpful.
RSP-1145,CUST-4207,2025-10-18,Latin America,Mid-Market,Technology,Web,Pricing,8,3,5,Yes,"Product works fine, but missing key integrations."
RSP-1146,CUST-2491,2025-11-05,Asia-Pacific,SMB,Technology,In-App,Delivery,10,5,3,Yes,Smooth experience from purchase to setup. Very satisfied!
RSP-1147,CUST-2809,2025-11-24,Asia-Pacific,Mid-Market,Healthcare,Email,Customer Support,5,2,5,No,Frequent downtime impacted our business operations.
RSP-1148,CUST-1852,2025-09-12,North America,Enterprise,Technology,Email,Product,8,5,4,Yes,"Average experience, nothing exceptional to report."
RSP-1149,CUST-3712,2025-02-09,North America,Mid-Market,Technology,Web,Product,7,4,4,Yes,"Pricing is fair, but onboarding was slightly confusing."
RSP-1150,CUST-3841,2025-06-13,Europe,Enterprise,Finance,In-App,Delivery,4,3,7,Yes,Delivery took twice as long as promised.
RSP-1151,CUST-1726,2025-12-29,Europe,Mid-Market,Technology,Web,Delivery,0,2,5,Yes,"Issue took over a week to resolve, very frustrating."
RSP-1152,CUST-4658,2025-01-06,Europe,SMB,Retail,In-App,Quality,0,1,10,Yes,Quality has visibly degraded over the last few months.
RSP-1153,CUST-2717,2025-05-08,Europe,Mid-Market,Healthcare,In-App,Delivery,4,3,7,Yes,Product keeps crashing after the latest update.
RSP-1154,CUST-3871,2025-05-12,Europe,SMB,Retail,Web,Customer Support,6,3,14,Yes,Product keeps crashing after the latest update.
RSP-1155,CUST-1010,2025-01-25,North America,SMB,Retail,In-App,Quality,7,4,3,Yes,"Decent features for SMBs, but needs better reporting tools."
RSP-1156,CUST-4589,2025-08-03,Asia-Pacific,Mid-Market,Finance,Phone,Delivery,1,1,4,Yes,Delivery took twice as long as promised.
RSP-1157,CUST-4391,2025-09-10,Middle East & Africa,Enterprise,Technology,Phone,Customer Support,4,2,10,Yes,Customer service agent was rude and transferred me three times.
RSP-1158,CUST-3877,2025-10-07,North America,SMB,Retail,Web,Product,7,4,2,Yes,"Decent features for SMBs, but needs better reporting tools."
RSP-1159,CUST-1830,2025-09-03,Europe,Mid-Market,Retail,Web,Delivery,8,3,4,Yes,"Pricing is fair, but onboarding was slightly confusing."
RSP-1160,CUST-2332,2025-08-20,North America,Mid-Market,Healthcare,In-App,Delivery,3,2,7,Yes,Product keeps crashing after the latest update.
RSP-1161,CUST-1273,2025-05-31,Asia-Pacific,SMB,Retail,In-App,Product,9,5,1,Yes,Exceptional customer support! Issue resolved within an hour.
RSP-1162,CUST-3610,2025-05-14,Middle East & Africa,SMB,Manufacturing,Web,Pricing,7,4,2,Yes,"Support resolved the issue, but communication could be better."
RSP-1163,CUST-1607,2025-06-25,North America,Mid-Market,Healthcare,Phone,Pricing,9,4,1,Yes,Super fast delivery and pristine quality. Highly recommended!
RSP-1164,CUST-4075,2025-03-24,North America,SMB,Healthcare,Phone,Quality,9,4,2,Yes,Fantastic product! Has significantly improved our team productivity.
RSP-1165,CUST-1762,2025-06-23,North America,Enterprise,Healthcare,Email,Product,9,5,1,Yes,Best customer service team in the industry. Kudos!
RSP-1166,CUST-1253,2025-08-09,Asia-Pacific,Enterprise,Manufacturing,Phone,Delivery,2,1,5,Yes,Delivery took twice as long as promised.
RSP-1167,CUST-4556,2025-03-22,Europe,Enterprise,Unknown,Phone,Product,1,1,4,No,Support response was extremely slow and unhelpful.
RSP-1168,CUST-1829,2025-06-19,North America,SMB,Healthcare,Phone,Delivery,6,1,4,Yes,Pricing is way too high for the features provided.
RSP-1169,CUST-2556,2025-07-29,North America,Mid-Market,Finance,Phone,Customer Support,8,4,4,Yes,"Delivery was on time, product packaging was slightly damaged."
RSP-1170,CUST-3306,2025-06-02,Europe,SMB,Healthcare,Email,Customer Support,8,3,4,Yes,"Pricing is fair, but onboarding was slightly confusing."
RSP-1171,CUST-1785,2025-01-26,Asia-Pacific,SMB,Manufacturing,Email,Customer Support,7,4,2,Yes,"Decent features for SMBs, but needs better reporting tools."
RSP-1172,CUST-5021,2025-03-20,Europe,Enterprise,Finance,Web,Customer Support,10,5,3,Yes,Exceptional customer support! Issue resolved within an hour.
RSP-1173,CUST-3955,2025-01-02,North America,Enterprise,Healthcare,Email,Customer Support,8,4,3,Yes,"Decent features for SMBs, but needs better reporting tools."
RSP-1174,CUST-1717,2025-05-31,Asia-Pacific,Mid-Market,Manufacturing,Email,Pricing,0,3,4,No,Frequent downtime impacted our business operations.
RSP-1175,CUST-4934,2025-04-13,Asia-Pacific,Mid-Market,Manufacturing,Phone,Customer Support,10,5,1,Yes,Fantastic product! Has significantly improved our team productivity.
RSP-1176,CUST-1210,2025-04-16,Latin America,SMB,Manufacturing,Email,Quality,6,3,7,Yes,Delivery took twice as long as promised.
RSP-1177,CUST-3390,2025-02-11,Europe,Mid-Market,Technology,In-App,Quality,2,2,7,Yes,Billing error was not resolved on time.
RSP-1178,CUST-1946,2025-06-07,North America,SMB,Finance,Phone,Customer Support,2,2,4,Yes,Customer service agent was rude and transferred me three times.
RSP-1179,CUST-4857,2025-09-08,Europe,SMB,Healthcare,Email,Customer Support,10,5,2,Yes,No feedback provided
RSP-1180,CUST-1746,2025-11-25,Asia-Pacific,Enterprise,Technology,Email,Delivery,9,5,1,Yes,Top-tier enterprise platform with excellent security features.
RSP-1181,CUST-2514,2025-07-09,North America,Mid-Market,Finance,In-App,Pricing,6,3,7,Yes,Customer service agent was rude and transferred me three times.
RSP-1182,CUST-4026,2025-04-06,Europe,Mid-Market,Finance,Email,Delivery,3,3,5,No,Billing error was not resolved on time.
RSP-1183,CUST-1365,2025-05-15,Asia-Pacific,Mid-Market,Finance,In-App,Delivery,9,5,1,Yes,Best customer service team in the industry. Kudos!
RSP-1184,CUST-4809,2025-05-15,Asia-Pacific,SMB,Finance,In-App,Quality,9,5,1,Yes,Great value for money and outstanding service reliability.
RSP-1185,CUST-3200,2025-10-16,Europe,Mid-Market,Healthcare,Phone,Delivery,0,3,5,Yes,Support response was extremely slow and unhelpful.
RSP-1186,CUST-2238,2025-12-23,North America,Enterprise,Technology,Web,Product,10,5,1,Yes,Fantastic product! Has significantly improved our team productivity.
RSP-1187,CUST-1702,2025-12-09,North America,SMB,Retail,Phone,Product,6,2,21,Yes,"Issue took over a week to resolve, very frustrating."
RSP-1188,CUST-4391,2025-10-29,Asia-Pacific,Mid-Market,Technology,Phone,Product,9,5,2,Yes,Great value for money and outstanding service reliability.
RSP-1189,CUST-1499,2025-07-18,Middle East & Africa,Enterprise,Retail,Web,Pricing,4,2,5,Yes,Platform UI is slow and unintuitive.
RSP-1190,CUST-4429,2025-10-02,Europe,Enterprise,Manufacturing,Email,Customer Support,8,4,3,Yes,"Service is okay, expecting more frequent software updates."
RSP-1191,CUST-2930,2025-09-01,Europe,Mid-Market,Manufacturing,Web,Pricing,0,1,4,Yes,Quality has visibly degraded over the last few months.
RSP-1192,CUST-1646,2025-07-22,North America,Mid-Market,Technology,Phone,Quality,8,4,3,Yes,"Product works fine, but missing key integrations."
RSP-1193,CUST-5113,2025-10-20,North America,Mid-Market,Healthcare,Web,Customer Support,8,4,2,Yes,"Average experience, nothing exceptional to report."
RSP-1194,CUST-1985,2025-08-18,Europe,Enterprise,Technology,Email,Quality,3,2,7,Yes,Delivery took twice as long as promised.
RSP-1195,CUST-2369,2025-04-19,Latin America,SMB,Healthcare,Email,Delivery,6,2,7,Yes,Pricing is way too high for the features provided.
RSP-1196,CUST-2033,2025-01-22,Europe,Enterprise,Finance,Email,Customer Support,1,1,10,Yes,Customer service agent was rude and transferred me three times.
RSP-1197,CUST-1641,2025-12-16,Asia-Pacific,Mid-Market,Finance,Email,Delivery,5,2,7,Yes,Customer service agent was rude and transferred me three times.
RSP-1198,CUST-2654,2025-11-18,North America,Enterprise,Technology,Email,Customer Support,9,5,3,Yes,Super fast delivery and pristine quality. Highly recommended!
RSP-1199,CUST-3112,2025-06-13,Latin America,SMB,Finance,Email,Product,0,2,5,No,Product keeps crashing after the latest update.
RSP-1200,CUST-1712,2025-07-18,North America,SMB,Technology,Email,Delivery,4,1,10,Yes,Platform UI is slow and unintuitive.
RSP-1201,CUST-4255,2025-10-10,North America,SMB,Technology,In-App,Pricing,0,1,5,No,"Issue took over a week to resolve, very frustrating."
RSP-1202,CUST-3262,2025-09-24,Europe,Mid-Market,Finance,Email,Quality,8,4,4,Yes,"Service is okay, expecting more frequent software updates."
RSP-1203,CUST-1101,2025-12-25,North America,Mid-Market,Healthcare,Email,Pricing,1,2,7,Yes,Frequent downtime impacted our business operations.
RSP-1204,CUST-4437,2025-02-27,Latin America,SMB,Healthcare,Email,Product,7,4,3,No,"Decent features for SMBs, but needs better reporting tools."
RSP-1205,CUST-2225,2025-03-17,Europe,SMB,Finance,Phone,Quality,6,3,5,Yes,Frequent downtime impacted our business operations.
RSP-1206,CUST-1820,2025-02-24,Asia-Pacific,Mid-Market,Retail,In-App,Product,8,4,3,Yes,"Support resolved the issue, but communication could be better."
RSP-1207,CUST-3343,2025-10-02,North America,Mid-Market,Finance,Email,Quality,7,5,3,Yes,"Acceptable response time, issue was eventually fixed."
RSP-1208,CUST-4366,2025-05-16,Europe,Enterprise,Manufacturing,Email,Customer Support,8,4,2,Yes,"Decent features for SMBs, but needs better reporting tools."
RSP-1209,CUST-4977,2025-10-20,Europe,Mid-Market,Manufacturing,Email,Delivery,5,1,14,Yes,Frequent downtime impacted our business operations.
RSP-1210,CUST-4875,2025-01-20,North America,Mid-Market,Finance,Phone,Customer Support,1,1,10,Yes,Delivery took twice as long as promised.
RSP-1211,CUST-3256,2025-07-26,Asia-Pacific,Enterprise,Retail,Email,Customer Support,4,1,5,Yes,Delivery took twice as long as promised.
RSP-1212,CUST-4290,2025-01-20,North America,Mid-Market,Finance,Web,Customer Support,8,4,3,Yes,"Decent features for SMBs, but needs better reporting tools."
RSP-1213,CUST-3715,2025-12-20,Asia-Pacific,Enterprise,Technology,Phone,Product,10,5,1,Yes,Great value for money and outstanding service reliability.
RSP-1214,CUST-1403,2025-09-01,Europe,Mid-Market,Technology,Web,Customer Support,6,1,10,Yes,Quality has visibly degraded over the last few months.
RSP-1215,CUST-4051,2025-01-11,Asia-Pacific,Mid-Market,Finance,Web,Quality,5,1,10,Yes,"Issue took over a week to resolve, very frustrating."
RSP-1216,CUST-3482,2025-06-09,North America,SMB,Technology,Email,Product,8,4,3,Yes,"Delivery was on time, product packaging was slightly damaged."
RSP-1217,CUST-5027,2025-12-23,North America,Mid-Market,Technology,In-App,Product,10,4,2,Yes,Fantastic product! Has significantly improved our team productivity.
RSP-1218,CUST-2867,2025-03-10,North America,SMB,Retail,Email,Customer Support,8,5,3,Yes,"Delivery was on time, product packaging was slightly damaged."
RSP-1219,CUST-4629,2025-06-14,Europe,Mid-Market,Retail,Email,Product,8,4,2,Yes,"Delivery was on time, product packaging was slightly damaged."
RSP-1220,CUST-4414,2025-11-06,Latin America,Enterprise,Finance,Web,Delivery,9,5,1,Yes,Fantastic product! Has significantly improved our team productivity.
RSP-1221,CUST-2539,2025-08-15,Asia-Pacific,Mid-Market,Retail,Email,Product,5,1,4,No,Pricing is way too high for the features provided.
RSP-1222,CUST-4335,2025-09-06,Europe,Mid-Market,Finance,Web,Delivery,8,4,5,Yes,"Acceptable response time, issue was eventually fixed."
RSP-1224,CUST-1537,2025-06-09,Latin America,Mid-Market,Healthcare,Phone,Customer Support,10,5,2,Yes,Top-tier enterprise platform with excellent security features.
RSP-1225,CUST-2111,2025-09-26,Europe,SMB,Healthcare,In-App,Customer Support,1,3,7,Yes,Frequent downtime impacted our business operations.
RSP-1226,CUST-1237,2025-03-30,Europe,Enterprise,Healthcare,Web,Product,6,1,5,No,Pricing is way too high for the features provided.
RSP-1227,CUST-2644,2025-01-30,Asia-Pacific,SMB,Finance,Email,Pricing,7,3,3,No,"Pricing is fair, but onboarding was slightly confusing."
RSP-1228,CUST-1270,2025-08-22,Asia-Pacific,Mid-Market,Finance,Email,Delivery,4,1,4,Yes,Support response was extremely slow and unhelpful.
RSP-1229,CUST-3952,2025-12-27,Europe,SMB,Manufacturing,Email,Customer Support,10,4,2,Yes,Great value for money and outstanding service reliability.
RSP-1230,CUST-3244,2025-07-08,North America,SMB,Retail,Email,Product,1,1,7,Yes,Billing error was not resolved on time.
RSP-1231,CUST-5137,2025-07-23,North America,SMB,Healthcare,Email,Delivery,5,1,5,Yes,Product keeps crashing after the latest update.
RSP-1232,CUST-1250,2025-05-04,Asia-Pacific,SMB,Technology,Email,Customer Support,9,5,3,Yes,Smooth experience from purchase to setup. Very satisfied!
RSP-1233,CUST-5004,2025-11-01,Europe,Mid-Market,Manufacturing,Web,Product,7,4,3,Yes,"Service is okay, expecting more frequent software updates."
RSP-1234,CUST-2454,2025-08-31,Asia-Pacific,SMB,Manufacturing,Email,Quality,8,4,4,Yes,"Acceptable response time, issue was eventually fixed."
RSP-1235,CUST-3820,2025-03-25,Asia-Pacific,Mid-Market,Technology,Phone,Customer Support,5,1,5,Yes,Quality has visibly degraded over the last few months.
RSP-1236,CUST-1740,2025-05-26,Latin America,SMB,Healthcare,Web,Delivery,7,3,3,Yes,"Product works fine, but missing key integrations."
RSP-1237,CUST-4166,2025-01-26,North America,SMB,Retail,Email,Delivery,8,4,2,Yes,"Average experience, nothing exceptional to report."
RSP-1238,CUST-2755,2025-04-24,Europe,Mid-Market,Technology,Email,Quality,8,5,4,No,"Pricing is fair, but onboarding was slightly confusing."
RSP-1239,CUST-2693,2025-05-18,North America,SMB,Technology,Web,Delivery,3,3,14,Yes,Customer service agent was rude and transferred me three times.
RSP-1240,CUST-1164,2025-12-16,Europe,Mid-Market,Healthcare,Web,Delivery,9,4,1,Yes,Exceptional customer support! Issue resolved within an hour.
RSP-1241,CUST-4883,2025-03-09,North America,Mid-Market,Retail,Web,Delivery,5,1,5,Yes,Delivery took twice as long as promised.
RSP-1242,CUST-1069,2025-04-25,North America,SMB,Finance,In-App,Customer Support,10,5,1,No,The team went above and beyond to help us with our migration.
RSP-1243,CUST-3502,2025-12-31,Europe,Enterprise,Finance,In-App,Quality,7,4,5,Yes,"Delivery was on time, product packaging was slightly damaged."
RSP-1244,CUST-4471,2025-07-12,Europe,Mid-Market,Finance,Phone,Product,5,2,4,Yes,"Issue took over a week to resolve, very frustrating."
RSP-1245,CUST-4760,2025-05-10,Asia-Pacific,Mid-Market,Healthcare,In-App,Product,7,4,4,No,"Pricing is fair, but onboarding was slightly confusing."
RSP-1246,CUST-4823,2025-06-04,Latin America,SMB,Technology,Email,Delivery,1,2,7,Yes,Platform UI is slow and unintuitive.
RSP-1247,CUST-4253,2025-10-27,Asia-Pacific,Enterprise,Healthcare,Phone,Delivery,4,1,5,No,Product keeps crashing after the latest update.
RSP-1248,CUST-1060,2025-09-19,Latin America,Mid-Market,Healthcare,Web,Pricing,2,1,10,Yes,"Issue took over a week to resolve, very frustrating."
RSP-1249,CUST-3315,2025-06-02,North America,Mid-Market,Technology,Phone,Customer Support,10,5,1,Yes,Fantastic product! Has significantly improved our team productivity.
RSP-1250,CUST-4946,2025-02-02,Latin America,Enterprise,Healthcare,Email,Quality,6,1,5,No,"Issue took over a week to resolve, very frustrating."
RSP-1251,CUST-3264,2025-11-24,Europe,SMB,Retail,In-App,Delivery,9,4,1,Yes,Smooth experience from purchase to setup. Very satisfied!
RSP-1252,CUST-3268,2025-05-14,North America,Mid-Market,Technology,Phone,Delivery,7,5,3,Yes,"Delivery was on time, product packaging was slightly damaged."
RSP-1253,CUST-2543,2025-03-18,Latin America,Mid-Market,Technology,Email,Customer Support,3,1,5,Yes,Platform UI is slow and unintuitive.
RSP-1254,CUST-2968,2025-01-30,Europe,SMB,Finance,Email,Product,10,4,2,Yes,Top-tier enterprise platform with excellent security features.
RSP-1255,CUST-3618,2025-12-15,Latin America,Mid-Market,Healthcare,Web,Customer Support,6,2,10,Yes,Delivery took twice as long as promised.
RSP-1256,CUST-1208,2025-12-02,North America,Mid-Market,Technology,Phone,Product,7,3,3,Yes,"Service is okay, expecting more frequent software updates."
RSP-1257,CUST-3421,2025-05-13,North America,Enterprise,Manufacturing,Email,Customer Support,2,1,7,Yes,Customer service agent was rude and transferred me three times.
RSP-1258,CUST-4314,2025-07-18,Middle East & Africa,SMB,Retail,Phone,Delivery,3,3,7,Yes,Support response was extremely slow and unhelpful.
RSP-1259,CUST-2555,2025-06-25,North America,Enterprise,Manufacturing,Email,Delivery,1,2,4,No,Pricing is way too high for the features provided.
RSP-1260,CUST-4897,2025-12-10,North America,SMB,Finance,Email,Customer Support,6,1,14,Yes,"Issue took over a week to resolve, very frustrating."
RSP-1261,CUST-5155,2025-06-03,North America,Enterprise,Healthcare,Web,Delivery,9,5,1,Yes,Super fast delivery and pristine quality. Highly recommended!
RSP-1262,CUST-2483,2025-05-31,Latin America,Mid-Market,Technology,Email,Customer Support,9,4,1,Yes,Fantastic product! Has significantly improved our team productivity.
RSP-1263,CUST-4856,2025-03-07,Asia-Pacific,Mid-Market,Finance,Phone,Customer Support,7,3,4,Yes,"Delivery was on time, product packaging was slightly damaged."
RSP-1264,CUST-2499,2025-12-15,Middle East & Africa,Mid-Market,Manufacturing,In-App,Product,9,5,3,Yes,Smooth experience from purchase to setup. Very satisfied!
RSP-1265,CUST-1731,2025-04-24,Asia-Pacific,Mid-Market,Technology,Email,Delivery,7,4,3,Yes,"Acceptable response time, issue was eventually fixed."
RSP-1266,CUST-2829,2025-06-07,Europe,Enterprise,Retail,In-App,Delivery,0,1,7,Yes,Customer service agent was rude and transferred me three times.
RSP-1267,CUST-3714,2025-07-10,Asia-Pacific,Mid-Market,Finance,Web,Delivery,5,1,7,No,Quality has visibly degraded over the last few months.
RSP-1268,CUST-3408,2025-08-26,Europe,SMB,Unknown,Email,Customer Support,8,4,2,Yes,"Support resolved the issue, but communication could be better."
RSP-1269,CUST-4854,2025-01-28,North America,Enterprise,Healthcare,Email,Pricing,3,2,7,No,Frequent downtime impacted our business operations.
RSP-1270,CUST-1583,2025-08-30,North America,SMB,Healthcare,Web,Delivery,1,2,4,Yes,Pricing is way too high for the features provided.
RSP-1271,CUST-5099,2025-03-03,North America,Mid-Market,Manufacturing,Phone,Quality,6,2,14,No,Customer service agent was rude and transferred me three times.
RSP-1272,CUST-3444,2025-07-31,Asia-Pacific,Mid-Market,Healthcare,Email,Delivery,4,2,14,Yes,No feedback provided
RSP-1273,CUST-2235,2025-03-12,North America,SMB,Technology,Phone,Product,7,5,2,Yes,"Pricing is fair, but onboarding was slightly confusing."
RSP-1274,CUST-3807,2025-07-29,North America,SMB,Retail,Email,Product,8,4,3,Yes,"Service is okay, expecting more frequent software updates."
RSP-1275,CUST-2173,2025-06-11,North America,Mid-Market,Technology,Web,Product,5,3,5,No,Delivery took twice as long as promised.
RSP-1276,CUST-1662,2025-09-07,North America,Mid-Market,Finance,Email,Quality,7,4,3,Yes,"Acceptable response time, issue was eventually fixed."
RSP-1277,CUST-2448,2025-06-10,North America,Mid-Market,Technology,Email,Customer Support,8,5,2,Yes,"Product works fine, but missing key integrations."
RSP-1278,CUST-1038,2025-08-20,Asia-Pacific,Mid-Market,Healthcare,Email,Delivery,2,3,5,No,Quality has visibly degraded over the last few months.
RSP-1279,CUST-2715,2025-03-28,Europe,Mid-Market,Healthcare,Web,Quality,3,1,5,Yes,Frequent downtime impacted our business operations.
RSP-1280,CUST-2297,2025-09-08,Europe,SMB,Healthcare,Web,Customer Support,7,3,4,Yes,"Support resolved the issue, but communication could be better."
RSP-1281,CUST-2060,2025-11-11,Asia-Pacific,Enterprise,Technology,Email,Customer Support,9,4,2,Yes,Top-tier enterprise platform with excellent security features.
RSP-1282,CUST-4517,2025-07-26,Asia-Pacific,SMB,Technology,In-App,Product,7,5,5,Yes,"Decent features for SMBs, but needs better reporting tools."
RSP-1283,CUST-4910,2025-07-16,Europe,SMB,Retail,Email,Quality,6,2,5,Yes,Support response was extremely slow and unhelpful.
RSP-1284,CUST-1309,2025-10-01,Latin America,Mid-Market,Manufacturing,Email,Customer Support,9,5,1,Yes,Great value for money and outstanding service reliability.
RSP-1285,CUST-4056,2025-01-08,Latin America,SMB,Technology,Web,Delivery,2,3,5,No,"Issue took over a week to resolve, very frustrating."
RSP-1286,CUST-2561,2025-01-10,North America,Enterprise,Healthcare,Email,Customer Support,6,1,4,Yes,Support response was extremely slow and unhelpful.
RSP-1287,CUST-3038,2025-04-26,Asia-Pacific,Enterprise,Finance,In-App,Customer Support,9,4,1,Yes,Smooth experience from purchase to setup. Very satisfied!
RSP-1288,CUST-3556,2025-03-08,Asia-Pacific,Mid-Market,Finance,Email,Product,9,5,1,Yes,Fantastic product! Has significantly improved our team productivity.
RSP-1289,CUST-4142,2025-09-15,North America,Mid-Market,Retail,Web,Delivery,1,1,7,Yes,Frequent downtime impacted our business operations.
RSP-1290,CUST-3507,2025-03-27,Asia-Pacific,SMB,Retail,Email,Quality,5,1,4,Yes,Product keeps crashing after the latest update.
RSP-1291,CUST-1374,2025-06-02,Latin America,Enterprise,Technology,In-App,Product,9,5,1,Yes,The team went above and beyond to help us with our migration.
RSP-1292,CUST-4734,2025-09-24,North America,Mid-Market,Technology,Email,Product,3,1,10,Yes,Frequent downtime impacted our business operations.
RSP-1293,CUST-3767,2025-08-11,North America,Mid-Market,Manufacturing,In-App,Customer Support,10,5,1,Yes,Super fast delivery and pristine quality. Highly recommended!
RSP-1294,CUST-3807,2025-09-08,Europe,Mid-Market,Healthcare,In-App,Quality,6,2,5,Yes,"Issue took over a week to resolve, very frustrating."
RSP-1295,CUST-2543,2025-03-26,North America,Mid-Market,Technology,Web,Delivery,5,1,4,No,Customer service agent was rude and transferred me three times.
RSP-1296,CUST-1156,2025-04-27,Europe,SMB,Manufacturing,Email,Product,10,5,1,Yes,Great value for money and outstanding service reliability.
RSP-1297,CUST-2074,2025-04-19,Asia-Pacific,Mid-Market,Finance,Web,Customer Support,0,1,4,Yes,Support response was extremely slow and unhelpful.
RSP-1298,CUST-5133,2025-03-28,Latin America,Enterprise,Technology,Email,Customer Support,8,3,2,Yes,"Support resolved the issue, but communication could be better."
RSP-1299,CUST-4003,2025-12-31,Europe,Mid-Market,Manufacturing,Phone,Product,9,5,1,Yes,Exceptional customer support! Issue resolved within an hour.
RSP-1300,CUST-4073,2025-11-24,Europe,SMB,Manufacturing,Email,Delivery,4,3,14,Yes,Quality has visibly degraded over the last few months.
RSP-1301,CUST-1398,2025-11-01,North America,Mid-Market,Technology,Email,Product,8,5,5,Yes,"Product works fine, but missing key integrations."
RSP-1302,CUST-1885,2025-12-01,Europe,SMB,Technology,Web,Delivery,2,1,4,No,Support response was extremely slow and unhelpful.
RSP-1303,CUST-1395,2025-12-20,North America,Mid-Market,Technology,Web,Delivery,5,2,5,Yes,Product keeps crashing after the latest update.
RSP-1304,CUST-4414,2025-08-16,Asia-Pacific,Enterprise,Technology,Web,Product,6,2,5,No,Customer service agent was rude and transferred me three times.
RSP-1305,CUST-2012,2025-10-08,Europe,Mid-Market,Finance,Email,Delivery,4,1,21,No,Quality has visibly degraded over the last few months.
RSP-1306,CUST-4886,2025-12-26,North America,Enterprise,Technology,Email,Product,8,5,4,Yes,"Average experience, nothing exceptional to report."
RSP-1307,CUST-2683,2025-12-22,North America,Mid-Market,Retail,Web,Pricing,5,2,4,Yes,Support response was extremely slow and unhelpful.
RSP-1308,CUST-3466,2025-08-04,North America,Mid-Market,Finance,Email,Product,0,1,4,Yes,Product keeps crashing after the latest update.
RSP-1309,CUST-3211,2025-11-15,North America,Enterprise,Manufacturing,Email,Product,8,5,3,Yes,"Average experience, nothing exceptional to report."
RSP-1310,CUST-4431,2025-02-23,Europe,SMB,Finance,Phone,Quality,9,5,1,Yes,Fantastic product! Has significantly improved our team productivity.
RSP-1311,CUST-3315,2025-02-28,Asia-Pacific,Enterprise,Manufacturing,Email,Delivery,8,3,3,Yes,"Support resolved the issue, but communication could be better."
RSP-1312,CUST-5077,2025-04-12,North America,Enterprise,Unknown,Email,Pricing,10,4,2,Yes,Great value for money and outstanding service reliability.
RSP-1313,CUST-3154,2025-09-25,North America,Enterprise,Manufacturing,In-App,Product,4,1,7,Yes,Pricing is way too high for the features provided.
RSP-1314,CUST-3932,2025-12-27,North America,SMB,Technology,In-App,Customer Support,7,4,4,Yes,"Decent features for SMBs, but needs better reporting tools."
RSP-1315,CUST-3419,2025-03-24,North America,SMB,Technology,Email,Delivery,7,4,5,Yes,"Product works fine, but missing key integrations."
RSP-1316,CUST-5066,2025-04-17,North America,Mid-Market,Retail,Email,Product,0,2,14,No,Billing error was not resolved on time.
RSP-1317,CUST-3708,2025-05-01,Middle East & Africa,Enterprise,Manufacturing,Web,Delivery,10,5,2,Yes,Exceptional customer support! Issue resolved within an hour.
RSP-1318,CUST-1104,2025-12-10,Asia-Pacific,Mid-Market,Technology,Phone,Delivery,7,4,5,Yes,"Support resolved the issue, but communication could be better."
RSP-1319,CUST-1904,2025-10-21,Asia-Pacific,SMB,Retail,Email,Product,0,2,7,No,Billing error was not resolved on time.
RSP-1320,CUST-2221,2025-02-16,North America,Mid-Market,Finance,Web,Pricing,7,4,3,Yes,"Support resolved the issue, but communication could be better."
RSP-1321,CUST-1829,2025-05-12,Europe,Enterprise,Technology,Email,Customer Support,3,1,5,Yes,Pricing is way too high for the features provided.
RSP-1322,CUST-4741,2025-06-01,North America,Mid-Market,Technology,Email,Delivery,3,1,4,No,Quality has visibly degraded over the last few months.
RSP-1323,CUST-4803,2025-01-26,Asia-Pacific,Enterprise,Technology,In-App,Customer Support,7,4,4,Yes,"Support resolved the issue, but communication could be better."
RSP-1324,CUST-2431,2025-01-21,Europe,Mid-Market,Technology,In-App,Customer Support,5,3,14,No,Quality has visibly degraded over the last few months.
RSP-1325,CUST-3950,2025-12-13,Latin America,SMB,Technology,Web,Quality,4,1,21,Yes,"Issue took over a week to resolve, very frustrating."
RSP-1326,CUST-4489,2025-03-01,Latin America,Enterprise,Technology,Phone,Product,9,5,1,Yes,Fantastic product! Has significantly improved our team productivity.
RSP-1327,CUST-1375,2025-01-05,North America,Enterprise,Retail,Email,Product,8,3,2,Yes,"Average experience, nothing exceptional to report."
RSP-1328,CUST-2396,2025-06-18,Asia-Pacific,SMB,Retail,Email,Product,8,4,5,Yes,"Acceptable response time, issue was eventually fixed."
RSP-1329,CUST-4585,2025-11-15,North America,Mid-Market,Retail,Web,Customer Support,10,5,3,Yes,The team went above and beyond to help us with our migration.
RSP-1330,CUST-1761,2025-07-10,Asia-Pacific,Mid-Market,Technology,Phone,Delivery,8,3,2,Yes,"Acceptable response time, issue was eventually fixed."
RSP-1331,CUST-2498,2025-02-28,North America,Mid-Market,Healthcare,Phone,Product,10,5,3,Yes,Top-tier enterprise platform with excellent security features.
RSP-1332,CUST-4278,2025-08-22,North America,Enterprise,Technology,Phone,Product,7,4,2,Yes,"Delivery was on time, product packaging was slightly damaged."
RSP-1333,CUST-4159,2025-12-20,Asia-Pacific,SMB,Technology,Email,Pricing,0,3,4,No,Billing error was not resolved on time.
RSP-1334,CUST-4454,2025-11-29,North America,SMB,Technology,Phone,Product,5,2,7,No,Delivery took twice as long as promised.
RSP-1335,CUST-1926,2025-03-09,Europe,SMB,Healthcare,In-App,Pricing,3,3,10,Yes,Support response was extremely slow and unhelpful.
RSP-1337,CUST-4954,2025-10-19,Europe,Enterprise,Finance,Phone,Delivery,3,2,5,No,Billing error was not resolved on time.
RSP-1338,CUST-2484,2025-11-09,Europe,SMB,Healthcare,Email,Quality,7,3,3,Yes,"Decent features for SMBs, but needs better reporting tools."
RSP-1339,CUST-3937,2025-11-10,Asia-Pacific,Mid-Market,Finance,Email,Delivery,10,5,1,Yes,Exceptional customer support! Issue resolved within an hour.
RSP-1340,CUST-2070,2025-09-05,North America,Mid-Market,Finance,Web,Delivery,7,4,2,Yes,"Service is okay, expecting more frequent software updates."
RSP-1341,CUST-1925,2025-07-30,Middle East & Africa,SMB,Finance,Phone,Pricing,4,1,21,No,Billing error was not resolved on time.
RSP-1342,CUST-1376,2025-02-02,North America,Mid-Market,Healthcare,Email,Pricing,4,3,4,Yes,Quality has visibly degraded over the last few months.
RSP-1343,CUST-3574,2025-01-07,North America,SMB,Finance,Phone,Product,5,1,5,Yes,Platform UI is slow and unintuitive.
RSP-1344,CUST-2834,2025-12-09,Europe,Mid-Market,Healthcare,Email,Product,3,2,7,Yes,"Issue took over a week to resolve, very frustrating."
RSP-1345,CUST-1780,2025-08-10,North America,SMB,Finance,Phone,Delivery,2,3,10,Yes,Pricing is way too high for the features provided.
RSP-1346,CUST-4947,2025-06-27,Asia-Pacific,SMB,Technology,Phone,Product,3,2,5,No,Customer service agent was rude and transferred me three times.
RSP-1347,CUST-2217,2025-10-13,Middle East & Africa,Enterprise,Healthcare,Web,Quality,8,4,3,Yes,"Product works fine, but missing key integrations."
RSP-1348,CUST-1095,2025-11-26,Middle East & Africa,Mid-Market,Manufacturing,Email,Pricing,6,2,7,Yes,Delivery took twice as long as promised.
RSP-1349,CUST-5141,2025-08-29,North America,Enterprise,Technology,Email,Customer Support,8,3,4,Yes,"Service is okay, expecting more frequent software updates."
RSP-1350,CUST-2354,2025-02-08,Middle East & Africa,Mid-Market,Technology,Phone,Customer Support,0,1,4,Yes,Billing error was not resolved on time.
RSP-1351,CUST-3626,2025-05-04,Europe,Mid-Market,Technology,Web,Customer Support,6,1,4,Yes,"Issue took over a week to resolve, very frustrating."
RSP-1352,CUST-3278,2025-01-26,North America,Mid-Market,Finance,Phone,Product,7,4,4,Yes,"Pricing is fair, but onboarding was slightly confusing."
RSP-1353,CUST-4101,2025-07-26,Europe,Mid-Market,Unknown,Web,Product,10,5,1,Yes,Great value for money and outstanding service reliability.
RSP-1354,CUST-1645,2025-08-24,Europe,Mid-Market,Technology,Email,Quality,7,4,2,Yes,"Service is okay, expecting more frequent software updates."
RSP-1355,CUST-4670,2025-02-15,Asia-Pacific,Mid-Market,Healthcare,Phone,Customer Support,5,3,7,Yes,Billing error was not resolved on time.
RSP-1356,CUST-4662,2025-06-11,Europe,SMB,Technology,Email,Customer Support,6,2,4,No,Product keeps crashing after the latest update.
RSP-1357,CUST-5074,2025-12-01,North America,Enterprise,Retail,Phone,Delivery,2,2,7,No,Support response was extremely slow and unhelpful.
RSP-1358,CUST-1840,2025-07-26,Middle East & Africa,Mid-Market,Healthcare,Phone,Customer Support,3,1,4,Yes,Customer service agent was rude and transferred me three times.
RSP-1359,CUST-1293,2025-10-13,North America,Mid-Market,Retail,Phone,Delivery,0,2,5,Yes,Platform UI is slow and unintuitive.
RSP-1360,CUST-1001,2025-02-16,Middle East & Africa,Enterprise,Technology,Phone,Pricing,7,5,3,No,"Delivery was on time, product packaging was slightly damaged."
RSP-1361,CUST-5164,2025-10-15,North America,Enterprise,Retail,In-App,Product,3,1,4,Yes,Pricing is way too high for the features provided.
RSP-1362,CUST-4737,2025-06-24,Middle East & Africa,Mid-Market,Retail,Web,Customer Support,9,5,1,Yes,Smooth experience from purchase to setup. Very satisfied!
RSP-1363,CUST-1444,2025-04-25,Europe,SMB,Manufacturing,Email,Customer Support,2,2,5,Yes,Billing error was not resolved on time.
RSP-1364,CUST-3719,2025-10-14,North America,Mid-Market,Technology,In-App,Product,10,5,1,Yes,Best customer service team in the industry. Kudos!
RSP-1365,CUST-3976,2025-08-20,Asia-Pacific,Mid-Market,Finance,Email,Delivery,10,5,1,Yes,No feedback provided
RSP-1366,CUST-1798,2025-12-04,Asia-Pacific,SMB,Technology,Email,Product,7,4,5,Yes,"Pricing is fair, but onboarding was slightly confusing."
RSP-1367,CUST-1017,2025-06-24,North America,SMB,Healthcare,Phone,Product,7,5,3,Yes,"Acceptable response time, issue was eventually fixed."
RSP-1368,CUST-3391,2025-10-08,Europe,SMB,Technology,Phone,Pricing,1,2,7,No,Platform UI is slow and unintuitive.
RSP-1369,CUST-4062,2025-12-26,North America,Mid-Market,Finance,Email,Delivery,1,1,21,Yes,Product keeps crashing after the latest update.
RSP-1370,CUST-1375,2025-03-26,Middle East & Africa,Enterprise,Finance,Email,Quality,8,3,5,Yes,"Service is okay, expecting more frequent software updates."
RSP-1371,CUST-2150,2025-07-29,Europe,SMB,Retail,In-App,Delivery,1,1,7,No,Product keeps crashing after the latest update.
RSP-1373,CUST-2536,2025-03-03,North America,Enterprise,Finance,Web,Product,6,2,5,No,Customer service agent was rude and transferred me three times.
RSP-1374,CUST-2766,2025-08-23,Asia-Pacific,Enterprise,Healthcare,Web,Delivery,6,3,7,Yes,Pricing is way too high for the features provided.
RSP-1375,CUST-3768,2025-02-25,Asia-Pacific,Mid-Market,Technology,Web,Product,7,4,2,No,"Decent features for SMBs, but needs better reporting tools."
RSP-1376,CUST-1380,2025-11-21,Asia-Pacific,Enterprise,Finance,Phone,Pricing,3,2,7,Yes,Frequent downtime impacted our business operations.
RSP-1377,CUST-2009,2025-08-19,Europe,Enterprise,Finance,Phone,Pricing,2,2,14,No,Billing error was not resolved on time.
RSP-1378,CUST-5130,2025-03-10,Latin America,SMB,Healthcare,Phone,Product,8,3,4,Yes,"Service is okay, expecting more frequent software updates."
RSP-1379,CUST-1035,2025-09-29,Europe,Mid-Market,Manufacturing,Email,Product,5,3,21,No,Support response was extremely slow and unhelpful.
RSP-1380,CUST-4545,2025-10-27,Latin America,Enterprise,Manufacturing,Email,Product,3,2,10,Yes,Billing error was not resolved on time.
RSP-1381,CUST-5164,2025-04-01,Middle East & Africa,Mid-Market,Technology,Phone,Customer Support,10,5,1,Yes,Super fast delivery and pristine quality. Highly recommended!
RSP-1382,CUST-2051,2025-02-23,Europe,SMB,Technology,In-App,Customer Support,6,3,7,Yes,Customer service agent was rude and transferred me three times.
RSP-1383,CUST-3636,2025-09-16,North America,Enterprise,Retail,Phone,Pricing,2,1,4,Yes,Customer service agent was rude and transferred me three times.
RSP-1384,CUST-4429,2025-11-08,Middle East & Africa,Mid-Market,Technology,Web,Quality,0,2,5,Yes,Pricing is way too high for the features provided.
RSP-1385,CUST-3241,2025-07-23,North America,Mid-Market,Healthcare,Email,Product,9,5,2,Yes,Smooth experience from purchase to setup. Very satisfied!
RSP-1386,CUST-3409,2025-08-20,North America,Enterprise,Technology,Phone,Customer Support,9,5,1,Yes,Super fast delivery and pristine quality. Highly recommended!
RSP-1387,CUST-2131,2025-07-31,Asia-Pacific,Mid-Market,Technology,Email,Product,2,2,14,Yes,Frequent downtime impacted our business operations.
RSP-1388,CUST-5196,2025-06-03,North America,SMB,Technology,Email,Product,5,2,10,Yes,Platform UI is slow and unintuitive.
RSP-1389,CUST-3571,2025-12-31,North America,Enterprise,Technology,In-App,Customer Support,8,4,4,Yes,"Pricing is fair, but onboarding was slightly confusing."
RSP-1390,CUST-2645,2025-04-18,North America,Enterprise,Finance,Email,Pricing,6,3,5,No,Frequent downtime impacted our business operations.
RSP-1391,CUST-3380,2025-12-18,North America,SMB,Technology,Phone,Quality,6,2,21,Yes,"Issue took over a week to resolve, very frustrating."
RSP-1392,CUST-2086,2025-12-30,Europe,Enterprise,Retail,Phone,Delivery,0,2,4,Yes,Delivery took twice as long as promised.
RSP-1393,CUST-5127,2025-10-05,Europe,Enterprise,Technology,Phone,Product,6,1,7,No,"Issue took over a week to resolve, very frustrating."
RSP-1394,CUST-1945,2025-06-30,Asia-Pacific,Mid-Market,Technology,Email,Delivery,9,5,1,Yes,Best customer service team in the industry. Kudos!
RSP-1395,CUST-4419,2025-12-12,Europe,Mid-Market,Finance,Web,Delivery,1,1,7,Yes,Platform UI is slow and unintuitive.
RSP-1396,CUST-3342,2025-08-05,Europe,Mid-Market,Finance,In-App,Customer Support,9,5,1,Yes,Exceptional customer support! Issue resolved within an hour.
RSP-1397,CUST-1872,2025-01-13,North America,SMB,Finance,Email,Customer Support,3,3,10,Yes,Customer service agent was rude and transferred me three times.
RSP-1398,CUST-2190,2025-01-28,North America,Mid-Market,Technology,Email,Customer Support,7,3,4,No,"Product works fine, but missing key integrations."
RSP-1399,CUST-2637,2025-05-17,Asia-Pacific,SMB,Technology,Email,Product,9,5,2,Yes,Super fast delivery and pristine quality. Highly recommended!
RSP-1400,CUST-3347,2025-12-16,Europe,Mid-Market,Healthcare,Email,Product,9,5,1,Yes,The team went above and beyond to help us with our migration.
RSP-1401,CUST-2199,2025-02-01,North America,Mid-Market,Healthcare,Email,Quality,6,2,14,No,Quality has visibly degraded over the last few months.
RSP-1402,CUST-2671,2025-10-05,Latin America,Mid-Market,Technology,Email,Product,10,5,1,Yes,Exceptional customer support! Issue resolved within an hour.
RSP-1403,CUST-3938,2025-08-20,North America,Mid-Market,Finance,Web,Pricing,2,1,5,Yes,No feedback provided
RSP-1404,CUST-2837,2025-11-28,Latin America,Mid-Market,Finance,Phone,Product,2,2,10,Yes,Platform UI is slow and unintuitive.
RSP-1405,CUST-4185,2025-05-02,Asia-Pacific,SMB,Healthcare,Web,Delivery,6,2,21,Yes,Platform UI is slow and unintuitive.
RSP-1406,CUST-3356,2025-12-21,Europe,Enterprise,Technology,Web,Pricing,4,1,5,Yes,Support response was extremely slow and unhelpful.
RSP-1407,CUST-4125,2025-07-18,North America,Enterprise,Finance,Email,Customer Support,9,5,1,Yes,Top-tier enterprise platform with excellent security features.
RSP-1408,CUST-3561,2025-10-10,Europe,Mid-Market,Technology,Web,Customer Support,6,1,4,Yes,Support response was extremely slow and unhelpful.
RSP-1409,CUST-1106,2025-05-09,Europe,Enterprise,Technology,Web,Product,9,5,1,Yes,Great value for money and outstanding service reliability.
RSP-1410,CUST-4629,2025-04-26,Asia-Pacific,Mid-Market,Technology,Phone,Pricing,6,1,7,Yes,"Issue took over a week to resolve, very frustrating."
RSP-1411,CUST-2609,2025-04-10,Europe,SMB,Healthcare,Web,Customer Support,8,3,4,No,"Delivery was on time, product packaging was slightly damaged."
RSP-1412,CUST-4676,2025-04-01,North America,Mid-Market,Technology,Web,Customer Support,4,3,4,No,Product keeps crashing after the latest update.
RSP-1413,CUST-2531,2025-03-30,Europe,Mid-Market,Technology,Email,Customer Support,8,3,2,Yes,"Support resolved the issue, but communication could be better."
RSP-1414,CUST-4090,2025-01-21,Asia-Pacific,SMB,Technology,Phone,Product,10,5,1,Yes,No feedback provided
RSP-1415,CUST-3286,2025-10-12,Asia-Pacific,SMB,Finance,Email,Product,6,2,4,Yes,Quality has visibly degraded over the last few months.
RSP-1416,CUST-2065,2025-03-24,Europe,Enterprise,Finance,In-App,Customer Support,9,5,1,Yes,The team went above and beyond to help us with our migration.
RSP-1417,CUST-1046,2025-06-19,Latin America,Enterprise,Technology,Web,Product,7,3,2,Yes,"Service is okay, expecting more frequent software updates."
RSP-1418,CUST-2268,2025-01-21,North America,Mid-Market,Retail,Email,Quality,3,1,4,Yes,Delivery took twice as long as promised.
RSP-1419,CUST-3642,2025-11-02,Europe,Mid-Market,Finance,Phone,Customer Support,10,5,1,Yes,Exceptional customer support! Issue resolved within an hour.
RSP-1420,CUST-3467,2025-09-09,Europe,Enterprise,Healthcare,Phone,Delivery,1,3,10,Yes,Frequent downtime impacted our business operations.
RSP-1421,CUST-3933,2025-02-07,Asia-Pacific,SMB,Technology,Email,Customer Support,9,4,3,Yes,Smooth experience from purchase to setup. Very satisfied!
RSP-1422,CUST-2801,2025-04-05,North America,Mid-Market,Technology,Web,Pricing,4,3,10,Yes,Platform UI is slow and unintuitive.
RSP-1423,CUST-1558,2025-09-16,Europe,Mid-Market,Finance,Email,Customer Support,1,2,10,Yes,Delivery took twice as long as promised.
RSP-1424,CUST-4407,2025-10-06,North America,Mid-Market,Finance,Email,Customer Support,6,1,4,Yes,Platform UI is slow and unintuitive.
RSP-1425,CUST-4304,2025-02-17,Asia-Pacific,SMB,Healthcare,Phone,Product,8,3,3,No,"Acceptable response time, issue was eventually fixed."
RSP-1426,CUST-2812,2025-04-20,North America,SMB,Technology,Email,Product,7,3,3,Yes,"Acceptable response time, issue was eventually fixed."
RSP-1427,CUST-3712,2025-07-04,North America,Mid-Market,Manufacturing,Email,Product,6,3,7,Yes,Quality has visibly degraded over the last few months.
RSP-1428,CUST-2789,2025-11-13,North America,Mid-Market,Technology,In-App,Quality,1,2,5,Yes,Platform UI is slow and unintuitive.
RSP-1429,CUST-4890,2025-10-15,Latin America,Mid-Market,Technology,Email,Quality,7,4,2,Yes,"Product works fine, but missing key integrations."
RSP-1430,CUST-1939,2025-12-09,Middle East & Africa,Mid-Market,Healthcare,Phone,Quality,5,1,7,No,"Issue took over a week to resolve, very frustrating."
RSP-1431,CUST-4650,2025-05-04,Asia-Pacific,SMB,Healthcare,Email,Pricing,4,2,7,Yes,Frequent downtime impacted our business operations.
RSP-1432,CUST-2997,2025-01-21,North America,SMB,Retail,Phone,Delivery,1,1,5,Yes,"Issue took over a week to resolve, very frustrating."
RSP-1433,CUST-4124,2025-02-28,Middle East & Africa,SMB,Finance,Phone,Product,10,5,1,Yes,Top-tier enterprise platform with excellent security features.
RSP-1434,CUST-3101,2025-10-04,Latin America,SMB,Technology,In-App,Product,1,2,14,Yes,Quality has visibly degraded over the last few months.
RSP-1435,CUST-1202,2025-09-22,Europe,SMB,Retail,In-App,Customer Support,10,5,1,Yes,Smooth experience from purchase to setup. Very satisfied!
RSP-1436,CUST-5167,2025-08-17,Europe,Mid-Market,Finance,Email,Delivery,8,3,3,No,"Service is okay, expecting more frequent software updates."
RSP-1437,CUST-1359,2025-06-01,Europe,Mid-Market,Healthcare,Phone,Customer Support,9,5,2,Yes,Great value for money and outstanding service reliability.
RSP-1438,CUST-3624,2025-09-21,North America,Mid-Market,Finance,Phone,Product,4,1,5,No,Product keeps crashing after the latest update.
RSP-1439,CUST-1786,2025-03-27,North America,SMB,Technology,Email,Customer Support,5,3,4,Yes,No feedback provided
RSP-1440,CUST-1060,2025-11-17,Asia-Pacific,Mid-Market,Technology,Phone,Customer Support,10,5,1,No,Fantastic product! Has significantly improved our team productivity.
RSP-1441,CUST-2726,2025-12-10,North America,Enterprise,Retail,Email,Product,5,1,10,Yes,Pricing is way too high for the features provided.
RSP-1442,CUST-4475,2025-02-23,North America,Mid-Market,Manufacturing,Web,Delivery,10,5,1,Yes,Great value for money and outstanding service reliability.
RSP-1443,CUST-4565,2025-11-28,North America,SMB,Technology,Phone,Product,10,5,3,Yes,Fantastic product! Has significantly improved our team productivity.
RSP-1444,CUST-2259,2025-01-13,North America,Mid-Market,Technology,In-App,Delivery,0,1,5,No,Billing error was not resolved on time.
RSP-1445,CUST-3717,2025-01-20,Asia-Pacific,SMB,Healthcare,Email,Pricing,0,3,5,Yes,Product keeps crashing after the latest update.
RSP-1446,CUST-1600,2025-01-28,Asia-Pacific,SMB,Manufacturing,Email,Product,8,4,4,Yes,"Average experience, nothing exceptional to report."
RSP-1447,CUST-3063,2025-10-13,Middle East & Africa,Mid-Market,Retail,Phone,Delivery,10,5,2,Yes,Fantastic product! Has significantly improved our team productivity.
RSP-1448,CUST-2864,2025-05-13,Europe,Mid-Market,Technology,Email,Product,4,1,5,Yes,Customer service agent was rude and transferred me three times.
RSP-1449,CUST-4178,2025-08-19,Europe,Enterprise,Technology,Web,Customer Support,7,4,4,Yes,"Decent features for SMBs, but needs better reporting tools."
RSP-1450,CUST-4547,2025-06-11,Europe,SMB,Unknown,Phone,Customer Support,4,2,21,Yes,Support response was extremely slow and unhelpful.
RSP-1451,CUST-4190,2025-12-11,Latin America,Mid-Market,Manufacturing,Phone,Product,8,4,2,Yes,"Support resolved the issue, but communication could be better."
RSP-1452,CUST-1048,2025-11-25,North America,SMB,Technology,Email,Pricing,3,2,7,Yes,Frequent downtime impacted our business operations.
RSP-1453,CUST-1518,2025-10-27,Latin America,Mid-Market,Healthcare,Web,Product,8,5,3,Yes,"Product works fine, but missing key integrations."
RSP-1454,CUST-1594,2025-07-03,Europe,SMB,Manufacturing,Email,Product,8,4,2,Yes,"Support resolved the issue, but communication could be better."
RSP-1455,CUST-3374,2025-12-18,North America,SMB,Finance,Email,Product,7,3,2,No,"Delivery was on time, product packaging was slightly damaged."
RSP-1456,CUST-1708,2025-05-25,Middle East & Africa,Enterprise,Technology,Email,Delivery,2,1,5,No,Billing error was not resolved on time.
RSP-1457,CUST-4124,2025-07-22,Asia-Pacific,Mid-Market,Healthcare,In-App,Pricing,1,1,7,Yes,Support response was extremely slow and unhelpful.
RSP-1458,CUST-4882,2025-03-22,Europe,Mid-Market,Healthcare,Email,Customer Support,10,5,1,Yes,Great value for money and outstanding service reliability.
RSP-1459,CUST-2117,2025-07-20,North America,Mid-Market,Technology,Email,Product,8,4,2,Yes,"Delivery was on time, product packaging was slightly damaged."
RSP-1460,CUST-2180,2025-06-02,North America,Mid-Market,Healthcare,Phone,Pricing,9,4,2,Yes,Smooth experience from purchase to setup. Very satisfied!
RSP-1461,CUST-1091,2025-10-11,Middle East & Africa,Mid-Market,Healthcare,Email,Product,9,5,1,Yes,Super fast delivery and pristine quality. Highly recommended!
RSP-1462,CUST-2009,2025-01-22,Asia-Pacific,Mid-Market,Technology,Email,Delivery,2,1,4,Yes,Support response was extremely slow and unhelpful.
RSP-1463,CUST-4228,2025-10-03,Latin America,Enterprise,Healthcare,Phone,Customer Support,2,1,4,Yes,Platform UI is slow and unintuitive.
RSP-1464,CUST-1697,2025-06-06,North America,Mid-Market,Finance,Phone,Delivery,4,2,5,No,Pricing is way too high for the features provided.
RSP-1465,CUST-3816,2025-04-19,Asia-Pacific,Mid-Market,Technology,Phone,Product,1,1,4,Yes,Customer service agent was rude and transferred me three times.
RSP-1466,CUST-5198,2025-03-14,Asia-Pacific,Enterprise,Manufacturing,In-App,Pricing,8,4,2,Yes,"Average experience, nothing exceptional to report."
RSP-1467,CUST-2507,2025-04-24,Europe,SMB,Manufacturing,Phone,Delivery,1,1,7,Yes,Frequent downtime impacted our business operations.
RSP-1468,CUST-3070,2025-04-10,Asia-Pacific,Mid-Market,Manufacturing,Phone,Quality,2,3,7,Yes,Product keeps crashing after the latest update.
RSP-1469,CUST-2485,2025-12-10,North America,SMB,Technology,Phone,Delivery,6,2,5,Yes,Frequent downtime impacted our business operations.
RSP-1470,CUST-1445,2025-10-09,Middle East & Africa,SMB,Retail,Phone,Product,7,4,2,Yes,"Service is okay, expecting more frequent software updates."
RSP-1471,CUST-1599,2025-05-29,North America,Mid-Market,Retail,Email,Customer Support,10,5,1,No,Fantastic product! Has significantly improved our team productivity.
RSP-1472,CUST-3053,2025-02-20,Middle East & Africa,Enterprise,Technology,Email,Customer Support,9,5,1,Yes,Great value for money and outstanding service reliability.
RSP-1473,CUST-4991,2025-06-19,Europe,Mid-Market,Finance,Phone,Delivery,3,1,5,Yes,"Issue took over a week to resolve, very frustrating."
RSP-1474,CUST-2050,2025-12-10,North America,Enterprise,Technology,Web,Delivery,6,2,7,No,Pricing is way too high for the features provided.
RSP-1475,CUST-1819,2025-05-26,North America,SMB,Manufacturing,Web,Product,6,1,7,No,Frequent downtime impacted our business operations.
RSP-1476,CUST-1571,2025-04-10,North America,Mid-Market,Finance,Phone,Quality,8,3,3,Yes,"Acceptable response time, issue was eventually fixed."
RSP-1477,CUST-4980,2025-08-19,Europe,SMB,Retail,Email,Product,5,2,4,Yes,"Issue took over a week to resolve, very frustrating."
RSP-1478,CUST-3504,2025-12-22,North America,Mid-Market,Technology,In-App,Customer Support,7,3,3,Yes,"Average experience, nothing exceptional to report."
RSP-1479,CUST-3985,2025-06-11,Europe,SMB,Finance,Phone,Customer Support,10,5,1,Yes,Top-tier enterprise platform with excellent security features.
RSP-1480,CUST-2381,2025-01-03,Europe,Enterprise,Finance,Phone,Product,5,2,14,Yes,"Issue took over a week to resolve, very frustrating."
RSP-1481,CUST-3016,2025-04-24,Asia-Pacific,Mid-Market,Unknown,Phone,Customer Support,1,2,5,Yes,Customer service agent was rude and transferred me three times.
RSP-1482,CUST-3266,2025-07-04,Middle East & Africa,Enterprise,Technology,Phone,Quality,6,2,14,Yes,Delivery took twice as long as promised.
RSP-1483,CUST-3716,2025-09-03,North America,Mid-Market,Retail,Email,Delivery,6,2,5,Yes,Billing error was not resolved on time.
RSP-1484,CUST-4648,2025-07-03,North America,Mid-Market,Healthcare,In-App,Product,10,5,1,Yes,The team went above and beyond to help us with our migration.
RSP-1485,CUST-4989,2025-10-10,North America,SMB,Retail,Email,Product,7,4,3,Yes,"Support resolved the issue, but communication could be better."
RSP-1486,CUST-2439,2025-11-27,Europe,Enterprise,Retail,Web,Delivery,8,3,2,Yes,"Support resolved the issue, but communication could be better."
RSP-1487,CUST-3298,2025-03-13,Europe,Mid-Market,Retail,In-App,Customer Support,9,4,1,Yes,Great value for money and outstanding service reliability.
RSP-1488,CUST-3156,2025-11-17,Europe,Mid-Market,Technology,Phone,Product,8,3,2,Yes,"Support resolved the issue, but communication could be better."
RSP-1489,CUST-1617,2025-01-10,North America,SMB,Technology,Email,Customer Support,8,3,2,No,No feedback provided
RSP-1490,CUST-4318,2025-10-30,Europe,Mid-Market,Healthcare,Email,Delivery,6,3,4,No,No feedback provided
RSP-1491,CUST-1300,2025-10-10,North America,Enterprise,Technology,Email,Pricing,4,1,21,No,Quality has visibly degraded over the last few months.
RSP-1492,CUST-4867,2025-12-01,Asia-Pacific,SMB,Technology,Web,Customer Support,10,5,1,Yes,Super fast delivery and pristine quality. Highly recommended!
RSP-1493,CUST-3996,2025-07-20,North America,Mid-Market,Technology,In-App,Product,8,3,5,Yes,"Pricing is fair, but onboarding was slightly confusing."
RSP-1494,CUST-3383,2025-03-10,Asia-Pacific,SMB,Healthcare,Email,Customer Support,10,5,1,Yes,Best customer service team in the industry. Kudos!
RSP-1495,CUST-5105,2025-09-19,North America,Mid-Market,Retail,Email,Quality,7,5,2,Yes,"Support resolved the issue, but communication could be better."
RSP-1496,CUST-4250,2025-07-06,Asia-Pacific,Enterprise,Technology,In-App,Product,10,4,1,Yes,Exceptional customer support! Issue resolved within an hour.
RSP-1497,CUST-2956,2025-11-11,Europe,Mid-Market,Healthcare,Web,Product,7,3,3,Yes,"Average experience, nothing exceptional to report."
RSP-1498,CUST-2149,2025-08-17,North America,Mid-Market,Technology,Email,Customer Support,7,5,3,Yes,"Average experience, nothing exceptional to report."
RSP-1499,CUST-2467,2025-10-17,Europe,Enterprise,Retail,In-App,Customer Support,9,5,1,Yes,Super fast delivery and pristine quality. Highly recommended!
RSP-1500,CUST-4960,2025-07-03,North America,Mid-Market,Healthcare,Web,Delivery,9,4,1,Yes,Exceptional customer support! Issue resolved within an hour.
RSP-1501,CUST-2792,2025-09-07,North America,Mid-Market,Technology,Email,Product,10,5,2,Yes,Great value for money and outstanding service reliability.
RSP-1502,CUST-1514,2025-05-16,Europe,Mid-Market,Manufacturing,Web,Customer Support,1,2,7,No,"Issue took over a week to resolve, very frustrating."
RSP-1503,CUST-2917,2025-01-22,North America,Mid-Market,Healthcare,Email,Product,10,5,2,Yes,Great value for money and outstanding service reliability.
RSP-1504,CUST-3959,2025-07-18,North America,Mid-Market,Technology,In-App,Delivery,4,1,7,Yes,Billing error was not resolved on time.
RSP-1505,CUST-4724,2025-01-24,North America,SMB,Retail,Email,Delivery,8,3,4,Yes,"Product works fine, but missing key integrations."
RSP-1506,CUST-3654,2025-02-22,Europe,Mid-Market,Finance,Web,Product,7,4,4,Yes,"Delivery was on time, product packaging was slightly damaged."
RSP-1507,CUST-3157,2025-10-24,Asia-Pacific,Mid-Market,Technology,Web,Product,8,3,3,Yes,"Average experience, nothing exceptional to report."
RSP-1508,CUST-4085,2025-12-01,Europe,Mid-Market,Healthcare,Email,Delivery,9,5,1,Yes,Top-tier enterprise platform with excellent security features.
RSP-1509,CUST-3992,2025-10-28,Latin America,Mid-Market,Healthcare,Web,Delivery,4,3,7,Yes,Product keeps crashing after the latest update.
RSP-1510,CUST-3060,2025-07-12,North America,Enterprise,Finance,Email,Product,10,4,1,Yes,Great value for money and outstanding service reliability.
RSP-1511,CUST-4324,2025-06-30,North America,Mid-Market,Manufacturing,Web,Delivery,4,2,5,Yes,"Issue took over a week to resolve, very frustrating."
RSP-1512,CUST-4988,2025-09-04,Latin America,Enterprise,Technology,Phone,Delivery,0,1,5,No,Frequent downtime impacted our business operations.
RSP-1514,CUST-4603,2025-03-26,Europe,Enterprise,Technology,Phone,Product,10,5,1,Yes,Great value for money and outstanding service reliability.
RSP-1515,CUST-1631,2025-09-21,Europe,Enterprise,Retail,In-App,Product,3,1,7,No,Quality has visibly degraded over the last few months.
RSP-1516,CUST-2732,2025-03-18,Asia-Pacific,SMB,Healthcare,Phone,Customer Support,8,4,3,Yes,"Average experience, nothing exceptional to report."
RSP-1517,CUST-2289,2025-07-05,Europe,Mid-Market,Finance,Phone,Delivery,6,1,5,Yes,Frequent downtime impacted our business operations.
RSP-1518,CUST-1969,2025-12-05,Europe,Mid-Market,Manufacturing,Email,Delivery,2,1,10,Yes,Pricing is way too high for the features provided.
RSP-1519,CUST-4396,2025-06-19,Europe,Mid-Market,Healthcare,Web,Delivery,3,3,14,Yes,Product keeps crashing after the latest update.
RSP-1520,CUST-4944,2025-12-12,North America,Enterprise,Technology,In-App,Customer Support,7,5,3,Yes,"Service is okay, expecting more frequent software updates."
RSP-1521,CUST-4924,2025-04-18,Latin America,SMB,Retail,Phone,Quality,3,2,21,Yes,Frequent downtime impacted our business operations.
RSP-1522,CUST-2320,2025-11-28,Asia-Pacific,Mid-Market,Technology,Web,Product,8,3,5,Yes,"Decent features for SMBs, but needs better reporting tools."
RSP-1523,CUST-1183,2025-05-05,North America,Enterprise,Manufacturing,Web,Customer Support,8,4,2,Yes,"Product works fine, but missing key integrations."
RSP-1524,CUST-2047,2025-10-21,North America,SMB,Retail,Email,Product,9,4,1,Yes,Super fast delivery and pristine quality. Highly recommended!
RSP-1525,CUST-2103,2025-11-19,Europe,SMB,Technology,Email,Delivery,7,3,2,No,No feedback provided
RSP-1526,CUST-2203,2025-01-29,Middle East & Africa,SMB,Retail,Email,Product,7,4,5,Yes,"Average experience, nothing exceptional to report."
RSP-1527,CUST-3115,2025-04-03,Asia-Pacific,Enterprise,Manufacturing,Web,Product,10,5,1,Yes,Top-tier enterprise platform with excellent security features.
RSP-1528,CUST-1152,2025-12-05,Europe,Enterprise,Technology,In-App,Customer Support,9,5,1,Yes,The team went above and beyond to help us with our migration.
RSP-1529,CUST-1702,2025-04-21,North America,Enterprise,Technology,Phone,Delivery,8,3,3,Yes,"Service is okay, expecting more frequent software updates."
RSP-1530,CUST-4861,2025-09-04,Europe,Enterprise,Manufacturing,Web,Delivery,0,2,10,Yes,Delivery took twice as long as promised.
RSP-1531,CUST-2797,2025-07-30,Europe,SMB,Finance,Web,Quality,10,5,1,Yes,Super fast delivery and pristine quality. Highly recommended!
RSP-1532,CUST-2489,2025-11-16,Asia-Pacific,SMB,Technology,Email,Product,6,1,10,Yes,Platform UI is slow and unintuitive.
RSP-1533,CUST-3166,2025-03-27,Asia-Pacific,Mid-Market,Technology,Email,Customer Support,9,5,2,Yes,Smooth experience from purchase to setup. Very satisfied!
RSP-1534,CUST-4714,2025-11-02,Europe,SMB,Retail,In-App,Product,10,5,2,Yes,Fantastic product! Has significantly improved our team productivity.
RSP-1535,CUST-2882,2025-07-13,North America,Mid-Market,Technology,Email,Quality,0,1,4,Yes,Customer service agent was rude and transferred me three times.
RSP-1536,CUST-2083,2025-02-25,North America,Mid-Market,Healthcare,Phone,Product,4,1,21,Yes,Support response was extremely slow and unhelpful.
RSP-1537,CUST-2657,2025-09-25,Europe,Enterprise,Healthcare,Email,Product,7,4,2,Yes,"Decent features for SMBs, but needs better reporting tools."
RSP-1538,CUST-2225,2025-11-07,Middle East & Africa,Mid-Market,Finance,In-App,Quality,6,2,4,Yes,Product keeps crashing after the latest update.
RSP-1539,CUST-2453,2025-09-01,North America,Enterprise,Healthcare,Email,Customer Support,7,4,2,Yes,"Product works fine, but missing key integrations."
RSP-1540,CUST-5123,2025-03-02,Europe,SMB,Technology,Email,Quality,1,3,7,Yes,Product keeps crashing after the latest update.
RSP-1541,CUST-4950,2025-12-04,North America,Mid-Market,Technology,In-App,Customer Support,9,5,1,Yes,Super fast delivery and pristine quality. Highly recommended!
RSP-1542,CUST-1009,2025-12-14,Europe,SMB,Technology,Phone,Quality,6,1,7,Yes,Customer service agent was rude and transferred me three times.
RSP-1543,CUST-4446,2025-07-09,Europe,SMB,Healthcare,Phone,Customer Support,3,1,14,No,Support response was extremely slow and unhelpful.
RSP-1544,CUST-4514,2025-04-28,North America,Enterprise,Finance,Web,Quality,4,3,7,No,Billing error was not resolved on time.
RSP-1545,CUST-4123,2025-06-29,Europe,Enterprise,Manufacturing,Email,Product,9,5,2,Yes,Fantastic product! Has significantly improved our team productivity.
RSP-1546,CUST-4485,2025-03-10,North America,SMB,Technology,Web,Product,10,4,1,Yes,The team went above and beyond to help us with our migration.
RSP-1547,CUST-4908,2025-04-30,Europe,SMB,Retail,Web,Pricing,4,1,4,Yes,Product keeps crashing after the latest update.
RSP-1548,CUST-3320,2025-11-03,North America,Mid-Market,Technology,Email,Product,10,5,1,Yes,Top-tier enterprise platform with excellent security features.
RSP-1549,CUST-3111,2025-04-07,North America,SMB,Finance,Email,Customer Support,9,5,2,Yes,Exceptional customer support! Issue resolved within an hour.
RSP-1550,CUST-1058,2025-10-23,North America,Enterprise,Technology,Email,Pricing,0,1,7,No,Platform UI is slow and unintuitive.
RSP-1551,CUST-1965,2025-09-24,Middle East & Africa,SMB,Manufacturing,Web,Pricing,6,1,5,Yes,Support response was extremely slow and unhelpful.
RSP-1552,CUST-4072,2025-12-02,North America,Mid-Market,Finance,In-App,Product,9,5,3,Yes,Great value for money and outstanding service reliability.
RSP-1553,CUST-3587,2025-07-29,Asia-Pacific,Mid-Market,Technology,Phone,Customer Support,10,5,1,Yes,Smooth experience from purchase to setup. Very satisfied!
RSP-1554,CUST-1873,2025-03-21,North America,Enterprise,Technology,Email,Quality,4,1,21,Yes,Customer service agent was rude and transferred me three times.
RSP-1555,CUST-3077,2025-05-14,North America,Mid-Market,Technology,Email,Product,8,3,3,Yes,"Decent features for SMBs, but needs better reporting tools."
RSP-1556,CUST-3995,2025-11-10,Europe,SMB,Healthcare,Email,Customer Support,2,1,7,Yes,Quality has visibly degraded over the last few months.
RSP-1557,CUST-4255,2025-04-15,Asia-Pacific,SMB,Healthcare,Phone,Delivery,10,5,3,Yes,Top-tier enterprise platform with excellent security features.
RSP-1558,CUST-4952,2025-04-02,Asia-Pacific,Mid-Market,Technology,In-App,Product,10,4,2,Yes,Smooth experience from purchase to setup. Very satisfied!
RSP-1559,CUST-4962,2025-05-10,North America,Enterprise,Finance,Email,Customer Support,0,1,4,Yes,Quality has visibly degraded over the last few months.
RSP-1560,CUST-3820,2025-12-28,Asia-Pacific,SMB,Technology,Phone,Customer Support,6,3,7,Yes,Customer service agent was rude and transferred me three times.
RSP-1561,CUST-2131,2025-12-04,North America,Enterprise,Finance,Email,Product,7,3,2,No,"Support resolved the issue, but communication could be better."
RSP-1562,CUST-2882,2025-08-17,North America,Mid-Market,Healthcare,Web,Customer Support,5,2,7,No,Delivery took twice as long as promised.
RSP-1563,CUST-1821,2025-04-20,Europe,SMB,Retail,In-App,Delivery,4,2,14,No,Platform UI is slow and unintuitive.
RSP-1564,CUST-4281,2025-06-23,North America,SMB,Technology,Phone,Product,7,5,2,Yes,"Product works fine, but missing key integrations."
RSP-1565,CUST-2316,2025-07-19,Europe,Enterprise,Technology,Phone,Product,9,5,1,Yes,Exceptional customer support! Issue resolved within an hour.
RSP-1566,CUST-1746,2025-03-16,Europe,SMB,Technology,Email,Customer Support,10,5,1,Yes,Best customer service team in the industry. Kudos!
RSP-1567,CUST-4566,2025-02-15,Asia-Pacific,SMB,Finance,In-App,Customer Support,10,5,2,Yes,Fantastic product! Has significantly improved our team productivity.
RSP-1568,CUST-3155,2025-04-24,North America,SMB,Technology,Phone,Product,9,4,2,Yes,Smooth experience from purchase to setup. Very satisfied!
RSP-1569,CUST-1655,2025-11-08,North America,Mid-Market,Technology,Email,Delivery,0,3,4,No,Support response was extremely slow and unhelpful.
RSP-1570,CUST-4148,2025-07-25,North America,Mid-Market,Healthcare,Web,Customer Support,9,4,1,Yes,The team went above and beyond to help us with our migration.
RSP-1571,CUST-1470,2025-03-31,North America,Mid-Market,Healthcare,Phone,Customer Support,6,1,4,No,Billing error was not resolved on time.
RSP-1572,CUST-4596,2025-01-06,Europe,Mid-Market,Finance,Phone,Delivery,5,2,7,Yes,Pricing is way too high for the features provided.
RSP-1573,CUST-3342,2025-04-10,North America,Enterprise,Finance,Web,Delivery,1,2,10,No,Support response was extremely slow and unhelpful.
RSP-1574,CUST-5182,2025-09-22,Europe,SMB,Technology,Email,Product,9,4,1,Yes,Great value for money and outstanding service reliability.
RSP-1575,CUST-2388,2025-12-12,North America,SMB,Technology,Email,Quality,0,2,10,No,Support response was extremely slow and unhelpful.
RSP-1576,CUST-3946,2025-05-03,Latin America,Mid-Market,Finance,Email,Product,2,1,14,Yes,Support response was extremely slow and unhelpful.
RSP-1577,CUST-2289,2025-02-14,Europe,Mid-Market,Healthcare,In-App,Product,8,4,2,Yes,"Delivery was on time, product packaging was slightly damaged."
RSP-1578,CUST-4272,2025-06-30,Asia-Pacific,Enterprise,Technology,Email,Customer Support,9,5,1,Yes,Top-tier enterprise platform with excellent security features.
RSP-1579,CUST-4321,2025-10-28,Asia-Pacific,SMB,Retail,Phone,Delivery,8,5,2,Yes,"Pricing is fair, but onboarding was slightly confusing."
RSP-1580,CUST-1125,2025-12-27,Middle East & Africa,Mid-Market,Retail,Email,Product,2,1,5,Yes,Product keeps crashing after the latest update.
RSP-1581,CUST-1738,2025-10-09,Asia-Pacific,SMB,Healthcare,Phone,Customer Support,8,4,2,Yes,"Delivery was on time, product packaging was slightly damaged."
RSP-1582,CUST-3851,2025-06-27,North America,Enterprise,Finance,Email,Quality,10,5,3,Yes,The team went above and beyond to help us with our migration.
RSP-1583,CUST-2853,2025-11-07,Europe,Enterprise,Retail,In-App,Quality,6,2,4,Yes,Pricing is way too high for the features provided.
RSP-1584,CUST-4725,2025-07-26,Asia-Pacific,Mid-Market,Manufacturing,Email,Quality,6,2,10,No,Frequent downtime impacted our business operations.
RSP-1585,CUST-1038,2025-05-14,North America,SMB,Technology,Email,Delivery,8,4,4,Yes,"Average experience, nothing exceptional to report."
RSP-1586,CUST-4335,2025-09-17,North America,SMB,Technology,In-App,Delivery,5,1,4,Yes,Product keeps crashing after the latest update.
RSP-1587,CUST-1592,2025-09-15,North America,Enterprise,Technology,Phone,Quality,7,5,3,Yes,"Delivery was on time, product packaging was slightly damaged."
RSP-1588,CUST-3785,2025-03-01,Europe,Mid-Market,Finance,Email,Quality,8,3,4,Yes,"Delivery was on time, product packaging was slightly damaged."
RSP-1589,CUST-3049,2025-12-22,North America,Enterprise,Retail,Web,Quality,0,2,10,Yes,Billing error was not resolved on time.
RSP-1590,CUST-4089,2025-10-16,Europe,Enterprise,Technology,Phone,Customer Support,4,1,5,Yes,Billing error was not resolved on time.
RSP-1591,CUST-2992,2025-06-23,North America,Mid-Market,Finance,Phone,Quality,8,3,2,Yes,"Service is okay, expecting more frequent software updates."
RSP-1592,CUST-4774,2025-10-28,North America,Enterprise,Technology,Phone,Customer Support,10,5,1,Yes,Exceptional customer support! Issue resolved within an hour.
RSP-1593,CUST-4948,2025-03-01,North America,Enterprise,Technology,Email,Product,5,1,21,Yes,Quality has visibly degraded over the last few months.
RSP-1594,CUST-1553,2025-07-15,Middle East & Africa,Mid-Market,Healthcare,Email,Product,4,3,21,Yes,Pricing is way too high for the features provided.
RSP-1595,CUST-2883,2025-06-11,North America,Mid-Market,Technology,Email,Product,7,4,3,Yes,"Decent features for SMBs, but needs better reporting tools."
RSP-1596,CUST-3892,2025-09-22,Europe,SMB,Technology,Web,Quality,10,5,1,Yes,Exceptional customer support! Issue resolved within an hour.
RSP-1597,CUST-3157,2025-05-08,North America,Mid-Market,Manufacturing,Web,Pricing,7,5,4,Yes,"Delivery was on time, product packaging was slightly damaged."
RSP-1598,CUST-1761,2025-07-24,Europe,SMB,Retail,Web,Customer Support,6,1,14,Yes,"Issue took over a week to resolve, very frustrating."
RSP-1599,CUST-1622,2025-10-11,North America,Enterprise,Retail,Web,Quality,7,4,3,Yes,"Average experience, nothing exceptional to report."
RSP-1600,CUST-4903,2025-06-10,Asia-Pacific,Enterprise,Finance,Phone,Customer Support,10,4,2,Yes,Smooth experience from purchase to setup. Very satisfied!
RSP-1601,CUST-2790,2025-10-21,North America,Mid-Market,Technology,Web,Customer Support,0,1,7,No,Quality has visibly degraded over the last few months.
RSP-1602,CUST-2497,2025-12-16,Europe,Mid-Market,Retail,Phone,Product,8,4,4,Yes,"Pricing is fair, but onboarding was slightly confusing."
RSP-1603,CUST-5087,2025-04-13,Middle East & Africa,Enterprise,Manufacturing,Phone,Customer Support,2,1,10,No,Pricing is way too high for the features provided.
RSP-1604,CUST-2982,2025-05-16,North America,Mid-Market,Technology,In-App,Quality,0,3,14,Yes,Pricing is way too high for the features provided.
RSP-1605,CUST-2877,2025-04-14,Asia-Pacific,Mid-Market,Finance,Email,Delivery,4,1,10,Yes,Pricing is way too high for the features provided.
RSP-1606,CUST-3916,2025-03-21,Europe,SMB,Healthcare,Phone,Pricing,8,3,3,No,"Support resolved the issue, but communication could be better."
RSP-1607,CUST-1982,2025-02-10,North America,Mid-Market,Technology,Email,Customer Support,9,5,2,Yes,Best customer service team in the industry. Kudos!
RSP-1608,CUST-1054,2025-10-05,North America,SMB,Technology,Email,Pricing,5,1,14,No,Support response was extremely slow and unhelpful.
RSP-1609,CUST-4950,2025-07-10,North America,SMB,Healthcare,Phone,Pricing,10,5,1,Yes,Smooth experience from purchase to setup. Very satisfied!
RSP-1610,CUST-5033,2025-10-22,Europe,Enterprise,Healthcare,Email,Delivery,0,2,5,Yes,Quality has visibly degraded over the last few months.
RSP-1611,CUST-5020,2025-04-04,Latin America,SMB,Technology,Email,Customer Support,7,4,3,Yes,"Delivery was on time, product packaging was slightly damaged."
RSP-1612,CUST-4259,2025-04-24,Europe,SMB,Manufacturing,Email,Customer Support,1,2,14,Yes,Frequent downtime impacted our business operations.
RSP-1613,CUST-2050,2025-01-28,Latin America,Mid-Market,Manufacturing,Web,Product,5,1,4,Yes,Platform UI is slow and unintuitive.
RSP-1614,CUST-4466,2025-09-02,Europe,SMB,Healthcare,Web,Pricing,8,3,3,Yes,"Product works fine, but missing key integrations."
RSP-1615,CUST-5116,2025-06-27,North America,Mid-Market,Retail,Phone,Customer Support,10,4,1,Yes,Top-tier enterprise platform with excellent security features.
RSP-1616,CUST-2431,2025-08-23,North America,Mid-Market,Technology,Web,Delivery,3,2,4,Yes,Product keeps crashing after the latest update.
RSP-1617,CUST-4768,2025-06-11,Europe,Mid-Market,Healthcare,Phone,Customer Support,9,5,1,Yes,Exceptional customer support! Issue resolved within an hour.
RSP-1618,CUST-1096,2025-12-12,Asia-Pacific,Mid-Market,Healthcare,Phone,Customer Support,9,4,2,Yes,Great value for money and outstanding service reliability.
RSP-1619,CUST-4108,2025-10-25,Europe,SMB,Healthcare,Email,Pricing,8,4,3,Yes,"Support resolved the issue, but communication could be better."
RSP-1620,CUST-3665,2025-07-05,Latin America,Mid-Market,Retail,Email,Delivery,10,5,1,Yes,The team went above and beyond to help us with our migration.
RSP-1621,CUST-2533,2025-10-08,Europe,Enterprise,Healthcare,Email,Quality,5,3,4,Yes,Quality has visibly degraded over the last few months.
RSP-1622,CUST-2942,2025-05-18,North America,SMB,Manufacturing,Web,Customer Support,8,4,5,No,"Service is okay, expecting more frequent software updates."
RSP-1623,CUST-3810,2025-07-07,North America,SMB,Technology,Email,Product,6,2,14,No,Delivery took twice as long as promised.
RSP-1624,CUST-5085,2025-08-06,Europe,Mid-Market,Finance,Email,Quality,8,4,3,No,"Pricing is fair, but onboarding was slightly confusing."
RSP-1625,CUST-4433,2025-12-25,North America,Mid-Market,Retail,Phone,Quality,5,1,14,Yes,No feedback provided
RSP-1626,CUST-3990,2025-07-25,Europe,Mid-Market,Technology,Phone,Product,10,5,1,Yes,The team went above and beyond to help us with our migration.
RSP-1627,CUST-4692,2025-04-03,Europe,Enterprise,Technology,Email,Customer Support,8,4,4,Yes,"Average experience, nothing exceptional to report."
RSP-1628,CUST-2872,2025-02-21,Europe,SMB,Technology,In-App,Customer Support,9,5,1,Yes,The team went above and beyond to help us with our migration.
RSP-1630,CUST-4120,2025-04-11,Asia-Pacific,Mid-Market,Healthcare,Email,Customer Support,4,2,7,Yes,Delivery took twice as long as promised.
RSP-1631,CUST-2225,2025-08-31,Europe,SMB,Technology,Web,Product,1,1,10,Yes,Support response was extremely slow and unhelpful.
RSP-1632,CUST-2446,2025-08-04,Latin America,Mid-Market,Technology,Web,Product,9,4,1,Yes,Best customer service team in the industry. Kudos!
RSP-1633,CUST-2101,2025-11-19,Middle East & Africa,Mid-Market,Retail,Email,Quality,7,3,3,Yes,"Acceptable response time, issue was eventually fixed."
RSP-1634,CUST-4986,2025-06-03,North America,Enterprise,Finance,In-App,Product,8,4,5,Yes,"Delivery was on time, product packaging was slightly damaged."
RSP-1635,CUST-1390,2025-07-23,Europe,Mid-Market,Technology,Email,Delivery,0,2,5,Yes,Product keeps crashing after the latest update.
RSP-1636,CUST-2338,2025-01-31,North America,SMB,Retail,Email,Delivery,6,1,5,Yes,Pricing is way too high for the features provided.
RSP-1637,CUST-3083,2025-09-01,Latin America,SMB,Finance,Phone,Pricing,9,5,1,Yes,Fantastic product! Has significantly improved our team productivity.
RSP-1638,CUST-4685,2025-06-21,Europe,Mid-Market,Technology,Email,Quality,9,5,2,Yes,The team went above and beyond to help us with our migration.
RSP-1639,CUST-3957,2025-07-04,Asia-Pacific,Mid-Market,Technology,Phone,Delivery,5,1,21,Yes,Platform UI is slow and unintuitive.
RSP-1640,CUST-3111,2025-06-26,North America,Mid-Market,Healthcare,Phone,Quality,6,3,10,Yes,Support response was extremely slow and unhelpful.
RSP-1641,CUST-4373,2025-03-04,Europe,SMB,Technology,Email,Pricing,3,2,21,Yes,"Issue took over a week to resolve, very frustrating."
RSP-1642,CUST-2629,2025-10-23,North America,SMB,Retail,Phone,Delivery,8,4,2,Yes,"Average experience, nothing exceptional to report."
RSP-1643,CUST-3331,2025-07-01,Europe,SMB,Retail,In-App,Quality,7,4,4,Yes,"Acceptable response time, issue was eventually fixed."
RSP-1644,CUST-5181,2025-09-07,Europe,Enterprise,Manufacturing,Phone,Delivery,6,2,5,No,Billing error was not resolved on time.
RSP-1645,CUST-1642,2025-07-15,North America,Enterprise,Healthcare,Web,Pricing,7,5,2,Yes,"Delivery was on time, product packaging was slightly damaged."
RSP-1646,CUST-4799,2025-11-20,Europe,Mid-Market,Retail,Web,Pricing,2,2,7,Yes,Delivery took twice as long as promised.
RSP-1647,CUST-2372,2025-11-24,Europe,Mid-Market,Healthcare,Email,Product,8,4,2,Yes,"Acceptable response time, issue was eventually fixed."
RSP-1648,CUST-4455,2025-11-20,North America,Mid-Market,Technology,Phone,Customer Support,8,4,3,Yes,"Decent features for SMBs, but needs better reporting tools."
RSP-1649,CUST-1584,2025-02-10,Asia-Pacific,Mid-Market,Finance,Phone,Delivery,7,3,3,Yes,"Average experience, nothing exceptional to report."
RSP-1650,CUST-3814,2025-04-27,North America,Enterprise,Finance,Web,Quality,5,3,7,Yes,"Issue took over a week to resolve, very frustrating."
RSP-1651,CUST-3595,2025-12-01,Asia-Pacific,SMB,Finance,Email,Delivery,8,4,3,Yes,"Delivery was on time, product packaging was slightly damaged."
RSP-1652,CUST-3191,2025-11-06,Asia-Pacific,Mid-Market,Finance,Email,Customer Support,9,4,1,Yes,Top-tier enterprise platform with excellent security features.
RSP-1653,CUST-3222,2025-08-16,North America,Mid-Market,Technology,Email,Delivery,7,4,3,Yes,"Acceptable response time, issue was eventually fixed."
RSP-1654,CUST-4688,2025-07-31,Latin America,Mid-Market,Technology,Web,Product,8,4,3,No,"Average experience, nothing exceptional to report."
RSP-1655,CUST-2506,2025-01-12,Europe,Enterprise,Manufacturing,In-App,Customer Support,7,3,4,Yes,"Average experience, nothing exceptional to report."
RSP-1656,CUST-2922,2025-12-05,North America,Mid-Market,Technology,Email,Delivery,1,1,4,Yes,Quality has visibly degraded over the last few months.
RSP-1657,CUST-1655,2025-04-18,Asia-Pacific,SMB,Healthcare,Phone,Product,2,1,7,No,Delivery took twice as long as promised.
RSP-1658,CUST-4252,2025-02-22,Europe,Mid-Market,Technology,Web,Delivery,7,4,4,No,"Support resolved the issue, but communication could be better."
RSP-1659,CUST-1522,2025-08-31,Latin America,Mid-Market,Healthcare,Email,Pricing,4,1,5,Yes,Platform UI is slow and unintuitive.
RSP-1660,CUST-1440,2025-01-14,Europe,Mid-Market,Technology,Email,Pricing,7,4,3,Yes,"Decent features for SMBs, but needs better reporting tools."
RSP-1661,CUST-1681,2025-02-23,Europe,Enterprise,Technology,Email,Product,10,4,1,Yes,The team went above and beyond to help us with our migration.
RSP-1662,CUST-2272,2025-02-13,North America,Mid-Market,Technology,Web,Delivery,5,2,14,No,Customer service agent was rude and transferred me three times.
RSP-1663,CUST-3534,2025-04-28,Europe,Mid-Market,Healthcare,Web,Quality,2,1,10,Yes,Pricing is way too high for the features provided.
RSP-1664,CUST-3327,2025-08-15,North America,Mid-Market,Finance,In-App,Delivery,2,1,4,Yes,Delivery took twice as long as promised.
RSP-1665,CUST-2075,2025-09-27,Europe,Enterprise,Finance,Web,Product,7,5,3,Yes,No feedback provided
RSP-1666,CUST-1234,2025-01-18,Europe,SMB,Finance,Phone,Quality,10,5,1,Yes,Smooth experience from purchase to setup. Very satisfied!
RSP-1667,CUST-3664,2025-09-01,Asia-Pacific,Mid-Market,Technology,Email,Customer Support,6,2,10,Yes,Billing error was not resolved on time.
RSP-1668,CUST-3231,2025-10-08,North America,Enterprise,Technology,Email,Customer Support,8,3,2,Yes,"Service is okay, expecting more frequent software updates."
RSP-1669,CUST-2106,2025-12-24,Middle East & Africa,Mid-Market,Retail,Web,Delivery,6,1,7,Yes,Platform UI is slow and unintuitive.
RSP-1670,CUST-2450,2025-10-30,Asia-Pacific,Enterprise,Retail,Email,Quality,4,2,7,Yes,Frequent downtime impacted our business operations.
RSP-1671,CUST-4740,2025-11-20,Europe,SMB,Unknown,In-App,Customer Support,9,5,1,Yes,Top-tier enterprise platform with excellent security features.
RSP-1672,CUST-3536,2025-06-27,Europe,Mid-Market,Technology,Email,Customer Support,9,3,1,Yes,Best customer service team in the industry. Kudos!
RSP-1673,CUST-2860,2025-02-15,North America,Mid-Market,Retail,Web,Product,10,5,2,Yes,Best customer service team in the industry. Kudos!
RSP-1674,CUST-3522,2025-07-07,Europe,Enterprise,Healthcare,Email,Product,2,1,4,No,Customer service agent was rude and transferred me three times.
RSP-1675,CUST-3128,2025-03-21,North America,Mid-Market,Technology,In-App,Pricing,2,2,4,No,Quality has visibly degraded over the last few months.
RSP-1676,CUST-1086,2025-01-01,Europe,Enterprise,Technology,Email,Delivery,6,2,5,Yes,Platform UI is slow and unintuitive.
RSP-1677,CUST-2116,2025-06-26,North America,Enterprise,Retail,Email,Customer Support,7,3,3,Yes,"Delivery was on time, product packaging was slightly damaged."
RSP-1678,CUST-4843,2025-10-01,Europe,Mid-Market,Healthcare,Email,Customer Support,9,4,1,Yes,Exceptional customer support! Issue resolved within an hour.
RSP-1679,CUST-5029,2025-09-02,North America,Mid-Market,Retail,In-App,Product,7,4,2,Yes,"Delivery was on time, product packaging was slightly damaged."
RSP-1680,CUST-1074,2025-08-09,Asia-Pacific,SMB,Technology,Email,Quality,8,5,2,Yes,"Delivery was on time, product packaging was slightly damaged."
RSP-1681,CUST-2894,2025-01-04,Europe,Enterprise,Healthcare,Phone,Product,6,2,7,No,Platform UI is slow and unintuitive.
RSP-1682,CUST-4060,2025-04-07,North America,Mid-Market,Manufacturing,In-App,Product,9,4,1,Yes,Top-tier enterprise platform with excellent security features.
RSP-1683,CUST-4580,2025-07-22,North America,SMB,Finance,In-App,Customer Support,7,4,5,Yes,"Pricing is fair, but onboarding was slightly confusing."
RSP-1684,CUST-2337,2025-11-27,Asia-Pacific,SMB,Technology,Web,Quality,10,5,1,Yes,Top-tier enterprise platform with excellent security features.
RSP-1685,CUST-4099,2025-04-23,North America,Mid-Market,Technology,Email,Delivery,5,1,7,Yes,Quality has visibly degraded over the last few months.
RSP-1687,CUST-3227,2025-05-26,Middle East & Africa,SMB,Technology,Email,Customer Support,2,1,4,No,Platform UI is slow and unintuitive.
RSP-1688,CUST-3202,2025-07-31,Europe,Enterprise,Finance,Phone,Delivery,2,2,21,Yes,Pricing is way too high for the features provided.
RSP-1689,CUST-1560,2025-04-04,North America,Enterprise,Technology,Email,Quality,10,5,1,Yes,Super fast delivery and pristine quality. Highly recommended!
RSP-1690,CUST-3372,2025-02-26,Europe,Mid-Market,Technology,Phone,Delivery,7,4,2,Yes,"Service is okay, expecting more frequent software updates."
RSP-1691,CUST-4709,2025-05-20,Latin America,Mid-Market,Retail,Email,Customer Support,8,5,2,Yes,"Service is okay, expecting more frequent software updates."
RSP-1692,CUST-2538,2025-06-14,Europe,SMB,Manufacturing,In-App,Pricing,0,1,4,Yes,Support response was extremely slow and unhelpful.
RSP-1693,CUST-2246,2025-01-26,Asia-Pacific,SMB,Technology,Phone,Pricing,4,1,7,Yes,Platform UI is slow and unintuitive.
RSP-1694,CUST-1181,2025-04-06,Europe,Mid-Market,Technology,In-App,Customer Support,7,5,2,Yes,"Support resolved the issue, but communication could be better."
RSP-1695,CUST-3311,2025-05-18,Asia-Pacific,Mid-Market,Retail,Email,Product,8,3,4,Yes,"Average experience, nothing exceptional to report."
RSP-1696,CUST-4591,2025-01-05,Latin America,SMB,Technology,Web,Customer Support,9,5,1,Yes,Great value for money and outstanding service reliability.
RSP-1697,CUST-1738,2025-03-19,Europe,Mid-Market,Technology,Phone,Product,2,1,7,Yes,Support response was extremely slow and unhelpful.
RSP-1698,CUST-5043,2025-04-22,Asia-Pacific,Mid-Market,Healthcare,Email,Customer Support,7,5,5,Yes,"Acceptable response time, issue was eventually fixed."
RSP-1699,CUST-4442,2025-06-09,Latin America,Mid-Market,Healthcare,Web,Customer Support,10,5,3,Yes,Best customer service team in the industry. Kudos!
RSP-1700,CUST-4042,2025-08-26,Asia-Pacific,Mid-Market,Finance,Email,Quality,9,5,1,Yes,Exceptional customer support! Issue resolved within an hour.
RSP-1701,CUST-3705,2025-02-11,Middle East & Africa,Mid-Market,Technology,Email,Customer Support,2,2,14,No,Delivery took twice as long as promised.
RSP-1702,CUST-1459,2025-05-17,North America,SMB,Finance,Email,Product,4,2,4,Yes,Customer service agent was rude and transferred me three times.
RSP-1703,CUST-1584,2025-10-06,Asia-Pacific,Mid-Market,Retail,Web,Product,10,5,1,Yes,Best customer service team in the industry. Kudos!
RSP-1704,CUST-2487,2025-04-09,North America,SMB,Healthcare,Email,Pricing,5,2,7,No,Quality has visibly degraded over the last few months.
RSP-1705,CUST-4125,2025-01-07,North America,Mid-Market,Healthcare,Email,Customer Support,7,4,2,Yes,"Support resolved the issue, but communication could be better."
RSP-1706,CUST-3039,2025-07-17,Asia-Pacific,Mid-Market,Finance,Email,Customer Support,0,2,7,No,Billing error was not resolved on time.
RSP-1707,CUST-3024,2025-01-18,North America,SMB,Finance,In-App,Delivery,3,3,4,Yes,Pricing is way too high for the features provided.
RSP-1708,CUST-4775,2025-02-18,North America,SMB,Technology,Web,Delivery,0,1,4,Yes,Platform UI is slow and unintuitive.
RSP-1709,CUST-2707,2025-08-31,Europe,Mid-Market,Technology,Phone,Quality,8,4,2,No,"Decent features for SMBs, but needs better reporting tools."
RSP-1710,CUST-3556,2025-06-15,North America,Enterprise,Retail,In-App,Customer Support,5,1,7,No,Delivery took twice as long as promised.
RSP-1711,CUST-1345,2025-10-09,North America,SMB,Technology,Web,Pricing,4,1,10,Yes,Platform UI is slow and unintuitive.
RSP-1712,CUST-2000,2025-05-10,Asia-Pacific,Mid-Market,Technology,Web,Product,10,5,2,Yes,Best customer service team in the industry. Kudos!
RSP-1713,CUST-3447,2025-04-12,North America,Mid-Market,Finance,Phone,Quality,4,2,10,Yes,"Issue took over a week to resolve, very frustrating."
RSP-1714,CUST-1426,2025-12-08,Europe,Mid-Market,Healthcare,Email,Customer Support,5,3,14,Yes,Pricing is way too high for the features provided.
RSP-1715,CUST-1925,2025-05-01,Europe,Enterprise,Retail,Email,Customer Support,10,5,2,Yes,Top-tier enterprise platform with excellent security features.
RSP-1716,CUST-3658,2025-01-08,North America,SMB,Technology,Web,Product,10,4,1,Yes,Super fast delivery and pristine quality. Highly recommended!
RSP-1717,CUST-3261,2025-10-27,Europe,Mid-Market,Healthcare,Email,Delivery,3,2,5,No,Product keeps crashing after the latest update.
RSP-1718,CUST-4242,2025-05-05,Europe,Enterprise,Healthcare,Web,Product,9,5,1,Yes,Exceptional customer support! Issue resolved within an hour.
RSP-1719,CUST-1344,2025-10-25,North America,Mid-Market,Retail,Phone,Quality,7,4,4,Yes,"Service is okay, expecting more frequent software updates."
RSP-1720,CUST-2269,2025-07-10,Asia-Pacific,Mid-Market,Technology,Phone,Product,9,5,3,Yes,Fantastic product! Has significantly improved our team productivity.
RSP-1722,CUST-1748,2025-12-18,Asia-Pacific,Mid-Market,Technology,Phone,Delivery,4,2,5,Yes,Frequent downtime impacted our business operations.
RSP-1723,CUST-3772,2025-11-17,North America,SMB,Manufacturing,Web,Delivery,9,5,2,Yes,Exceptional customer support! Issue resolved within an hour.
RSP-1724,CUST-1489,2025-07-02,North America,Mid-Market,Technology,Email,Quality,9,5,1,Yes,Super fast delivery and pristine quality. Highly recommended!
RSP-1725,CUST-1879,2025-03-06,North America,Mid-Market,Healthcare,Phone,Product,10,5,2,Yes,Best customer service team in the industry. Kudos!
RSP-1727,CUST-3845,2025-08-13,North America,SMB,Technology,Phone,Customer Support,8,4,2,Yes,"Pricing is fair, but onboarding was slightly confusing."
RSP-1728,CUST-1174,2025-12-19,Asia-Pacific,SMB,Finance,Phone,Product,0,2,7,Yes,Customer service agent was rude and transferred me three times.
RSP-1729,CUST-3934,2025-03-10,North America,Enterprise,Technology,Web,Pricing,8,5,5,Yes,"Delivery was on time, product packaging was slightly damaged."
RSP-1730,CUST-1323,2025-09-06,North America,SMB,Technology,Email,Product,8,4,2,Yes,"Service is okay, expecting more frequent software updates."
RSP-1731,CUST-3414,2025-10-05,Latin America,Mid-Market,Retail,Email,Product,8,4,3,Yes,"Service is okay, expecting more frequent software updates."
RSP-1732,CUST-2554,2025-10-18,Asia-Pacific,SMB,Healthcare,Email,Customer Support,3,1,5,Yes,Delivery took twice as long as promised.
RSP-1733,CUST-3848,2025-06-15,North America,Enterprise,Finance,Phone,Customer Support,9,4,1,Yes,Best customer service team in the industry. Kudos!
RSP-1734,CUST-3255,2025-11-03,Asia-Pacific,SMB,Technology,Email,Pricing,5,2,5,Yes,Platform UI is slow and unintuitive.
RSP-1735,CUST-2313,2025-02-05,Asia-Pacific,Mid-Market,Finance,Phone,Customer Support,9,5,1,Yes,Super fast delivery and pristine quality. Highly recommended!
RSP-1736,CUST-4681,2025-06-01,North America,Mid-Market,Finance,In-App,Delivery,4,2,10,No,Quality has visibly degraded over the last few months.
RSP-1737,CUST-4007,2025-08-21,Europe,Mid-Market,Finance,Web,Quality,2,1,7,No,Support response was extremely slow and unhelpful.
RSP-1738,CUST-5144,2025-07-14,Europe,Mid-Market,Technology,Phone,Product,10,5,1,Yes,Super fast delivery and pristine quality. Highly recommended!
RSP-1739,CUST-1153,2025-11-14,Latin America,Mid-Market,Technology,In-App,Quality,9,4,1,Yes,Smooth experience from purchase to setup. Very satisfied!
RSP-1740,CUST-2956,2025-06-14,North America,SMB,Technology,Web,Product,7,5,2,Yes,"Support resolved the issue, but communication could be better."
RSP-1741,CUST-4174,2025-04-08,North America,Enterprise,Healthcare,Email,Customer Support,9,5,1,Yes,Best customer service team in the industry. Kudos!
RSP-1742,CUST-2262,2025-11-10,North America,Mid-Market,Finance,Email,Quality,10,5,1,Yes,The team went above and beyond to help us with our migration.
RSP-1743,CUST-3642,2025-07-29,Latin America,Mid-Market,Retail,Email,Product,9,5,2,Yes,Smooth experience from purchase to setup. Very satisfied!
RSP-1744,CUST-1904,2025-02-19,North America,Enterprise,Manufacturing,Email,Customer Support,8,3,2,Yes,"Support resolved the issue, but communication could be better."
RSP-1745,CUST-1358,2025-03-08,Asia-Pacific,SMB,Finance,Phone,Product,3,1,4,Yes,Delivery took twice as long as promised.
RSP-1746,CUST-1256,2025-04-14,Europe,Mid-Market,Technology,Phone,Customer Support,2,3,4,No,Product keeps crashing after the latest update.
RSP-1747,CUST-4976,2025-04-09,North America,SMB,Technology,Web,Delivery,7,4,2,Yes,"Support resolved the issue, but communication could be better."
RSP-1748,CUST-1260,2025-10-20,North America,SMB,Technology,Phone,Customer Support,7,3,4,Yes,"Decent features for SMBs, but needs better reporting tools."
RSP-1749,CUST-5013,2025-09-27,Latin America,Mid-Market,Healthcare,Email,Product,9,5,1,Yes,The team went above and beyond to help us with our migration.
RSP-1750,CUST-1402,2025-07-07,Asia-Pacific,SMB,Finance,Phone,Quality,7,3,2,Yes,"Pricing is fair, but onboarding was slightly confusing."
RSP-1751,CUST-1580,2025-01-07,Europe,SMB,Technology,Email,Pricing,8,4,2,Yes,"Pricing is fair, but onboarding was slightly confusing."
RSP-1752,CUST-5025,2025-02-10,North America,Enterprise,Technology,Phone,Product,3,1,7,Yes,Billing error was not resolved on time.
RSP-1753,CUST-1497,2025-07-04,Europe,Mid-Market,Healthcare,Email,Product,10,5,1,Yes,Top-tier enterprise platform with excellent security features.
RSP-1754,CUST-4023,2025-12-29,Europe,Enterprise,Manufacturing,Email,Customer Support,6,1,7,Yes,No feedback provided
RSP-1755,CUST-3177,2025-09-28,North America,Mid-Market,Technology,In-App,Quality,6,1,10,Yes,Support response was extremely slow and unhelpful.
RSP-1756,CUST-1576,2025-06-05,North America,Mid-Market,Retail,Email,Product,8,4,3,Yes,"Support resolved the issue, but communication could be better."
RSP-1757,CUST-2768,2025-09-23,Europe,Enterprise,Technology,Web,Quality,4,1,4,Yes,Product keeps crashing after the latest update.
RSP-1758,CUST-1829,2025-04-29,Asia-Pacific,Mid-Market,Finance,Web,Pricing,0,1,4,No,Platform UI is slow and unintuitive.
RSP-1759,CUST-4156,2025-04-08,Asia-Pacific,Mid-Market,Technology,Email,Product,8,4,2,Yes,"Pricing is fair, but onboarding was slightly confusing."
RSP-1760,CUST-3037,2025-10-19,North America,Mid-Market,Technology,Web,Customer Support,10,5,3,Yes,Super fast delivery and pristine quality. Highly recommended!
RSP-1761,CUST-4401,2025-02-24,Europe,SMB,Technology,Email,Product,8,4,4,Yes,"Acceptable response time, issue was eventually fixed."
RSP-1762,CUST-4757,2025-12-26,Europe,Enterprise,Finance,Email,Pricing,2,1,14,Yes,No feedback provided
RSP-1763,CUST-1852,2025-03-27,North America,Mid-Market,Technology,In-App,Customer Support,6,2,4,No,Delivery took twice as long as promised.
RSP-1764,CUST-4289,2025-09-16,Latin America,SMB,Technology,Email,Product,9,5,1,Yes,Smooth experience from purchase to setup. Very satisfied!
RSP-1765,CUST-2295,2025-10-01,North America,Enterprise,Technology,Email,Product,8,4,2,Yes,"Service is okay, expecting more frequent software updates."
RSP-1766,CUST-3886,2025-06-11,North America,Mid-Market,Technology,Phone,Pricing,0,2,14,Yes,Platform UI is slow and unintuitive.
RSP-1767,CUST-3659,2025-07-10,North America,Mid-Market,Finance,In-App,Product,2,1,5,Yes,Customer service agent was rude and transferred me three times.
RSP-1768,CUST-4527,2025-06-15,North America,Enterprise,Technology,In-App,Product,5,1,14,No,Frequent downtime impacted our business operations.
RSP-1769,CUST-2971,2025-10-16,Asia-Pacific,Enterprise,Retail,Email,Product,8,4,4,No,"Pricing is fair, but onboarding was slightly confusing."
RSP-1770,CUST-4072,2025-10-09,Latin America,Enterprise,Healthcare,Email,Quality,2,3,5,Yes,Quality has visibly degraded over the last few months.
RSP-1771,CUST-3949,2025-08-20,North America,Mid-Market,Retail,Email,Delivery,0,1,4,Yes,Billing error was not resolved on time.
RSP-1772,CUST-4252,2025-01-01,Latin America,Mid-Market,Technology,Phone,Product,6,2,5,No,Support response was extremely slow and unhelpful.
RSP-1773,CUST-3330,2025-11-02,Europe,SMB,Manufacturing,Email,Delivery,3,1,10,No,Support response was extremely slow and unhelpful.
RSP-1774,CUST-2106,2025-06-04,Europe,Mid-Market,Technology,Phone,Quality,7,4,3,Yes,"Product works fine, but missing key integrations."
RSP-1775,CUST-3460,2025-04-24,Europe,Mid-Market,Healthcare,Web,Quality,0,3,7,No,Pricing is way too high for the features provided.
RSP-1776,CUST-3579,2025-01-12,Asia-Pacific,Mid-Market,Retail,Email,Product,9,5,2,Yes,The team went above and beyond to help us with our migration.
RSP-1777,CUST-5188,2025-10-12,Europe,Mid-Market,Manufacturing,Email,Customer Support,8,4,3,No,"Average experience, nothing exceptional to report."
RSP-1778,CUST-1772,2025-01-20,Europe,SMB,Technology,Phone,Customer Support,9,5,1,Yes,Best customer service team in the industry. Kudos!
RSP-1779,CUST-3913,2025-03-21,Europe,Enterprise,Manufacturing,Email,Delivery,0,2,5,Yes,Delivery took twice as long as promised.
RSP-1780,CUST-3170,2025-07-07,North America,Mid-Market,Manufacturing,Email,Customer Support,10,5,3,Yes,No feedback provided
RSP-1781,CUST-2908,2025-05-12,Europe,Mid-Market,Technology,Phone,Quality,6,2,10,Yes,Quality has visibly degraded over the last few months.
RSP-1782,CUST-1752,2025-10-20,Latin America,Mid-Market,Technology,Web,Delivery,7,4,3,Yes,"Decent features for SMBs, but needs better reporting tools."
RSP-1783,CUST-2781,2025-02-09,Europe,Mid-Market,Technology,In-App,Product,10,5,1,Yes,Smooth experience from purchase to setup. Very satisfied!
RSP-1784,CUST-4952,2025-03-30,North America,Mid-Market,Finance,Web,Customer Support,8,4,4,Yes,"Service is okay, expecting more frequent software updates."
RSP-1785,CUST-1781,2025-11-01,North America,SMB,Healthcare,Email,Delivery,1,1,5,Yes,Quality has visibly degraded over the last few months.
RSP-1786,CUST-1306,2025-10-23,Asia-Pacific,Enterprise,Technology,Email,Product,6,2,21,No,Customer service agent was rude and transferred me three times.
RSP-1787,CUST-1642,2025-01-29,Latin America,Enterprise,Technology,Email,Quality,1,2,5,Yes,"Issue took over a week to resolve, very frustrating."
RSP-1788,CUST-3850,2025-08-11,Middle East & Africa,SMB,Retail,Phone,Quality,7,5,2,Yes,"Decent features for SMBs, but needs better reporting tools."
RSP-1789,CUST-1987,2025-04-27,Asia-Pacific,Mid-Market,Retail,In-App,Delivery,4,2,14,Yes,Frequent downtime impacted our business operations.
RSP-1790,CUST-1093,2025-11-21,North America,Mid-Market,Technology,Web,Delivery,4,3,4,Yes,Customer service agent was rude and transferred me three times.
RSP-1791,CUST-1443,2025-06-06,North America,Enterprise,Technology,In-App,Quality,9,5,1,Yes,Exceptional customer support! Issue resolved within an hour.
RSP-1792,CUST-3615,2025-10-04,North America,SMB,Finance,Email,Delivery,5,2,14,Yes,Frequent downtime impacted our business operations.
RSP-1793,CUST-2225,2025-06-17,Latin America,Mid-Market,Finance,In-App,Pricing,0,1,7,Yes,Platform UI is slow and unintuitive.
RSP-1794,CUST-2808,2025-03-20,Europe,SMB,Technology,Phone,Product,10,5,1,Yes,Exceptional customer support! Issue resolved within an hour.
RSP-1795,CUST-4218,2025-08-17,Asia-Pacific,Mid-Market,Healthcare,In-App,Pricing,5,2,5,Yes,Frequent downtime impacted our business operations.
RSP-1796,CUST-5134,2025-02-16,Europe,Mid-Market,Technology,Email,Product,8,4,3,Yes,"Pricing is fair, but onboarding was slightly confusing."
RSP-1797,CUST-4538,2025-05-29,Europe,SMB,Healthcare,In-App,Delivery,6,1,7,No,Customer service agent was rude and transferred me three times.
RSP-1798,CUST-2212,2025-03-09,Latin America,SMB,Technology,Phone,Delivery,5,1,14,No,"Issue took over a week to resolve, very frustrating."
RSP-1799,CUST-1676,2025-09-01,Europe,Mid-Market,Technology,Web,Delivery,9,5,1,Yes,Exceptional customer support! Issue resolved within an hour.
RSP-1800,CUST-4270,2025-05-15,North America,SMB,Finance,In-App,Customer Support,9,4,1,Yes,Fantastic product! Has significantly improved our team productivity.
RSP-1801,CUST-4264,2025-09-14,Asia-Pacific,SMB,Technology,In-App,Pricing,0,3,5,No,Customer service agent was rude and transferred me three times.
RSP-1802,CUST-2068,2025-03-11,North America,SMB,Technology,Phone,Delivery,3,2,4,No,Billing error was not resolved on time.
RSP-1803,CUST-2622,2025-09-07,Middle East & Africa,SMB,Retail,Email,Delivery,5,1,14,Yes,Customer service agent was rude and transferred me three times.
RSP-1804,CUST-2606,2025-10-15,Latin America,Enterprise,Retail,Email,Product,9,5,2,Yes,Great value for money and outstanding service reliability.
RSP-1805,CUST-2985,2025-02-06,North America,SMB,Healthcare,Web,Delivery,6,1,5,Yes,Quality has visibly degraded over the last few months.
RSP-1806,CUST-4523,2025-06-15,Europe,Mid-Market,Finance,Web,Product,7,4,2,Yes,"Support resolved the issue, but communication could be better."
RSP-1807,CUST-1921,2025-12-10,North America,SMB,Finance,Email,Product,9,5,2,Yes,Top-tier enterprise platform with excellent security features.
RSP-1808,CUST-4469,2025-07-07,Europe,Enterprise,Retail,In-App,Customer Support,9,5,1,Yes,Smooth experience from purchase to setup. Very satisfied!
RSP-1809,CUST-2560,2025-06-14,Latin America,Mid-Market,Retail,Email,Product,8,3,3,Yes,"Acceptable response time, issue was eventually fixed."
RSP-1810,CUST-1198,2025-06-06,Asia-Pacific,SMB,Healthcare,Email,Customer Support,10,5,1,Yes,Super fast delivery and pristine quality. Highly recommended!
RSP-1811,CUST-3864,2025-11-12,North America,Enterprise,Retail,Web,Product,6,1,14,Yes,Billing error was not resolved on time.
RSP-1812,CUST-2194,2025-08-14,Europe,Mid-Market,Finance,Email,Delivery,6,2,5,Yes,Support response was extremely slow and unhelpful.
RSP-1813,CUST-2912,2025-04-13,North America,Mid-Market,Finance,In-App,Product,5,1,7,Yes,"Issue took over a week to resolve, very frustrating."
RSP-1814,CUST-2277,2025-02-13,Asia-Pacific,Enterprise,Finance,In-App,Pricing,9,5,3,Yes,Fantastic product! Has significantly improved our team productivity.
RSP-1815,CUST-1446,2025-05-05,North America,Enterprise,Finance,In-App,Product,8,4,5,Yes,"Average experience, nothing exceptional to report."
RSP-1816,CUST-3356,2025-01-08,Middle East & Africa,Mid-Market,Technology,Phone,Delivery,0,2,10,No,"Issue took over a week to resolve, very frustrating."
RSP-1817,CUST-1911,2025-06-06,North America,Mid-Market,Healthcare,Email,Customer Support,3,1,10,Yes,Billing error was not resolved on time.
RSP-1818,CUST-4859,2025-01-12,Middle East & Africa,Mid-Market,Manufacturing,Email,Customer Support,7,4,3,Yes,"Acceptable response time, issue was eventually fixed."
RSP-1819,CUST-2712,2025-10-03,Asia-Pacific,Mid-Market,Technology,Email,Customer Support,6,1,4,Yes,Pricing is way too high for the features provided.
RSP-1820,CUST-2669,2025-10-07,Asia-Pacific,Mid-Market,Healthcare,Email,Product,4,3,7,No,Platform UI is slow and unintuitive.
RSP-1821,CUST-3118,2025-10-08,North America,Mid-Market,Healthcare,Phone,Quality,3,1,7,Yes,Billing error was not resolved on time.
RSP-1822,CUST-2157,2025-12-22,North America,Mid-Market,Technology,Phone,Product,7,4,3,No,"Product works fine, but missing key integrations."
RSP-1823,CUST-4085,2025-10-26,North America,SMB,Finance,Web,Delivery,4,3,14,Yes,Platform UI is slow and unintuitive.
RSP-1824,CUST-1356,2025-05-11,North America,Mid-Market,Manufacturing,Email,Customer Support,9,5,1,Yes,Super fast delivery and pristine quality. Highly recommended!
RSP-1825,CUST-1492,2025-05-26,Middle East & Africa,Mid-Market,Finance,Email,Customer Support,6,1,10,Yes,Pricing is way too high for the features provided.
RSP-1826,CUST-3222,2025-01-28,Asia-Pacific,Mid-Market,Finance,Phone,Customer Support,6,2,10,Yes,Billing error was not resolved on time.
RSP-1827,CUST-1068,2025-02-04,North America,Mid-Market,Finance,Web,Customer Support,7,4,2,Yes,"Decent features for SMBs, but needs better reporting tools."
RSP-1828,CUST-3222,2025-12-06,Asia-Pacific,Enterprise,Manufacturing,Web,Quality,9,5,2,Yes,Smooth experience from purchase to setup. Very satisfied!
RSP-1829,CUST-1883,2025-01-10,North America,SMB,Technology,In-App,Customer Support,9,5,1,Yes,The team went above and beyond to help us with our migration.
RSP-1830,CUST-4166,2025-04-29,Asia-Pacific,Enterprise,Finance,Email,Product,8,3,4,Yes,"Decent features for SMBs, but needs better reporting tools."
RSP-1831,CUST-5165,2025-12-30,North America,Mid-Market,Technology,Email,Quality,3,1,5,Yes,Product keeps crashing after the latest update.
RSP-1832,CUST-3584,2025-09-06,Europe,Mid-Market,Retail,Email,Delivery,4,2,21,Yes,Frequent downtime impacted our business operations.
RSP-1833,CUST-1721,2025-04-06,Middle East & Africa,Mid-Market,Technology,Email,Delivery,3,1,5,Yes,Pricing is way too high for the features provided.
RSP-1834,CUST-5101,2025-08-23,North America,Mid-Market,Retail,Email,Customer Support,8,4,2,Yes,"Product works fine, but missing key integrations."
RSP-1835,CUST-1325,2025-05-07,Europe,Mid-Market,Technology,Email,Quality,6,2,7,No,Platform UI is slow and unintuitive.
RSP-1836,CUST-3497,2025-06-20,Europe,Mid-Market,Manufacturing,Web,Product,4,2,10,Yes,Billing error was not resolved on time.
RSP-1837,CUST-4222,2025-03-22,Europe,Mid-Market,Healthcare,Web,Product,10,5,1,Yes,Exceptional customer support! Issue resolved within an hour.
RSP-1838,CUST-3840,2025-12-17,North America,Mid-Market,Finance,Phone,Delivery,6,2,4,Yes,"Issue took over a week to resolve, very frustrating."
RSP-1839,CUST-3911,2025-11-17,Asia-Pacific,Mid-Market,Finance,Phone,Pricing,0,2,4,Yes,Quality has visibly degraded over the last few months.
RSP-1840,CUST-2934,2025-09-14,North America,Enterprise,Manufacturing,In-App,Delivery,6,2,10,Yes,Quality has visibly degraded over the last few months.
RSP-1841,CUST-1507,2025-11-17,North America,SMB,Finance,Phone,Pricing,9,5,1,No,The team went above and beyond to help us with our migration.
RSP-1842,CUST-4171,2025-01-16,North America,Mid-Market,Technology,In-App,Customer Support,3,3,10,No,Platform UI is slow and unintuitive.
RSP-1843,CUST-3295,2025-04-26,North America,Mid-Market,Finance,Phone,Customer Support,9,5,2,Yes,Super fast delivery and pristine quality. Highly recommended!
RSP-1844,CUST-3799,2025-07-21,North America,Enterprise,Healthcare,Email,Quality,7,4,3,Yes,"Average experience, nothing exceptional to report."
RSP-1845,CUST-1719,2025-07-15,North America,Mid-Market,Finance,Web,Delivery,7,4,5,Yes,"Pricing is fair, but onboarding was slightly confusing."
RSP-1846,CUST-4418,2025-05-04,Europe,Mid-Market,Manufacturing,Email,Customer Support,7,4,2,Yes,"Average experience, nothing exceptional to report."
RSP-1847,CUST-4493,2025-06-09,Europe,Mid-Market,Technology,Email,Product,10,5,2,Yes,Smooth experience from purchase to setup. Very satisfied!
RSP-1848,CUST-4679,2025-10-05,Latin America,Mid-Market,Finance,Phone,Customer Support,8,4,2,Yes,"Average experience, nothing exceptional to report."
RSP-1849,CUST-2693,2025-12-01,Europe,Enterprise,Healthcare,Phone,Quality,1,1,10,Yes,Delivery took twice as long as promised.
RSP-1850,CUST-2657,2025-03-12,North America,SMB,Healthcare,Phone,Pricing,9,5,1,Yes,The team went above and beyond to help us with our migration.
RSP-1851,CUST-2107,2025-08-09,North America,Enterprise,Healthcare,In-App,Quality,6,2,4,Yes,Delivery took twice as long as promised.
RSP-1852,CUST-2294,2025-06-12,North America,SMB,Technology,Web,Customer Support,5,1,7,No,Product keeps crashing after the latest update.
RSP-1853,CUST-1969,2025-04-05,Asia-Pacific,Mid-Market,Finance,Email,Pricing,7,4,3,Yes,"Acceptable response time, issue was eventually fixed."
RSP-1854,CUST-2192,2025-01-16,North America,Enterprise,Healthcare,In-App,Customer Support,2,3,5,Yes,"Issue took over a week to resolve, very frustrating."
RSP-1855,CUST-4391,2025-07-30,North America,Mid-Market,Healthcare,Phone,Customer Support,6,2,4,No,Quality has visibly degraded over the last few months.
RSP-1856,CUST-4629,2025-11-23,Europe,Mid-Market,Healthcare,Phone,Product,10,4,1,Yes,The team went above and beyond to help us with our migration.
RSP-1857,CUST-2244,2025-04-07,Asia-Pacific,Enterprise,Manufacturing,In-App,Customer Support,8,4,3,Yes,"Support resolved the issue, but communication could be better."
RSP-1858,CUST-2077,2025-04-05,Latin America,SMB,Manufacturing,Email,Product,6,1,5,Yes,Support response was extremely slow and unhelpful.
RSP-1859,CUST-3186,2025-11-07,Europe,SMB,Finance,Web,Product,1,2,7,Yes,Frequent downtime impacted our business operations.
RSP-1860,CUST-2891,2025-11-02,North America,Mid-Market,Finance,Web,Pricing,5,2,10,Yes,Pricing is way too high for the features provided.
RSP-1861,CUST-2891,2025-12-18,Europe,SMB,Retail,In-App,Product,8,4,2,Yes,"Product works fine, but missing key integrations."
RSP-1862,CUST-3943,2025-02-10,North America,SMB,Finance,Email,Delivery,6,2,5,No,Billing error was not resolved on time.
RSP-1863,CUST-2098,2025-09-15,Europe,Mid-Market,Technology,In-App,Product,8,4,2,Yes,"Service is okay, expecting more frequent software updates."
RSP-1864,CUST-4063,2025-04-05,North America,SMB,Finance,Web,Quality,7,4,3,Yes,"Decent features for SMBs, but needs better reporting tools."
RSP-1865,CUST-5025,2025-08-31,Europe,SMB,Healthcare,Email,Delivery,4,1,7,Yes,Delivery took twice as long as promised.
RSP-1866,CUST-2341,2025-04-09,Europe,Mid-Market,Finance,Web,Pricing,5,1,21,No,Pricing is way too high for the features provided.
RSP-1867,CUST-1264,2025-07-29,North America,Enterprise,Technology,Email,Product,10,5,1,Yes,Exceptional customer support! Issue resolved within an hour.
RSP-1868,CUST-3210,2025-07-31,Asia-Pacific,SMB,Manufacturing,Phone,Pricing,7,3,3,Yes,"Pricing is fair, but onboarding was slightly confusing."
RSP-1869,CUST-2661,2025-04-15,Latin America,Mid-Market,Finance,Email,Delivery,0,2,10,Yes,Product keeps crashing after the latest update.
RSP-1870,CUST-2450,2025-08-13,Europe,Enterprise,Technology,Phone,Product,8,3,2,Yes,"Service is okay, expecting more frequent software updates."
RSP-1871,CUST-3661,2025-08-23,Europe,Enterprise,Finance,Web,Customer Support,3,2,7,Yes,Pricing is way too high for the features provided.
RSP-1872,CUST-4502,2025-07-27,Asia-Pacific,SMB,Retail,Web,Customer Support,8,4,4,Yes,"Product works fine, but missing key integrations."
RSP-1873,CUST-4116,2025-06-10,North America,Mid-Market,Retail,Email,Customer Support,10,5,3,Yes,Top-tier enterprise platform with excellent security features.
RSP-1874,CUST-1315,2025-09-24,North America,SMB,Technology,Phone,Delivery,2,1,5,Yes,Product keeps crashing after the latest update.
RSP-1875,CUST-4699,2025-08-22,Asia-Pacific,Mid-Market,Technology,Phone,Customer Support,10,4,2,Yes,Exceptional customer support! Issue resolved within an hour.
RSP-1876,CUST-3012,2025-09-23,Europe,Enterprise,Healthcare,Email,Product,8,4,4,Yes,"Decent features for SMBs, but needs better reporting tools."
RSP-1877,CUST-1321,2025-10-13,Europe,Mid-Market,Manufacturing,Phone,Product,5,2,7,Yes,Customer service agent was rude and transferred me three times.
RSP-1878,CUST-1403,2025-04-08,Asia-Pacific,SMB,Finance,Email,Delivery,9,5,1,Yes,The team went above and beyond to help us with our migration.
RSP-1879,CUST-4600,2025-07-23,Europe,Mid-Market,Finance,In-App,Delivery,0,3,4,No,Quality has visibly degraded over the last few months.
RSP-1880,CUST-3342,2025-08-25,Europe,SMB,Technology,Email,Delivery,4,1,21,No,Delivery took twice as long as promised.
RSP-1881,CUST-4460,2025-05-31,Europe,Enterprise,Finance,Web,Delivery,9,3,1,Yes,Exceptional customer support! Issue resolved within an hour.
RSP-1882,CUST-2165,2025-08-26,Asia-Pacific,Mid-Market,Technology,Email,Product,4,2,5,Yes,Billing error was not resolved on time.
RSP-1883,CUST-1740,2025-09-14,Latin America,Mid-Market,Finance,Email,Delivery,4,1,4,No,Product keeps crashing after the latest update.
RSP-1884,CUST-2472,2025-10-27,Latin America,Enterprise,Technology,In-App,Product,8,5,5,Yes,"Average experience, nothing exceptional to report."
RSP-1885,CUST-4220,2025-07-31,North America,Enterprise,Retail,In-App,Customer Support,9,5,1,Yes,Smooth experience from purchase to setup. Very satisfied!
RSP-1886,CUST-4693,2025-01-13,Asia-Pacific,Mid-Market,Technology,Web,Delivery,3,2,7,No,Delivery took twice as long as promised.
RSP-1887,CUST-4716,2025-10-30,North America,Mid-Market,Technology,In-App,Product,9,5,1,Yes,Great value for money and outstanding service reliability.
RSP-1888,CUST-4724,2025-02-16,Asia-Pacific,Mid-Market,Technology,Email,Product,10,5,1,Yes,The team went above and beyond to help us with our migration.
RSP-1889,CUST-3654,2025-12-21,Europe,Enterprise,Healthcare,Email,Customer Support,9,5,1,Yes,Super fast delivery and pristine quality. Highly recommended!
RSP-1890,CUST-2012,2025-02-16,Europe,SMB,Healthcare,In-App,Quality,6,1,14,No,Product keeps crashing after the latest update.
RSP-1891,CUST-4681,2025-11-21,Latin America,SMB,Finance,Email,Product,10,5,1,Yes,Smooth experience from purchase to setup. Very satisfied!
RSP-1892,CUST-1698,2025-09-26,Asia-Pacific,Mid-Market,Technology,Phone,Product,9,5,2,Yes,Top-tier enterprise platform with excellent security features.
RSP-1893,CUST-5191,2025-11-10,Europe,Mid-Market,Healthcare,Phone,Delivery,8,4,4,Yes,"Average experience, nothing exceptional to report."
RSP-1894,CUST-4102,2025-10-09,North America,SMB,Finance,Phone,Customer Support,5,2,4,Yes,Customer service agent was rude and transferred me three times.
RSP-1895,CUST-1359,2025-03-29,Europe,SMB,Healthcare,Email,Customer Support,2,1,4,Yes,"Issue took over a week to resolve, very frustrating."
RSP-1896,CUST-2229,2025-03-25,North America,Mid-Market,Manufacturing,Web,Product,5,2,14,Yes,Delivery took twice as long as promised.
RSP-1897,CUST-2465,2025-12-31,Asia-Pacific,Mid-Market,Healthcare,In-App,Customer Support,10,5,1,Yes,Exceptional customer support! Issue resolved within an hour.
RSP-1898,CUST-4437,2025-06-07,North America,Mid-Market,Technology,Email,Delivery,7,5,3,Yes,"Delivery was on time, product packaging was slightly damaged."
RSP-1899,CUST-4655,2025-05-28,North America,SMB,Finance,Web,Quality,4,2,21,Yes,Delivery took twice as long as promised.
RSP-1900,CUST-1963,2025-03-09,Asia-Pacific,SMB,Technology,Web,Pricing,7,3,3,Yes,"Pricing is fair, but onboarding was slightly confusing."
RSP-1901,CUST-1028,2025-11-15,Asia-Pacific,SMB,Finance,Email,Product,9,5,3,Yes,The team went above and beyond to help us with our migration.
RSP-1902,CUST-1100,2025-08-23,Asia-Pacific,SMB,Finance,Phone,Pricing,6,3,4,Yes,Billing error was not resolved on time.
RSP-1903,CUST-5084,2025-10-06,Europe,Mid-Market,Technology,Phone,Product,9,5,1,Yes,Exceptional customer support! Issue resolved within an hour.
RSP-1904,CUST-5042,2025-05-02,North America,Mid-Market,Retail,Web,Product,8,3,5,No,"Pricing is fair, but onboarding was slightly confusing."
RSP-1905,CUST-4897,2025-08-21,Europe,Mid-Market,Retail,Web,Customer Support,10,5,1,Yes,Top-tier enterprise platform with excellent security features.
RSP-1906,CUST-4619,2025-02-10,Europe,SMB,Technology,Email,Product,8,4,5,Yes,"Product works fine, but missing key integrations."
RSP-1907,CUST-3004,2025-10-08,Asia-Pacific,Mid-Market,Retail,Phone,Customer Support,6,2,7,Yes,Quality has visibly degraded over the last few months.
RSP-1908,CUST-2700,2025-01-26,Latin America,SMB,Manufacturing,Phone,Pricing,8,4,3,Yes,"Average experience, nothing exceptional to report."
RSP-1909,CUST-2214,2025-01-29,North America,Enterprise,Technology,Web,Delivery,3,2,10,No,"Issue took over a week to resolve, very frustrating."
RSP-1910,CUST-1300,2025-03-16,Europe,Mid-Market,Technology,Email,Product,7,5,2,Yes,"Product works fine, but missing key integrations."
RSP-1911,CUST-3444,2025-06-19,North America,SMB,Healthcare,Phone,Product,7,3,3,Yes,"Support resolved the issue, but communication could be better."
RSP-1912,CUST-1401,2025-02-25,Asia-Pacific,Mid-Market,Finance,Email,Delivery,0,2,7,Yes,Customer service agent was rude and transferred me three times.
RSP-1913,CUST-2460,2025-03-24,Asia-Pacific,SMB,Finance,Email,Customer Support,2,2,5,Yes,Quality has visibly degraded over the last few months.
RSP-1914,CUST-2453,2025-08-22,Latin America,Mid-Market,Healthcare,Email,Customer Support,10,5,3,Yes,Smooth experience from purchase to setup. Very satisfied!
RSP-1915,CUST-1293,2025-02-17,Europe,SMB,Healthcare,Email,Customer Support,8,4,4,Yes,"Delivery was on time, product packaging was slightly damaged."
RSP-1916,CUST-3644,2025-07-08,Europe,Enterprise,Healthcare,Web,Pricing,0,2,5,Yes,Customer service agent was rude and transferred me three times.
RSP-1917,CUST-1554,2025-08-07,Europe,Mid-Market,Technology,Web,Quality,10,4,1,Yes,Fantastic product! Has significantly improved our team productivity.
RSP-1918,CUST-3398,2025-08-30,North America,Mid-Market,Retail,Email,Pricing,7,4,4,Yes,"Average experience, nothing exceptional to report."
RSP-1919,CUST-1999,2025-12-22,Asia-Pacific,Mid-Market,Retail,Email,Product,8,4,3,Yes,"Delivery was on time, product packaging was slightly damaged."
RSP-1920,CUST-3696,2025-09-27,Asia-Pacific,Mid-Market,Healthcare,Email,Delivery,5,2,4,Yes,Customer service agent was rude and transferred me three times.
RSP-1921,CUST-2719,2025-12-23,North America,Mid-Market,Healthcare,Web,Delivery,5,2,5,No,Pricing is way too high for the features provided.
RSP-1922,CUST-1476,2025-02-25,Europe,Mid-Market,Retail,Email,Quality,7,4,4,Yes,"Support resolved the issue, but communication could be better."
RSP-1923,CUST-4962,2025-12-19,Europe,SMB,Healthcare,Phone,Product,2,2,4,Yes,Frequent downtime impacted our business operations.
RSP-1924,CUST-3352,2025-08-07,Asia-Pacific,Enterprise,Technology,Phone,Customer Support,9,5,1,Yes,Smooth experience from purchase to setup. Very satisfied!
RSP-1925,CUST-3127,2025-09-27,Europe,Mid-Market,Retail,Email,Delivery,0,2,4,Yes,Frequent downtime impacted our business operations.
RSP-1926,CUST-3898,2025-03-08,Asia-Pacific,Mid-Market,Technology,Web,Product,9,5,1,Yes,Best customer service team in the industry. Kudos!
RSP-1927,CUST-5077,2025-09-10,North America,SMB,Technology,Email,Product,0,2,7,No,Delivery took twice as long as promised.
RSP-1928,CUST-2906,2025-12-29,North America,Mid-Market,Finance,Phone,Customer Support,8,3,4,Yes,"Delivery was on time, product packaging was slightly damaged."
RSP-1929,CUST-2585,2025-01-01,Europe,Enterprise,Technology,Email,Product,5,2,7,Yes,Product keeps crashing after the latest update.
RSP-1930,CUST-1196,2025-08-27,North America,SMB,Technology,Web,Pricing,7,5,3,Yes,"Support resolved the issue, but communication could be better."
RSP-1931,CUST-2698,2025-11-12,North America,Mid-Market,Technology,Web,Product,9,5,1,Yes,Top-tier enterprise platform with excellent security features.
RSP-1932,CUST-4391,2025-01-24,North America,SMB,Finance,Email,Delivery,3,2,7,Yes,"Issue took over a week to resolve, very frustrating."
RSP-1933,CUST-3864,2025-10-14,Asia-Pacific,Enterprise,Finance,Web,Quality,8,4,5,Yes,"Pricing is fair, but onboarding was slightly confusing."
RSP-1934,CUST-1092,2025-11-24,Europe,Enterprise,Manufacturing,Web,Customer Support,2,2,10,No,Pricing is way too high for the features provided.
RSP-1935,CUST-3307,2025-05-11,North America,Mid-Market,Technology,Phone,Product,7,3,2,Yes,"Support resolved the issue, but communication could be better."
RSP-1936,CUST-3521,2025-06-03,Latin America,Mid-Market,Healthcare,Phone,Customer Support,10,4,1,No,No feedback provided
RSP-1937,CUST-1050,2025-02-28,North America,Enterprise,Technology,Email,Pricing,2,3,21,Yes,"Issue took over a week to resolve, very frustrating."
RSP-1938,CUST-3796,2025-07-22,North America,Enterprise,Healthcare,Email,Customer Support,7,5,3,Yes,No feedback provided
RSP-1939,CUST-2438,2025-04-10,Latin America,Enterprise,Technology,Email,Product,8,4,3,No,"Acceptable response time, issue was eventually fixed."
RSP-1941,CUST-4887,2025-01-19,North America,Enterprise,Finance,Email,Delivery,6,1,4,No,Delivery took twice as long as promised.
RSP-1942,CUST-4944,2025-03-21,North America,SMB,Technology,Phone,Delivery,3,1,5,No,Billing error was not resolved on time.
RSP-1943,CUST-3745,2025-08-25,Asia-Pacific,Enterprise,Finance,In-App,Customer Support,4,3,5,Yes,Customer service agent was rude and transferred me three times.
RSP-1944,CUST-1458,2025-09-24,Europe,SMB,Manufacturing,In-App,Product,10,4,1,Yes,The team went above and beyond to help us with our migration.
RSP-1945,CUST-3584,2025-10-12,Europe,Mid-Market,Healthcare,In-App,Product,6,3,4,Yes,Platform UI is slow and unintuitive.
RSP-1946,CUST-1153,2025-04-17,Asia-Pacific,Mid-Market,Finance,Email,Quality,2,1,4,Yes,Frequent downtime impacted our business operations.
RSP-1947,CUST-3717,2025-07-01,Europe,SMB,Finance,Phone,Pricing,4,2,7,Yes,Product keeps crashing after the latest update.
RSP-1948,CUST-2223,2025-05-24,Asia-Pacific,Enterprise,Finance,Web,Pricing,8,4,3,Yes,"Product works fine, but missing key integrations."
RSP-1949,CUST-3778,2025-07-12,Europe,SMB,Manufacturing,In-App,Product,10,5,1,Yes,Super fast delivery and pristine quality. Highly recommended!
RSP-1950,CUST-4191,2025-04-06,Asia-Pacific,Mid-Market,Manufacturing,Phone,Customer Support,9,5,2,Yes,Fantastic product! Has significantly improved our team productivity.
RSP-1951,CUST-3525,2025-12-28,Europe,Enterprise,Healthcare,Web,Pricing,2,1,4,No,"Issue took over a week to resolve, very frustrating."
RSP-1952,CUST-1259,2025-05-20,Middle East & Africa,Mid-Market,Finance,Phone,Product,9,5,1,Yes,Top-tier enterprise platform with excellent security features.
RSP-1953,CUST-1711,2025-09-12,Asia-Pacific,SMB,Manufacturing,In-App,Customer Support,3,2,10,Yes,Pricing is way too high for the features provided.
RSP-1954,CUST-4044,2025-08-20,North America,Enterprise,Finance,Phone,Delivery,1,2,5,Yes,Quality has visibly degraded over the last few months.
RSP-1955,CUST-2770,2025-09-26,Europe,Mid-Market,Healthcare,Phone,Product,9,5,1,Yes,The team went above and beyond to help us with our migration.
RSP-1956,CUST-2433,2025-02-27,Asia-Pacific,Enterprise,Technology,Web,Quality,5,2,4,Yes,"Issue took over a week to resolve, very frustrating."
RSP-1957,CUST-1306,2025-04-14,North America,Mid-Market,Technology,Phone,Delivery,4,1,5,No,Product keeps crashing after the latest update.
RSP-1958,CUST-4635,2025-09-17,North America,SMB,Healthcare,Phone,Customer Support,10,4,1,Yes,Exceptional customer support! Issue resolved within an hour.
RSP-1959,CUST-4953,2025-09-14,Latin America,SMB,Healthcare,Phone,Customer Support,8,4,4,Yes,"Average experience, nothing exceptional to report."
RSP-1960,CUST-2558,2025-06-24,Europe,Mid-Market,Finance,Phone,Delivery,0,1,7,No,Billing error was not resolved on time.
RSP-1961,CUST-3542,2025-06-17,North America,Mid-Market,Technology,Email,Pricing,8,3,4,Yes,"Average experience, nothing exceptional to report."
RSP-1962,CUST-1804,2025-09-22,Middle East & Africa,Mid-Market,Technology,Phone,Quality,3,2,4,No,Delivery took twice as long as promised.
RSP-1963,CUST-2680,2025-01-19,North America,SMB,Healthcare,Phone,Pricing,10,5,1,Yes,Best customer service team in the industry. Kudos!
RSP-1964,CUST-4175,2025-09-25,Europe,Mid-Market,Finance,Email,Customer Support,9,4,1,Yes,Fantastic product! Has significantly improved our team productivity.
RSP-1965,CUST-1033,2025-06-09,Asia-Pacific,Enterprise,Finance,Email,Delivery,7,4,2,Yes,"Product works fine, but missing key integrations."
RSP-1966,CUST-1713,2025-06-20,Middle East & Africa,Enterprise,Retail,Web,Quality,4,1,14,Yes,Billing error was not resolved on time.
RSP-1967,CUST-1377,2025-02-22,North America,Mid-Market,Technology,Web,Customer Support,10,5,1,Yes,The team went above and beyond to help us with our migration.
RSP-1968,CUST-1184,2025-10-23,Asia-Pacific,Mid-Market,Manufacturing,Web,Product,10,4,1,Yes,The team went above and beyond to help us with our migration.
RSP-1969,CUST-2719,2025-06-14,Latin America,Mid-Market,Technology,Email,Delivery,3,1,7,No,Pricing is way too high for the features provided.
RSP-1970,CUST-2577,2025-05-27,North America,Enterprise,Retail,Web,Pricing,1,1,7,Yes,Quality has visibly degraded over the last few months.
RSP-1971,CUST-3614,2025-08-14,Europe,Mid-Market,Technology,Phone,Customer Support,7,4,3,Yes,"Support resolved the issue, but communication could be better."
RSP-1972,CUST-3233,2025-03-18,North America,Mid-Market,Technology,Phone,Quality,5,1,21,Yes,Delivery took twice as long as promised.
RSP-1973,CUST-3241,2025-02-28,North America,Mid-Market,Finance,Email,Customer Support,7,3,3,Yes,"Product works fine, but missing key integrations."
RSP-1975,CUST-3869,2025-10-09,North America,SMB,Healthcare,Web,Customer Support,9,5,1,No,Smooth experience from purchase to setup. Very satisfied!
RSP-1976,CUST-3220,2025-03-14,Asia-Pacific,SMB,Unknown,Email,Customer Support,2,2,5,Yes,Quality has visibly degraded over the last few months.
RSP-1977,CUST-3005,2025-03-29,North America,Mid-Market,Technology,Phone,Product,6,3,7,Yes,Product keeps crashing after the latest update.
RSP-1978,CUST-3550,2025-11-10,Asia-Pacific,SMB,Technology,Phone,Customer Support,6,2,21,No,"Issue took over a week to resolve, very frustrating."
RSP-1979,CUST-4634,2025-01-26,North America,Enterprise,Manufacturing,Phone,Product,9,5,1,Yes,Super fast delivery and pristine quality. Highly recommended!
RSP-1980,CUST-1237,2025-08-30,North America,Enterprise,Technology,Phone,Product,7,4,4,Yes,"Product works fine, but missing key integrations."
RSP-1981,CUST-1867,2025-07-16,Asia-Pacific,Enterprise,Finance,Phone,Product,9,5,1,Yes,Exceptional customer support! Issue resolved within an hour.
RSP-1982,CUST-1705,2025-08-07,Europe,Enterprise,Technology,Email,Delivery,4,1,4,Yes,Customer service agent was rude and transferred me three times.
RSP-1983,CUST-2466,2025-12-27,Asia-Pacific,SMB,Retail,Email,Pricing,3,3,5,Yes,Frequent downtime impacted our business operations.
RSP-1984,CUST-4652,2025-11-12,North America,Mid-Market,Retail,Web,Pricing,6,2,4,No,"Issue took over a week to resolve, very frustrating."
RSP-1985,CUST-3559,2025-06-20,Europe,SMB,Healthcare,Phone,Pricing,1,1,4,No,Pricing is way too high for the features provided.
RSP-1986,CUST-1643,2025-08-27,North America,Enterprise,Technology,Phone,Delivery,0,3,21,Yes,Frequent downtime impacted our business operations.
RSP-1987,CUST-2079,2025-02-17,Asia-Pacific,Mid-Market,Technology,Email,Delivery,4,1,10,Yes,Billing error was not resolved on time.
RSP-1988,CUST-1796,2025-08-22,Europe,Enterprise,Healthcare,Email,Customer Support,9,5,1,Yes,The team went above and beyond to help us with our migration.
RSP-1989,CUST-4812,2025-08-29,Latin America,Mid-Market,Technology,Web,Product,10,5,1,Yes,Great value for money and outstanding service reliability.
RSP-1990,CUST-2833,2025-03-15,North America,SMB,Technology,Phone,Pricing,4,1,7,Yes,Frequent downtime impacted our business operations.
RSP-1991,CUST-3113,2025-07-06,North America,Enterprise,Finance,In-App,Product,5,1,10,Yes,Customer service agent was rude and transferred me three times.
RSP-1992,CUST-2502,2025-12-25,Latin America,Enterprise,Manufacturing,Phone,Customer Support,7,4,2,Yes,"Acceptable response time, issue was eventually fixed."
RSP-1993,CUST-3660,2025-08-21,North America,SMB,Finance,Phone,Customer Support,3,2,10,No,Billing error was not resolved on time.
RSP-1994,CUST-1247,2025-02-03,Europe,SMB,Retail,Phone,Delivery,6,2,5,Yes,Billing error was not resolved on time.
RSP-1995,CUST-1924,2025-06-29,Europe,Mid-Market,Healthcare,Email,Customer Support,8,3,3,No,"Service is okay, expecting more frequent software updates."
RSP-1996,CUST-4778,2025-03-29,Asia-Pacific,Mid-Market,Manufacturing,Email,Pricing,2,1,5,Yes,Quality has visibly degraded over the last few months.
RSP-1997,CUST-3855,2025-11-06,Europe,SMB,Retail,Email,Delivery,1,1,7,Yes,Frequent downtime impacted our business operations.
RSP-1998,CUST-2043,2025-09-18,Asia-Pacific,Mid-Market,Technology,Phone,Product,7,4,3,Yes,"Support resolved the issue, but communication could be better."
RSP-1999,CUST-4323,2025-02-24,Asia-Pacific,Enterprise,Finance,Phone,Delivery,8,4,2,Yes,"Acceptable response time, issue was eventually fixed."
RSP-2000,CUST-1581,2025-06-04,Latin America,Enterprise,Healthcare,Web,Customer Support,9,5,1,Yes,Best customer service team in the industry. Kudos!
RSP-2001,CUST-4283,2025-10-30,Europe,Mid-Market,Healthcare,Web,Quality,4,1,14,Yes,Customer service agent was rude and transferred me three times.
RSP-2002,CUST-2954,2025-11-14,North America,Mid-Market,Manufacturing,Web,Customer Support,5,3,7,No,Pricing is way too high for the features provided.
RSP-2003,CUST-2302,2025-09-04,North America,Enterprise,Healthcare,Email,Customer Support,10,5,2,Yes,Top-tier enterprise platform with excellent security features.
RSP-2004,CUST-1541,2025-06-24,Asia-Pacific,SMB,Finance,Phone,Customer Support,9,5,2,Yes,No feedback provided
RSP-2005,CUST-4531,2025-08-11,Europe,SMB,Unknown,Phone,Customer Support,10,5,1,Yes,Smooth experience from purchase to setup. Very satisfied!
RSP-2006,CUST-2934,2025-03-30,Europe,SMB,Technology,Email,Pricing,1,2,10,No,Product keeps crashing after the latest update.
RSP-2007,CUST-4986,2025-02-28,North America,Mid-Market,Retail,Phone,Delivery,4,1,14,No,Frequent downtime impacted our business operations.
RSP-2008,CUST-4792,2025-06-16,Middle East & Africa,Mid-Market,Finance,Email,Customer Support,8,5,4,No,"Support resolved the issue, but communication could be better."
RSP-2009,CUST-4647,2025-04-01,Latin America,SMB,Technology,Web,Customer Support,7,3,3,Yes,"Delivery was on time, product packaging was slightly damaged."
RSP-2010,CUST-4324,2025-02-05,Europe,Mid-Market,Manufacturing,Web,Delivery,4,1,5,Yes,Frequent downtime impacted our business operations.
RSP-2011,CUST-1890,2025-12-17,Middle East & Africa,Mid-Market,Technology,Email,Customer Support,8,3,5,Yes,"Decent features for SMBs, but needs better reporting tools."
RSP-2012,CUST-3682,2025-09-11,North America,Enterprise,Finance,Email,Product,7,4,2,Yes,"Product works fine, but missing key integrations."
RSP-2013,CUST-1741,2025-04-22,Europe,Enterprise,Healthcare,Email,Product,8,3,2,Yes,"Average experience, nothing exceptional to report."
RSP-2014,CUST-1001,2025-03-17,Latin America,SMB,Retail,Web,Pricing,7,4,3,Yes,"Average experience, nothing exceptional to report."
RSP-2015,CUST-4710,2025-09-30,Asia-Pacific,SMB,Healthcare,Web,Delivery,4,1,7,Yes,Quality has visibly degraded over the last few months.
RSP-2016,CUST-4194,2025-11-12,Asia-Pacific,SMB,Retail,Email,Quality,5,1,10,Yes,Frequent downtime impacted our business operations.
RSP-2017,CUST-4663,2025-04-11,North America,Mid-Market,Finance,Email,Customer Support,9,5,2,Yes,Great value for money and outstanding service reliability.
RSP-2018,CUST-3593,2025-06-03,North America,Mid-Market,Healthcare,Web,Product,6,2,7,No,Frequent downtime impacted our business operations.
RSP-2019,CUST-3494,2025-08-11,Asia-Pacific,SMB,Finance,Phone,Pricing,5,1,5,No,"Issue took over a week to resolve, very frustrating."
RSP-2020,CUST-1731,2025-10-26,Latin America,Enterprise,Technology,In-App,Pricing,2,1,7,Yes,Support response was extremely slow and unhelpful.
RSP-2021,CUST-5181,2025-07-26,Latin America,Enterprise,Technology,Email,Product,3,1,10,Yes,Delivery took twice as long as promised.
RSP-2022,CUST-3409,2025-02-01,Latin America,Mid-Market,Finance,Email,Product,8,4,4,Yes,"Acceptable response time, issue was eventually fixed."
RSP-2023,CUST-1435,2025-01-01,Europe,Mid-Market,Retail,Phone,Pricing,7,3,3,Yes,"Acceptable response time, issue was eventually fixed."
RSP-2024,CUST-1898,2025-05-25,Asia-Pacific,Mid-Market,Retail,Email,Product,1,2,7,Yes,Support response was extremely slow and unhelpful.
RSP-2025,CUST-2927,2025-08-10,Europe,Enterprise,Technology,Web,Delivery,6,2,14,Yes,Frequent downtime impacted our business operations.
RSP-2026,CUST-4229,2025-11-17,Europe,SMB,Retail,Web,Product,5,2,10,Yes,"Issue took over a week to resolve, very frustrating."
RSP-2027,CUST-4135,2025-07-27,North America,SMB,Technology,Email,Product,6,2,5,Yes,Customer service agent was rude and transferred me three times.
RSP-2028,CUST-4565,2025-10-07,North America,Mid-Market,Finance,Email,Customer Support,3,1,4,Yes,Pricing is way too high for the features provided.
RSP-2029,CUST-2420,2025-09-01,Europe,Mid-Market,Retail,Email,Product,6,2,5,Yes,Delivery took twice as long as promised.
RSP-2030,CUST-2541,2025-10-12,North America,Enterprise,Manufacturing,Phone,Quality,7,4,2,Yes,"Decent features for SMBs, but needs better reporting tools."
RSP-2031,CUST-3951,2025-08-02,North America,Mid-Market,Finance,Web,Customer Support,9,4,1,Yes,Super fast delivery and pristine quality. Highly recommended!
RSP-2032,CUST-3363,2025-12-10,Asia-Pacific,SMB,Technology,Email,Delivery,8,4,2,No,"Average experience, nothing exceptional to report."
RSP-2033,CUST-2100,2025-01-06,Asia-Pacific,Enterprise,Manufacturing,Phone,Delivery,4,2,7,Yes,Product keeps crashing after the latest update.
RSP-2034,CUST-1128,2025-03-15,Middle East & Africa,Enterprise,Finance,Phone,Product,4,3,5,No,Billing error was not resolved on time.
RSP-2035,CUST-4577,2025-03-11,Europe,SMB,Healthcare,Email,Delivery,8,4,2,No,"Support resolved the issue, but communication could be better."
RSP-2036,CUST-2124,2025-11-25,Asia-Pacific,Enterprise,Manufacturing,Web,Product,5,2,10,Yes,Customer service agent was rude and transferred me three times.
RSP-2037,CUST-4735,2025-12-23,North America,Mid-Market,Finance,Email,Product,9,5,1,Yes,Top-tier enterprise platform with excellent security features.
RSP-2038,CUST-2472,2025-08-21,Europe,Mid-Market,Manufacturing,Web,Product,7,4,3,Yes,"Decent features for SMBs, but needs better reporting tools."
RSP-2039,CUST-4686,2025-07-16,Asia-Pacific,SMB,Healthcare,Web,Customer Support,9,5,1,Yes,Smooth experience from purchase to setup. Very satisfied!
RSP-2040,CUST-2849,2025-04-06,Latin America,SMB,Manufacturing,Email,Customer Support,4,2,4,Yes,Customer service agent was rude and transferred me three times.
RSP-2041,CUST-1060,2025-10-23,North America,Mid-Market,Healthcare,Email,Delivery,1,3,5,Yes,Billing error was not resolved on time.
RSP-2042,CUST-2939,2025-12-31,Asia-Pacific,Mid-Market,Finance,Phone,Pricing,2,3,10,Yes,Platform UI is slow and unintuitive.
RSP-2043,CUST-3205,2025-07-30,Europe,Mid-Market,Technology,Email,Pricing,5,1,10,Yes,Platform UI is slow and unintuitive.
RSP-2044,CUST-4006,2025-01-18,North America,SMB,Finance,Email,Pricing,2,2,4,Yes,Support response was extremely slow and unhelpful.
RSP-2045,CUST-4958,2025-12-27,North America,Mid-Market,Retail,Email,Quality,7,5,3,Yes,"Acceptable response time, issue was eventually fixed."
RSP-2046,CUST-1927,2025-10-25,North America,SMB,Retail,Email,Customer Support,8,5,5,No,"Service is okay, expecting more frequent software updates."
RSP-2047,CUST-1655,2025-03-14,Latin America,SMB,Technology,Web,Customer Support,10,5,1,Yes,The team went above and beyond to help us with our migration.
RSP-2048,CUST-4808,2025-09-22,Asia-Pacific,Enterprise,Healthcare,Phone,Delivery,3,1,14,No,Product keeps crashing after the latest update.
RSP-2049,CUST-1724,2025-05-06,North America,SMB,Finance,Email,Delivery,6,2,10,Yes,Billing error was not resolved on time.
RSP-2050,CUST-1639,2025-12-17,North America,SMB,Technology,Web,Product,6,1,4,Yes,Platform UI is slow and unintuitive.
RSP-2051,CUST-3559,2025-11-10,North America,Mid-Market,Finance,Email,Quality,3,1,7,Yes,Support response was extremely slow and unhelpful.
RSP-2052,CUST-3814,2025-10-01,Europe,Enterprise,Retail,Phone,Product,7,4,3,Yes,"Product works fine, but missing key integrations."
RSP-2053,CUST-4840,2025-08-21,North America,Enterprise,Healthcare,Web,Delivery,4,3,7,Yes,Platform UI is slow and unintuitive.
RSP-2054,CUST-4843,2025-10-21,North America,Mid-Market,Finance,Email,Pricing,8,4,3,Yes,"Acceptable response time, issue was eventually fixed."
RSP-2055,CUST-4448,2025-06-30,North America,Mid-Market,Retail,Phone,Quality,2,2,7,Yes,Quality has visibly degraded over the last few months.
RSP-2056,CUST-3369,2025-03-27,Latin America,SMB,Technology,Email,Product,9,5,2,Yes,Exceptional customer support! Issue resolved within an hour.
RSP-2057,CUST-3490,2025-10-16,Europe,SMB,Healthcare,Phone,Product,7,4,3,No,"Delivery was on time, product packaging was slightly damaged."
RSP-2058,CUST-1503,2025-11-19,Latin America,SMB,Healthcare,Web,Delivery,2,1,4,Yes,Billing error was not resolved on time.
RSP-2059,CUST-2385,2025-10-21,Europe,SMB,Technology,In-App,Product,5,2,7,Yes,Support response was extremely slow and unhelpful.
RSP-2060,CUST-3390,2025-11-16,North America,Mid-Market,Technology,Web,Delivery,1,3,5,No,Support response was extremely slow and unhelpful.
RSP-2061,CUST-3349,2025-09-06,Asia-Pacific,SMB,Healthcare,Phone,Delivery,6,2,5,No,Product keeps crashing after the latest update.
RSP-2062,CUST-2038,2025-09-16,North America,SMB,Retail,Phone,Delivery,3,3,4,Yes,Product keeps crashing after the latest update.
RSP-2063,CUST-3276,2025-05-10,Asia-Pacific,SMB,Retail,Phone,Product,7,3,4,Yes,"Average experience, nothing exceptional to report."
RSP-2064,CUST-3301,2025-05-21,Asia-Pacific,Mid-Market,Healthcare,Email,Delivery,1,2,4,No,Quality has visibly degraded over the last few months.
RSP-2065,CUST-1116,2025-02-27,Asia-Pacific,Mid-Market,Technology,Email,Delivery,6,1,10,No,Frequent downtime impacted our business operations.
RSP-2066,CUST-2430,2025-10-30,North America,SMB,Finance,Web,Product,4,1,5,No,Delivery took twice as long as promised.
RSP-2067,CUST-4658,2025-07-09,Asia-Pacific,SMB,Technology,Email,Customer Support,6,1,7,Yes,Delivery took twice as long as promised.
RSP-2068,CUST-3140,2025-12-25,Europe,Mid-Market,Finance,Web,Product,10,5,3,Yes,Great value for money and outstanding service reliability.
RSP-2069,CUST-4972,2025-04-03,Europe,Mid-Market,Retail,Phone,Delivery,9,5,1,Yes,Exceptional customer support! Issue resolved within an hour.
RSP-2070,CUST-3808,2025-02-13,Europe,Mid-Market,Healthcare,In-App,Customer Support,3,1,21,No,Delivery took twice as long as promised.
RSP-2071,CUST-2262,2025-09-11,Latin America,Mid-Market,Finance,Web,Product,8,4,3,Yes,"Decent features for SMBs, but needs better reporting tools."
RSP-2072,CUST-4138,2025-05-02,Asia-Pacific,SMB,Retail,Phone,Delivery,8,4,2,Yes,"Service is okay, expecting more frequent software updates."
RSP-2073,CUST-2370,2025-04-18,North America,Mid-Market,Technology,Email,Pricing,7,4,3,Yes,"Acceptable response time, issue was eventually fixed."
RSP-2074,CUST-1445,2025-11-25,Asia-Pacific,Mid-Market,Manufacturing,Email,Pricing,4,2,4,Yes,Quality has visibly degraded over the last few months.
RSP-2075,CUST-1950,2025-01-27,Europe,SMB,Manufacturing,In-App,Delivery,10,5,2,Yes,Super fast delivery and pristine quality. Highly recommended!
RSP-2076,CUST-4801,2025-07-24,Europe,SMB,Manufacturing,Web,Quality,3,2,7,Yes,Billing error was not resolved on time.
RSP-2077,CUST-3468,2025-09-01,North America,Enterprise,Finance,Email,Delivery,3,2,10,No,Platform UI is slow and unintuitive.
RSP-2078,CUST-2914,2025-07-14,Europe,Mid-Market,Healthcare,Web,Delivery,2,2,5,No,Customer service agent was rude and transferred me three times.
RSP-2079,CUST-4887,2025-05-15,North America,SMB,Technology,Email,Delivery,7,5,3,Yes,"Average experience, nothing exceptional to report."
RSP-2080,CUST-4561,2025-01-07,Asia-Pacific,SMB,Retail,Email,Customer Support,8,3,2,No,"Delivery was on time, product packaging was slightly damaged."
RSP-2081,CUST-4676,2025-07-15,Latin America,SMB,Manufacturing,Web,Product,6,1,4,Yes,"Issue took over a week to resolve, very frustrating."
RSP-2082,CUST-1336,2025-02-19,Europe,SMB,Retail,Phone,Pricing,5,3,7,Yes,Platform UI is slow and unintuitive.
RSP-2083,CUST-3898,2025-08-10,Latin America,Mid-Market,Healthcare,Email,Customer Support,10,4,2,Yes,The team went above and beyond to help us with our migration.
RSP-2084,CUST-3744,2025-05-19,North America,Enterprise,Finance,Email,Customer Support,6,1,10,Yes,Quality has visibly degraded over the last few months.
RSP-2085,CUST-1805,2025-05-11,North America,Mid-Market,Finance,Phone,Product,5,1,5,No,Frequent downtime impacted our business operations.
RSP-2086,CUST-4204,2025-08-25,Asia-Pacific,Mid-Market,Technology,Web,Quality,7,4,4,Yes,"Pricing is fair, but onboarding was slightly confusing."
RSP-2087,CUST-2596,2025-09-24,North America,SMB,Technology,Web,Quality,9,5,1,Yes,Smooth experience from purchase to setup. Very satisfied!
RSP-2088,CUST-2473,2025-06-10,Asia-Pacific,SMB,Finance,Email,Pricing,10,5,1,Yes,Exceptional customer support! Issue resolved within an hour.
RSP-2089,CUST-1069,2025-02-04,Asia-Pacific,SMB,Technology,Phone,Customer Support,10,5,3,Yes,Exceptional customer support! Issue resolved within an hour.
RSP-2090,CUST-4368,2025-02-20,Asia-Pacific,Mid-Market,Healthcare,Email,Quality,10,5,1,Yes,Fantastic product! Has significantly improved our team productivity.
RSP-2091,CUST-4653,2025-06-29,Europe,SMB,Technology,Email,Delivery,0,1,4,Yes,Pricing is way too high for the features provided.
RSP-2092,CUST-3320,2025-05-09,North America,SMB,Technology,Phone,Quality,8,4,4,Yes,"Pricing is fair, but onboarding was slightly confusing."
RSP-2093,CUST-1278,2025-01-13,Latin America,Mid-Market,Retail,Phone,Product,10,5,3,Yes,Fantastic product! Has significantly improved our team productivity.
RSP-2094,CUST-1465,2025-11-01,North America,SMB,Technology,In-App,Pricing,8,4,3,Yes,"Pricing is fair, but onboarding was slightly confusing."
RSP-2095,CUST-1997,2025-12-29,Asia-Pacific,Mid-Market,Manufacturing,Web,Pricing,0,1,7,Yes,Product keeps crashing after the latest update.
RSP-2096,CUST-1707,2025-11-06,Asia-Pacific,Enterprise,Manufacturing,Email,Delivery,2,2,4,Yes,Delivery took twice as long as promised.
RSP-2097,CUST-4079,2025-12-03,Asia-Pacific,Enterprise,Technology,Web,Product,7,3,3,Yes,"Average experience, nothing exceptional to report."
RSP-2098,CUST-1908,2025-12-23,North America,SMB,Manufacturing,Email,Pricing,3,1,4,Yes,Delivery took twice as long as promised.
RSP-2099,CUST-3075,2025-05-31,Europe,Mid-Market,Retail,Web,Delivery,7,5,2,Yes,"Service is okay, expecting more frequent software updates."
RSP-2100,CUST-1620,2025-11-24,Europe,Mid-Market,Healthcare,Email,Customer Support,8,4,2,Yes,"Service is okay, expecting more frequent software updates."
RSP-2101,CUST-3264,2025-08-07,North America,Mid-Market,Manufacturing,Phone,Product,7,4,4,Yes,"Acceptable response time, issue was eventually fixed."
RSP-2102,CUST-3108,2025-03-24,North America,Mid-Market,Finance,In-App,Customer Support,9,5,1,Yes,Fantastic product! Has significantly improved our team productivity.
RSP-2103,CUST-3271,2025-02-01,Europe,SMB,Healthcare,Email,Customer Support,1,1,5,No,Customer service agent was rude and transferred me three times.
RSP-2104,CUST-4183,2025-06-20,Europe,Enterprise,Finance,Email,Pricing,5,2,5,No,Support response was extremely slow and unhelpful.
RSP-2105,CUST-3115,2025-05-16,Asia-Pacific,SMB,Technology,Phone,Customer Support,2,1,14,Yes,Delivery took twice as long as promised.
RSP-2106,CUST-4609,2025-02-05,Middle East & Africa,Enterprise,Finance,Phone,Delivery,10,4,2,Yes,Best customer service team in the industry. Kudos!
RSP-2107,CUST-2643,2025-11-09,North America,SMB,Healthcare,Web,Delivery,8,4,2,Yes,"Decent features for SMBs, but needs better reporting tools."
RSP-2108,CUST-2461,2025-11-27,North America,Mid-Market,Technology,Email,Product,8,4,3,Yes,"Service is okay, expecting more frequent software updates."
RSP-2109,CUST-1888,2025-03-15,Asia-Pacific,SMB,Healthcare,In-App,Customer Support,9,5,1,Yes,Top-tier enterprise platform with excellent security features.
RSP-2110,CUST-2789,2025-11-11,Asia-Pacific,Enterprise,Healthcare,Phone,Customer Support,10,4,1,Yes,Fantastic product! Has significantly improved our team productivity.
RSP-2111,CUST-4617,2025-05-13,North America,Enterprise,Retail,Phone,Quality,1,1,5,Yes,Product keeps crashing after the latest update.
RSP-2112,CUST-1285,2025-02-07,Asia-Pacific,Mid-Market,Technology,Email,Product,9,5,2,Yes,Fantastic product! Has significantly improved our team productivity.
RSP-2113,CUST-3052,2025-08-17,North America,Enterprise,Finance,Web,Delivery,0,1,5,Yes,Support response was extremely slow and unhelpful.
RSP-2114,CUST-5077,2025-03-18,North America,Mid-Market,Technology,Email,Quality,7,5,3,Yes,"Product works fine, but missing key integrations."
RSP-2115,CUST-1309,2025-12-07,North America,Mid-Market,Technology,Email,Pricing,5,3,5,Yes,Customer service agent was rude and transferred me three times.
RSP-2116,CUST-3182,2025-03-19,Europe,SMB,Finance,In-App,Product,9,5,1,Yes,Smooth experience from purchase to setup. Very satisfied!
RSP-2117,CUST-4205,2025-10-22,Europe,Enterprise,Technology,Email,Delivery,3,1,4,No,Support response was extremely slow and unhelpful.
RSP-2118,CUST-5019,2025-09-02,Latin America,Mid-Market,Manufacturing,Web,Product,3,3,7,No,Customer service agent was rude and transferred me three times.
RSP-2119,CUST-4308,2025-02-05,Latin America,Mid-Market,Technology,Email,Product,4,1,4,Yes,Platform UI is slow and unintuitive.
RSP-2120,CUST-2850,2025-01-02,Europe,Mid-Market,Healthcare,Phone,Customer Support,10,4,1,Yes,Top-tier enterprise platform with excellent security features.
RSP-2121,CUST-4949,2025-03-04,Europe,SMB,Technology,Web,Pricing,6,1,14,No,Frequent downtime impacted our business operations.
RSP-2122,CUST-3940,2025-06-20,Asia-Pacific,Enterprise,Retail,Email,Product,8,4,3,Yes,"Delivery was on time, product packaging was slightly damaged."
RSP-2123,CUST-4281,2025-01-29,North America,Mid-Market,Manufacturing,Email,Customer Support,7,4,2,Yes,"Support resolved the issue, but communication could be better."
RSP-2124,CUST-3992,2025-10-01,North America,SMB,Finance,Phone,Delivery,5,1,5,Yes,"Issue took over a week to resolve, very frustrating."
RSP-2125,CUST-1659,2025-08-24,North America,Enterprise,Finance,Web,Product,1,1,21,No,Quality has visibly degraded over the last few months.
RSP-2126,CUST-2663,2025-04-01,Europe,SMB,Healthcare,In-App,Product,5,2,5,Yes,Platform UI is slow and unintuitive.
RSP-2127,CUST-1322,2025-07-16,North America,Mid-Market,Technology,Email,Pricing,8,5,4,Yes,"Pricing is fair, but onboarding was slightly confusing."
RSP-2128,CUST-3448,2025-12-23,Europe,Enterprise,Technology,Email,Quality,3,3,7,No,Customer service agent was rude and transferred me three times.
RSP-2129,CUST-1874,2025-11-19,North America,Mid-Market,Manufacturing,Email,Product,5,1,5,Yes,"Issue took over a week to resolve, very frustrating."
RSP-2130,CUST-4985,2025-02-13,Europe,Mid-Market,Technology,Web,Quality,0,1,4,No,Billing error was not resolved on time.
RSP-2131,CUST-2552,2025-03-13,Asia-Pacific,SMB,Technology,Phone,Product,7,4,2,Yes,"Product works fine, but missing key integrations."
RSP-2132,CUST-2581,2025-01-13,Europe,SMB,Technology,In-App,Pricing,9,5,2,Yes,Great value for money and outstanding service reliability.
RSP-2133,CUST-5007,2025-07-19,North America,Mid-Market,Unknown,In-App,Customer Support,6,2,21,Yes,Product keeps crashing after the latest update.
RSP-2134,CUST-3520,2025-09-13,North America,Mid-Market,Technology,Email,Delivery,8,3,3,Yes,"Service is okay, expecting more frequent software updates."
RSP-2135,CUST-1134,2025-01-19,Middle East & Africa,SMB,Healthcare,In-App,Product,9,5,1,Yes,Smooth experience from purchase to setup. Very satisfied!
RSP-2136,CUST-1459,2025-06-22,North America,SMB,Healthcare,Phone,Product,5,3,10,No,Support response was extremely slow and unhelpful.
RSP-2137,CUST-4321,2025-03-02,North America,Enterprise,Healthcare,Phone,Product,9,5,1,Yes,Great value for money and outstanding service reliability.
RSP-2138,CUST-4754,2025-12-14,Europe,SMB,Healthcare,Phone,Product,10,5,1,Yes,Super fast delivery and pristine quality. Highly recommended!
RSP-2139,CUST-2908,2025-02-06,Europe,Mid-Market,Manufacturing,In-App,Quality,1,3,7,No,Support response was extremely slow and unhelpful.
RSP-2140,CUST-2159,2025-09-08,Europe,Mid-Market,Healthcare,Email,Delivery,8,3,2,Yes,"Product works fine, but missing key integrations."
RSP-2141,CUST-4860,2025-11-13,Europe,SMB,Technology,Email,Pricing,8,3,4,Yes,"Product works fine, but missing key integrations."
RSP-2142,CUST-2988,2025-12-26,Asia-Pacific,Mid-Market,Manufacturing,Email,Product,7,4,5,Yes,"Average experience, nothing exceptional to report."
RSP-2143,CUST-1117,2025-03-30,North America,Mid-Market,Healthcare,In-App,Customer Support,8,4,4,Yes,"Product works fine, but missing key integrations."
RSP-2144,CUST-3517,2025-02-19,North America,SMB,Finance,Web,Pricing,7,4,5,Yes,"Service is okay, expecting more frequent software updates."
RSP-2145,CUST-2398,2025-10-30,Europe,Mid-Market,Technology,Web,Customer Support,9,5,1,Yes,Fantastic product! Has significantly improved our team productivity.
RSP-2146,CUST-1871,2025-02-28,Europe,Mid-Market,Technology,In-App,Customer Support,9,5,1,Yes,Best customer service team in the industry. Kudos!
RSP-2147,CUST-2806,2025-02-02,North America,SMB,Technology,In-App,Pricing,10,5,3,Yes,Great value for money and outstanding service reliability.
RSP-2148,CUST-4491,2025-06-22,North America,Enterprise,Manufacturing,Email,Customer Support,2,1,4,No,Customer service agent was rude and transferred me three times.
RSP-2149,CUST-3656,2025-03-03,Europe,SMB,Finance,In-App,Delivery,6,2,7,No,Frequent downtime impacted our business operations.
RSP-2150,CUST-2125,2025-06-14,Europe,SMB,Unknown,Email,Customer Support,5,2,7,No,Pricing is way too high for the features provided.
RSP-2151,CUST-1373,2025-10-31,North America,Enterprise,Technology,Email,Quality,9,5,2,Yes,Super fast delivery and pristine quality. Highly recommended!
RSP-2152,CUST-3748,2025-02-02,North America,Enterprise,Retail,Web,Customer Support,7,4,5,Yes,"Support resolved the issue, but communication could be better."
RSP-2153,CUST-3243,2025-03-14,Asia-Pacific,Mid-Market,Technology,Web,Delivery,7,4,3,Yes,"Decent features for SMBs, but needs better reporting tools."
RSP-2154,CUST-2376,2025-12-23,Europe,Mid-Market,Finance,Phone,Product,10,5,2,Yes,Smooth experience from purchase to setup. Very satisfied!
RSP-2155,CUST-2351,2025-08-13,Europe,Mid-Market,Healthcare,Phone,Quality,8,3,3,No,"Pricing is fair, but onboarding was slightly confusing."
RSP-2156,CUST-1333,2025-03-10,Europe,SMB,Finance,Email,Delivery,7,4,3,Yes,"Support resolved the issue, but communication could be better."
RSP-2157,CUST-4081,2025-03-22,Asia-Pacific,Mid-Market,Technology,Email,Delivery,3,2,4,Yes,Support response was extremely slow and unhelpful.
RSP-2158,CUST-4989,2025-02-11,North America,Mid-Market,Healthcare,Email,Pricing,1,2,14,Yes,Support response was extremely slow and unhelpful.
RSP-2159,CUST-1059,2025-04-02,Latin America,Enterprise,Healthcare,Phone,Product,7,4,3,No,"Support resolved the issue, but communication could be better."
RSP-2160,CUST-3324,2025-08-02,North America,Mid-Market,Healthcare,Phone,Quality,6,1,10,No,Billing error was not resolved on time.
RSP-2161,CUST-2039,2025-04-16,Europe,Mid-Market,Technology,Email,Product,7,5,3,Yes,"Average experience, nothing exceptional to report."
RSP-2162,CUST-3219,2025-09-25,North America,Mid-Market,Finance,Phone,Delivery,5,1,4,Yes,Billing error was not resolved on time.
RSP-2163,CUST-4375,2025-05-03,North America,Enterprise,Technology,Web,Customer Support,8,5,2,No,"Average experience, nothing exceptional to report."
RSP-2164,CUST-1308,2025-11-02,North America,Mid-Market,Healthcare,Email,Pricing,1,1,5,Yes,Delivery took twice as long as promised.
RSP-2165,CUST-5095,2025-11-10,North America,Enterprise,Technology,Web,Delivery,1,2,21,Yes,Product keeps crashing after the latest update.
RSP-2166,CUST-3467,2025-06-28,North America,SMB,Technology,Phone,Product,10,5,2,Yes,Top-tier enterprise platform with excellent security features.
RSP-2167,CUST-1037,2025-10-13,Europe,Enterprise,Retail,In-App,Delivery,6,1,5,Yes,Pricing is way too high for the features provided.
RSP-2168,CUST-2572,2025-03-02,North America,Mid-Market,Technology,Web,Quality,10,5,1,Yes,Fantastic product! Has significantly improved our team productivity.
RSP-2169,CUST-3964,2025-10-04,Middle East & Africa,Mid-Market,Finance,Web,Quality,0,1,7,No,Platform UI is slow and unintuitive.
RSP-2170,CUST-2796,2025-08-26,Asia-Pacific,Mid-Market,Healthcare,Web,Customer Support,8,4,5,Yes,"Pricing is fair, but onboarding was slightly confusing."
RSP-2171,CUST-3264,2025-01-28,Asia-Pacific,Enterprise,Technology,Web,Product,8,4,4,Yes,"Pricing is fair, but onboarding was slightly confusing."
RSP-2172,CUST-1923,2025-03-18,North America,SMB,Finance,Email,Product,10,4,1,Yes,Best customer service team in the industry. Kudos!
RSP-2173,CUST-5075,2025-04-01,Latin America,SMB,Finance,Email,Quality,6,3,7,No,Delivery took twice as long as promised.
RSP-2174,CUST-1353,2025-01-28,North America,SMB,Technology,Email,Product,4,1,5,No,"Issue took over a week to resolve, very frustrating."
RSP-2175,CUST-3335,2025-04-18,North America,SMB,Technology,Phone,Delivery,10,5,1,Yes,Top-tier enterprise platform with excellent security features.
RSP-2176,CUST-3059,2025-06-21,North America,Mid-Market,Technology,Email,Product,9,5,2,Yes,Best customer service team in the industry. Kudos!
RSP-2177,CUST-1354,2025-02-23,North America,SMB,Unknown,In-App,Customer Support,9,5,1,Yes,Exceptional customer support! Issue resolved within an hour.
RSP-2178,CUST-2440,2025-03-22,North America,Mid-Market,Healthcare,In-App,Delivery,7,4,2,Yes,"Product works fine, but missing key integrations."
RSP-2179,CUST-4973,2025-09-21,Europe,SMB,Manufacturing,Email,Quality,5,2,7,Yes,Product keeps crashing after the latest update.
RSP-2180,CUST-1580,2025-05-01,North America,Enterprise,Healthcare,Web,Product,8,4,4,Yes,"Service is okay, expecting more frequent software updates."
RSP-2181,CUST-3670,2025-08-03,Asia-Pacific,Mid-Market,Technology,Web,Product,6,1,7,No,Pricing is way too high for the features provided.
RSP-2182,CUST-3668,2025-04-28,Europe,Mid-Market,Technology,In-App,Delivery,4,2,4,Yes,Product keeps crashing after the latest update.
RSP-2183,CUST-3671,2025-04-27,Europe,Enterprise,Technology,In-App,Customer Support,8,4,5,Yes,"Support resolved the issue, but communication could be better."
RSP-2184,CUST-2942,2025-07-31,Asia-Pacific,Mid-Market,Technology,Email,Delivery,6,1,7,No,Pricing is way too high for the features provided.
RSP-2185,CUST-4076,2025-04-23,Europe,SMB,Retail,Phone,Pricing,0,1,5,Yes,Product keeps crashing after the latest update.
RSP-2186,CUST-4858,2025-10-27,Europe,Mid-Market,Technology,Email,Quality,9,5,1,Yes,No feedback provided
RSP-2187,CUST-1445,2025-08-12,North America,Mid-Market,Finance,Phone,Product,10,5,1,Yes,Super fast delivery and pristine quality. Highly recommended!
RSP-2188,CUST-2770,2025-11-09,Latin America,Enterprise,Healthcare,Phone,Delivery,8,4,2,Yes,"Service is okay, expecting more frequent software updates."
RSP-2189,CUST-2458,2025-07-18,North America,Mid-Market,Finance,Email,Customer Support,9,5,1,Yes,Smooth experience from purchase to setup. Very satisfied!
RSP-2190,CUST-2117,2025-08-23,Europe,Mid-Market,Finance,In-App,Delivery,4,2,4,Yes,Pricing is way too high for the features provided.
RSP-2191,CUST-3937,2025-05-19,North America,Enterprise,Healthcare,Email,Delivery,1,1,10,No,Pricing is way too high for the features provided.
RSP-2192,CUST-3751,2025-03-07,North America,Mid-Market,Technology,Phone,Delivery,2,2,4,Yes,Support response was extremely slow and unhelpful.
RSP-2193,CUST-1488,2025-05-24,Asia-Pacific,Mid-Market,Healthcare,Phone,Delivery,4,1,7,Yes,Delivery took twice as long as promised.
RSP-2194,CUST-1910,2025-08-27,Asia-Pacific,SMB,Healthcare,Email,Delivery,5,2,14,No,Billing error was not resolved on time.
RSP-2195,CUST-4426,2025-03-29,Latin America,SMB,Manufacturing,Phone,Pricing,1,1,7,No,"Issue took over a week to resolve, very frustrating."
RSP-2196,CUST-2801,2025-06-01,Europe,Enterprise,Healthcare,Phone,Delivery,6,3,14,Yes,Frequent downtime impacted our business operations.
RSP-2197,CUST-2284,2025-11-23,North America,Mid-Market,Healthcare,Email,Customer Support,7,5,5,Yes,"Average experience, nothing exceptional to report."
RSP-2198,CUST-2881,2025-02-14,Middle East & Africa,SMB,Healthcare,Email,Delivery,3,2,4,Yes,Customer service agent was rude and transferred me three times.
RSP-2199,CUST-5007,2025-04-21,North America,Enterprise,Finance,Phone,Delivery,0,3,7,Yes,Frequent downtime impacted our business operations.
RSP-2200,CUST-4878,2025-08-25,Europe,Mid-Market,Technology,Phone,Quality,8,3,4,Yes,"Delivery was on time, product packaging was slightly damaged."
RSP-2201,CUST-1118,2025-08-08,Latin America,Enterprise,Healthcare,Phone,Product,9,5,1,Yes,Great value for money and outstanding service reliability.
RSP-2202,CUST-3030,2025-06-17,Europe,Enterprise,Manufacturing,In-App,Product,8,4,4,No,"Decent features for SMBs, but needs better reporting tools."
RSP-2203,CUST-2821,2025-10-30,North America,SMB,Healthcare,Email,Pricing,5,2,7,Yes,Delivery took twice as long as promised.
RSP-2204,CUST-1041,2025-08-02,North America,SMB,Finance,Web,Product,8,5,3,Yes,"Product works fine, but missing key integrations."
RSP-2205,CUST-1328,2025-08-29,Europe,Mid-Market,Technology,In-App,Pricing,5,2,14,No,Platform UI is slow and unintuitive.
RSP-2206,CUST-1275,2025-08-06,North America,Enterprise,Technology,Email,Delivery,4,1,4,Yes,Platform UI is slow and unintuitive.
RSP-2207,CUST-4230,2025-09-03,North America,SMB,Technology,Web,Pricing,6,2,14,Yes,Product keeps crashing after the latest update.
RSP-2208,CUST-4706,2025-09-11,Middle East & Africa,SMB,Finance,Email,Customer Support,9,5,2,Yes,Great value for money and outstanding service reliability.
RSP-2209,CUST-1680,2025-10-13,North America,Mid-Market,Technology,Email,Product,7,4,2,No,"Product works fine, but missing key integrations."
RSP-2210,CUST-4331,2025-04-22,Asia-Pacific,SMB,Technology,Phone,Customer Support,10,5,1,Yes,Super fast delivery and pristine quality. Highly recommended!
RSP-2211,CUST-3936,2025-06-01,North America,Enterprise,Finance,Email,Product,9,5,1,Yes,Great value for money and outstanding service reliability.
RSP-2212,CUST-1743,2025-01-09,North America,Enterprise,Technology,Email,Product,2,1,5,No,Billing error was not resolved on time.
RSP-2213,CUST-3497,2025-03-24,Latin America,SMB,Healthcare,Email,Customer Support,7,3,4,Yes,"Service is okay, expecting more frequent software updates."
RSP-2214,CUST-1199,2025-08-21,North America,SMB,Manufacturing,Email,Delivery,5,2,4,Yes,Billing error was not resolved on time.
RSP-2215,CUST-2135,2025-12-27,Middle East & Africa,Mid-Market,Manufacturing,In-App,Product,9,5,2,Yes,Top-tier enterprise platform with excellent security features.
RSP-2216,CUST-2515,2025-07-09,North America,SMB,Retail,Email,Product,2,2,21,No,Billing error was not resolved on time.
RSP-2217,CUST-1011,2025-11-18,Europe,Mid-Market,Technology,Email,Delivery,4,2,21,Yes,Product keeps crashing after the latest update.
RSP-2218,CUST-4152,2025-12-20,Europe,Enterprise,Manufacturing,Web,Quality,6,2,7,Yes,"Issue took over a week to resolve, very frustrating."
RSP-2219,CUST-1267,2025-06-01,Asia-Pacific,SMB,Technology,Email,Customer Support,6,2,7,Yes,Customer service agent was rude and transferred me three times.
RSP-2220,CUST-3210,2025-12-24,Asia-Pacific,Mid-Market,Retail,Web,Quality,0,1,4,Yes,Frequent downtime impacted our business operations.
RSP-2221,CUST-2696,2025-12-17,Latin America,Mid-Market,Retail,Email,Delivery,8,4,4,Yes,"Support resolved the issue, but communication could be better."
RSP-2222,CUST-3750,2025-01-29,Latin America,Mid-Market,Finance,Email,Delivery,9,5,1,Yes,Smooth experience from purchase to setup. Very satisfied!
RSP-2223,CUST-1422,2025-02-26,Europe,Enterprise,Finance,Email,Delivery,6,2,10,No,Customer service agent was rude and transferred me three times.
RSP-2224,CUST-3994,2025-08-27,North America,SMB,Technology,Email,Product,3,1,5,No,Frequent downtime impacted our business operations.
RSP-2225,CUST-1334,2025-07-07,Asia-Pacific,SMB,Finance,Email,Delivery,3,1,7,Yes,"Issue took over a week to resolve, very frustrating."
RSP-2226,CUST-2435,2025-11-28,North America,Enterprise,Technology,Email,Product,9,4,2,Yes,Fantastic product! Has significantly improved our team productivity.
RSP-2227,CUST-2677,2025-03-12,North America,SMB,Finance,Email,Quality,0,1,10,No,"Issue took over a week to resolve, very frustrating."
RSP-2228,CUST-2954,2025-10-04,North America,Enterprise,Retail,Email,Product,8,5,2,Yes,"Support resolved the issue, but communication could be better."
RSP-2229,CUST-4919,2025-10-25,Europe,Mid-Market,Finance,In-App,Product,4,3,7,Yes,Pricing is way too high for the features provided.
RSP-2230,CUST-2846,2025-06-14,Europe,SMB,Retail,In-App,Delivery,3,2,5,Yes,"Issue took over a week to resolve, very frustrating."
RSP-2231,CUST-3190,2025-09-15,Europe,Enterprise,Healthcare,Web,Quality,6,1,5,No,Customer service agent was rude and transferred me three times.
RSP-2232,CUST-3270,2025-01-28,Europe,Mid-Market,Healthcare,Email,Quality,1,2,5,Yes,Product keeps crashing after the latest update.
RSP-2233,CUST-4054,2025-06-26,Europe,Mid-Market,Finance,Web,Customer Support,7,4,3,Yes,"Service is okay, expecting more frequent software updates."
RSP-2234,CUST-4983,2025-09-14,Europe,SMB,Technology,In-App,Product,6,1,7,Yes,Platform UI is slow and unintuitive.
RSP-2235,CUST-2005,2025-08-29,Latin America,SMB,Finance,Phone,Pricing,8,4,4,Yes,"Delivery was on time, product packaging was slightly damaged."
RSP-2236,CUST-4702,2025-11-14,Europe,Mid-Market,Healthcare,Email,Delivery,6,3,21,Yes,"Issue took over a week to resolve, very frustrating."
RSP-2237,CUST-1537,2025-04-07,Europe,Enterprise,Finance,Email,Product,9,5,1,Yes,Best customer service team in the industry. Kudos!
RSP-2238,CUST-1715,2025-02-11,North America,Enterprise,Technology,Email,Product,9,5,2,Yes,Top-tier enterprise platform with excellent security features.
RSP-2239,CUST-2464,2025-05-28,Europe,Mid-Market,Finance,Phone,Pricing,2,2,14,Yes,Product keeps crashing after the latest update.
RSP-2240,CUST-1895,2025-03-26,North America,Enterprise,Finance,Email,Product,7,4,2,Yes,"Delivery was on time, product packaging was slightly damaged."
RSP-2241,CUST-1917,2025-12-23,Europe,SMB,Finance,Web,Delivery,2,2,10,Yes,Delivery took twice as long as promised.
RSP-2242,CUST-5065,2025-03-19,Asia-Pacific,SMB,Technology,Email,Product,7,3,4,Yes,"Pricing is fair, but onboarding was slightly confusing."
RSP-2243,CUST-1185,2025-05-31,North America,Enterprise,Manufacturing,Phone,Pricing,10,5,1,Yes,Top-tier enterprise platform with excellent security features.
RSP-2244,CUST-2081,2025-08-31,North America,SMB,Technology,Email,Customer Support,8,4,3,Yes,"Acceptable response time, issue was eventually fixed."
RSP-2245,CUST-4441,2025-08-16,Europe,Enterprise,Retail,In-App,Product,7,4,2,Yes,"Product works fine, but missing key integrations."
RSP-2246,CUST-3388,2025-04-07,North America,SMB,Finance,Phone,Product,5,1,5,Yes,Product keeps crashing after the latest update.
RSP-2247,CUST-1180,2025-04-29,Asia-Pacific,Mid-Market,Finance,Phone,Quality,10,5,2,Yes,Smooth experience from purchase to setup. Very satisfied!
RSP-2248,CUST-4372,2025-10-24,Asia-Pacific,Mid-Market,Healthcare,Email,Product,8,5,4,Yes,"Acceptable response time, issue was eventually fixed."
RSP-2249,CUST-3673,2025-09-06,Asia-Pacific,SMB,Technology,Email,Product,10,5,1,Yes,Best customer service team in the industry. Kudos!
RSP-2250,CUST-4751,2025-06-05,Asia-Pacific,SMB,Retail,Phone,Product,8,3,4,Yes,"Average experience, nothing exceptional to report."
RSP-2251,CUST-3510,2025-03-29,Asia-Pacific,Mid-Market,Retail,Email,Delivery,6,1,14,Yes,Quality has visibly degraded over the last few months.
RSP-2252,CUST-2857,2025-09-05,Europe,SMB,Retail,Phone,Pricing,0,1,7,Yes,"Issue took over a week to resolve, very frustrating."
RSP-2253,CUST-3360,2025-01-25,Europe,Mid-Market,Healthcare,Web,Customer Support,10,5,1,Yes,Super fast delivery and pristine quality. Highly recommended!
RSP-2254,CUST-3892,2025-05-26,North America,SMB,Technology,Email,Pricing,6,1,5,No,Billing error was not resolved on time.
RSP-2255,CUST-2362,2025-11-13,Latin America,Mid-Market,Healthcare,Web,Quality,9,5,3,Yes,Super fast delivery and pristine quality. Highly recommended!
RSP-2256,CUST-3336,2025-04-04,North America,SMB,Healthcare,Web,Product,10,5,1,Yes,Super fast delivery and pristine quality. Highly recommended!
RSP-2257,CUST-2257,2025-03-24,Europe,SMB,Healthcare,Email,Customer Support,10,5,1,Yes,Great value for money and outstanding service reliability.
RSP-2258,CUST-1957,2025-01-22,Latin America,Mid-Market,Technology,Web,Customer Support,3,3,7,Yes,"Issue took over a week to resolve, very frustrating."
RSP-2259,CUST-2036,2025-08-14,North America,SMB,Technology,Email,Product,9,5,1,Yes,The team went above and beyond to help us with our migration.
RSP-2260,CUST-4028,2025-04-05,Europe,SMB,Healthcare,Web,Delivery,7,3,3,No,"Pricing is fair, but onboarding was slightly confusing."
RSP-2261,CUST-1284,2025-12-07,Middle East & Africa,Mid-Market,Healthcare,Email,Quality,7,4,2,No,"Acceptable response time, issue was eventually fixed."
RSP-2262,CUST-3816,2025-03-17,Europe,Mid-Market,Healthcare,Email,Customer Support,10,5,1,Yes,Smooth experience from purchase to setup. Very satisfied!
RSP-2263,CUST-4673,2025-10-04,Europe,Mid-Market,Manufacturing,Email,Delivery,10,4,2,Yes,Super fast delivery and pristine quality. Highly recommended!
RSP-2264,CUST-3470,2025-03-04,Europe,Enterprise,Healthcare,Email,Delivery,7,4,3,Yes,"Product works fine, but missing key integrations."
RSP-2265,CUST-4314,2025-09-13,Europe,SMB,Technology,Web,Customer Support,6,1,5,Yes,Delivery took twice as long as promised.
RSP-2266,CUST-4752,2025-06-13,North America,SMB,Finance,In-App,Product,7,3,2,Yes,"Average experience, nothing exceptional to report."
RSP-2267,CUST-1035,2025-10-07,North America,Mid-Market,Technology,Email,Quality,7,4,3,No,"Acceptable response time, issue was eventually fixed."
RSP-2268,CUST-3421,2025-08-31,Asia-Pacific,Mid-Market,Healthcare,In-App,Customer Support,9,5,1,Yes,The team went above and beyond to help us with our migration.
RSP-2269,CUST-2204,2025-10-17,Europe,Mid-Market,Finance,Email,Quality,10,5,1,Yes,Best customer service team in the industry. Kudos!
RSP-2270,CUST-3774,2025-12-19,Asia-Pacific,Mid-Market,Healthcare,In-App,Customer Support,8,3,2,Yes,"Support resolved the issue, but communication could be better."
RSP-2272,CUST-1957,2025-06-07,North America,Enterprise,Technology,Email,Customer Support,5,2,4,Yes,Support response was extremely slow and unhelpful.
RSP-2273,CUST-4290,2025-11-13,Europe,SMB,Retail,In-App,Customer Support,9,5,1,Yes,Great value for money and outstanding service reliability.
RSP-2274,CUST-4653,2025-07-02,Europe,Mid-Market,Healthcare,Phone,Product,7,3,5,Yes,"Support resolved the issue, but communication could be better."
RSP-2275,CUST-3673,2025-01-29,North America,SMB,Healthcare,Email,Delivery,1,1,4,Yes,Frequent downtime impacted our business operations.
RSP-2276,CUST-2598,2025-10-26,Asia-Pacific,Mid-Market,Finance,Email,Delivery,8,3,4,Yes,"Pricing is fair, but onboarding was slightly confusing."
RSP-2277,CUST-3276,2025-04-11,Asia-Pacific,Mid-Market,Technology,Web,Quality,3,3,4,Yes,Support response was extremely slow and unhelpful.
RSP-2278,CUST-1684,2025-10-03,Europe,SMB,Manufacturing,Email,Product,8,4,3,Yes,"Service is okay, expecting more frequent software updates."
RSP-2279,CUST-1715,2025-09-20,North America,Mid-Market,Healthcare,Web,Customer Support,4,1,5,Yes,Customer service agent was rude and transferred me three times.
RSP-2280,CUST-2592,2025-09-09,Europe,SMB,Finance,Phone,Delivery,3,3,21,Yes,"Issue took over a week to resolve, very frustrating."
RSP-2281,CUST-5190,2025-01-29,North America,SMB,Technology,Web,Quality,2,3,21,No,"Issue took over a week to resolve, very frustrating."
RSP-2282,CUST-4256,2025-03-17,Europe,Enterprise,Finance,Email,Product,7,4,2,Yes,"Decent features for SMBs, but needs better reporting tools."
RSP-2283,CUST-4028,2025-07-17,North America,SMB,Finance,Email,Pricing,0,2,10,No,"Issue took over a week to resolve, very frustrating."
RSP-2284,CUST-1099,2025-05-26,North America,SMB,Manufacturing,Phone,Delivery,0,2,5,No,"Issue took over a week to resolve, very frustrating."
RSP-2285,CUST-3878,2025-06-07,Europe,Mid-Market,Technology,Email,Product,1,2,10,Yes,Billing error was not resolved on time.
RSP-2286,CUST-1717,2025-04-21,Europe,Mid-Market,Technology,Email,Delivery,6,1,4,Yes,Billing error was not resolved on time.
RSP-2287,CUST-4404,2025-08-15,Latin America,Mid-Market,Retail,Web,Delivery,6,2,5,Yes,Quality has visibly degraded over the last few months.
RSP-2288,CUST-2341,2025-08-06,North America,Mid-Market,Retail,Email,Delivery,8,4,3,Yes,"Decent features for SMBs, but needs better reporting tools."
RSP-2289,CUST-2143,2025-10-28,Europe,Mid-Market,Technology,Email,Delivery,5,3,21,No,Frequent downtime impacted our business operations.
RSP-2290,CUST-1705,2025-03-15,North America,SMB,Finance,Email,Customer Support,0,1,10,Yes,Pricing is way too high for the features provided.
RSP-2291,CUST-3484,2025-09-01,North America,Mid-Market,Manufacturing,Phone,Delivery,1,1,21,Yes,Platform UI is slow and unintuitive.
RSP-2292,CUST-3747,2025-02-03,Europe,Mid-Market,Retail,Phone,Customer Support,7,3,5,No,"Decent features for SMBs, but needs better reporting tools."
RSP-2293,CUST-1724,2025-01-04,Latin America,SMB,Retail,Web,Quality,7,3,3,No,"Decent features for SMBs, but needs better reporting tools."
RSP-2294,CUST-3239,2025-08-01,North America,SMB,Technology,Email,Delivery,0,1,4,No,Delivery took twice as long as promised.
RSP-2295,CUST-4785,2025-12-30,North America,Mid-Market,Technology,Web,Customer Support,8,4,2,Yes,"Average experience, nothing exceptional to report."
RSP-2296,CUST-2632,2025-04-06,Asia-Pacific,Enterprise,Healthcare,Email,Product,9,5,1,Yes,Top-tier enterprise platform with excellent security features.
RSP-2297,CUST-3371,2025-10-11,Middle East & Africa,SMB,Retail,Phone,Customer Support,7,3,3,Yes,"Service is okay, expecting more frequent software updates."
RSP-2298,CUST-1345,2025-06-04,North America,SMB,Technology,Email,Product,7,3,2,Yes,"Delivery was on time, product packaging was slightly damaged."
RSP-2299,CUST-5047,2025-10-14,Europe,Mid-Market,Technology,Phone,Delivery,3,2,7,Yes,Billing error was not resolved on time.
RSP-2300,CUST-2839,2025-01-14,Latin America,SMB,Manufacturing,Web,Delivery,3,2,21,Yes,Support response was extremely slow and unhelpful.
RSP-2301,CUST-2261,2025-05-15,Latin America,Mid-Market,Healthcare,In-App,Customer Support,10,5,1,Yes,The team went above and beyond to help us with our migration.
RSP-2302,CUST-4871,2025-03-05,Latin America,Mid-Market,Technology,Phone,Delivery,0,2,4,Yes,Quality has visibly degraded over the last few months.
RSP-2303,CUST-4417,2025-04-02,Asia-Pacific,Mid-Market,Retail,Email,Pricing,2,1,14,No,Billing error was not resolved on time.
RSP-2304,CUST-3004,2025-01-15,North America,SMB,Healthcare,In-App,Delivery,4,1,5,Yes,Product keeps crashing after the latest update.
RSP-2305,CUST-3270,2025-09-10,Europe,Enterprise,Technology,Email,Quality,7,4,5,Yes,"Support resolved the issue, but communication could be better."
RSP-2306,CUST-3963,2025-10-25,Middle East & Africa,Mid-Market,Technology,Email,Delivery,8,4,2,Yes,"Service is okay, expecting more frequent software updates."
RSP-2307,CUST-4572,2025-05-13,Europe,Enterprise,Finance,In-App,Quality,7,4,2,Yes,"Service is okay, expecting more frequent software updates."
RSP-2308,CUST-1979,2025-07-11,Asia-Pacific,Mid-Market,Technology,In-App,Quality,7,3,2,Yes,"Product works fine, but missing key integrations."
RSP-2309,CUST-3126,2025-03-25,Europe,Enterprise,Retail,In-App,Delivery,4,2,14,No,Frequent downtime impacted our business operations.
RSP-2310,CUST-1479,2025-03-16,North America,Enterprise,Finance,Web,Product,8,4,2,Yes,"Acceptable response time, issue was eventually fixed."
RSP-2311,CUST-4776,2025-12-21,North America,SMB,Finance,Email,Customer Support,9,5,1,Yes,Super fast delivery and pristine quality. Highly recommended!
RSP-2312,CUST-3927,2025-03-25,Europe,Mid-Market,Retail,Email,Product,8,3,5,Yes,"Product works fine, but missing key integrations."
RSP-2313,CUST-3233,2025-07-04,Europe,SMB,Healthcare,Phone,Product,7,3,3,Yes,"Decent features for SMBs, but needs better reporting tools."
RSP-2314,CUST-3916,2025-01-25,North America,Mid-Market,Technology,In-App,Product,10,5,1,Yes,The team went above and beyond to help us with our migration.
RSP-2315,CUST-3389,2025-09-29,Middle East & Africa,Mid-Market,Finance,In-App,Quality,7,5,4,Yes,"Support resolved the issue, but communication could be better."
RSP-2316,CUST-2587,2025-11-18,Europe,Mid-Market,Technology,Web,Customer Support,1,3,5,No,Delivery took twice as long as promised.
RSP-2318,CUST-3642,2025-06-11,Middle East & Africa,SMB,Healthcare,Phone,Delivery,8,4,2,Yes,"Delivery was on time, product packaging was slightly damaged."
RSP-2319,CUST-3223,2025-12-17,Europe,SMB,Technology,Email,Quality,9,5,1,Yes,Smooth experience from purchase to setup. Very satisfied!
RSP-2320,CUST-1785,2025-10-01,Europe,Enterprise,Finance,Email,Delivery,9,5,3,Yes,Smooth experience from purchase to setup. Very satisfied!
RSP-2321,CUST-2177,2025-01-07,North America,Mid-Market,Finance,Phone,Quality,0,3,4,No,Delivery took twice as long as promised.
RSP-2322,CUST-3305,2025-07-10,Europe,SMB,Finance,Email,Pricing,2,1,10,Yes,Billing error was not resolved on time.
RSP-2323,CUST-4375,2025-06-24,North America,Mid-Market,Retail,Email,Customer Support,9,5,3,Yes,Super fast delivery and pristine quality. Highly recommended!
RSP-2324,CUST-1839,2025-04-22,Europe,Mid-Market,Technology,Web,Pricing,7,3,3,Yes,"Average experience, nothing exceptional to report."
RSP-2325,CUST-5123,2025-04-24,Asia-Pacific,SMB,Finance,Email,Pricing,6,1,5,No,Pricing is way too high for the features provided.
RSP-2326,CUST-1933,2025-08-02,Latin America,Mid-Market,Technology,Email,Product,8,3,3,Yes,"Service is okay, expecting more frequent software updates."
RSP-2327,CUST-1625,2025-03-01,North America,Enterprise,Healthcare,Email,Product,8,4,4,Yes,"Average experience, nothing exceptional to report."
RSP-2328,CUST-1142,2025-09-03,Europe,SMB,Technology,In-App,Product,5,1,21,No,"Issue took over a week to resolve, very frustrating."
RSP-2329,CUST-3552,2025-12-20,Asia-Pacific,Mid-Market,Healthcare,In-App,Customer Support,10,5,1,Yes,Smooth experience from purchase to setup. Very satisfied!
RSP-2330,CUST-2138,2025-08-15,North America,SMB,Healthcare,In-App,Delivery,6,3,7,Yes,Frequent downtime impacted our business operations.
RSP-2331,CUST-3802,2025-03-30,Middle East & Africa,Mid-Market,Technology,In-App,Product,7,3,4,Yes,"Delivery was on time, product packaging was slightly damaged."
RSP-2332,CUST-1235,2025-03-02,North America,SMB,Retail,Email,Customer Support,10,4,2,Yes,Great value for money and outstanding service reliability.
RSP-2333,CUST-2054,2025-12-22,Europe,Mid-Market,Finance,Email,Customer Support,1,2,4,No,Delivery took twice as long as promised.
RSP-2334,CUST-2856,2025-06-07,North America,Mid-Market,Healthcare,Web,Delivery,7,3,2,Yes,"Average experience, nothing exceptional to report."
RSP-2335,CUST-2719,2025-03-08,Latin America,Enterprise,Technology,Email,Customer Support,7,4,2,Yes,"Support resolved the issue, but communication could be better."
RSP-2336,CUST-4480,2025-12-20,North America,Mid-Market,Finance,Email,Pricing,3,2,7,Yes,Product keeps crashing after the latest update.
RSP-2337,CUST-1636,2025-01-10,Asia-Pacific,SMB,Healthcare,Phone,Product,9,5,2,Yes,Best customer service team in the industry. Kudos!
RSP-2338,CUST-4532,2025-01-22,North America,Mid-Market,Technology,Phone,Product,9,5,2,Yes,Great value for money and outstanding service reliability.
RSP-2339,CUST-1883,2025-01-17,Middle East & Africa,SMB,Retail,Web,Delivery,7,5,2,Yes,"Product works fine, but missing key integrations."
RSP-2340,CUST-4842,2025-03-02,North America,Mid-Market,Healthcare,Phone,Customer Support,10,5,2,Yes,The team went above and beyond to help us with our migration.
RSP-2341,CUST-1354,2025-02-03,Europe,Mid-Market,Technology,Email,Customer Support,8,4,3,Yes,"Delivery was on time, product packaging was slightly damaged."
RSP-2342,CUST-1084,2025-02-19,Europe,Enterprise,Technology,Email,Product,5,1,5,No,Product keeps crashing after the latest update.
RSP-2343,CUST-2682,2025-10-28,North America,Mid-Market,Manufacturing,Web,Delivery,9,5,1,No,Great value for money and outstanding service reliability.
RSP-2344,CUST-2513,2025-12-10,Latin America,Mid-Market,Finance,Web,Product,5,2,14,Yes,"Issue took over a week to resolve, very frustrating."
RSP-2345,CUST-1239,2025-02-16,Asia-Pacific,Enterprise,Healthcare,Phone,Customer Support,1,1,7,Yes,Delivery took twice as long as promised.
RSP-2346,CUST-3272,2025-10-24,North America,Mid-Market,Healthcare,Email,Customer Support,10,4,1,Yes,Smooth experience from purchase to setup. Very satisfied!
RSP-2347,CUST-3885,2025-03-24,North America,Enterprise,Healthcare,Web,Product,8,4,2,Yes,"Pricing is fair, but onboarding was slightly confusing."
RSP-2348,CUST-5136,2025-10-19,Asia-Pacific,SMB,Retail,Email,Quality,3,2,14,Yes,Product keeps crashing after the latest update.
RSP-2349,CUST-1811,2025-10-24,Europe,Mid-Market,Finance,Email,Pricing,6,1,4,No,Support response was extremely slow and unhelpful.
RSP-2350,CUST-2777,2025-04-09,North America,Enterprise,Finance,Phone,Customer Support,7,4,5,Yes,"Delivery was on time, product packaging was slightly damaged."
RSP-2351,CUST-2407,2025-10-03,Asia-Pacific,SMB,Finance,Web,Product,8,4,4,No,"Product works fine, but missing key integrations."
RSP-2352,CUST-1808,2025-04-20,North America,Enterprise,Technology,Web,Product,8,4,3,Yes,"Service is okay, expecting more frequent software updates."
RSP-2353,CUST-4002,2025-12-24,Latin America,Mid-Market,Manufacturing,Phone,Product,4,3,10,Yes,Frequent downtime impacted our business operations.
RSP-2354,CUST-2516,2025-08-14,Asia-Pacific,Mid-Market,Technology,Email,Quality,1,1,5,Yes,Product keeps crashing after the latest update.
RSP-2355,CUST-2481,2025-07-01,Europe,Enterprise,Technology,In-App,Delivery,3,2,7,No,Customer service agent was rude and transferred me three times.
RSP-2356,CUST-4474,2025-04-20,North America,SMB,Finance,Web,Product,0,2,14,Yes,Platform UI is slow and unintuitive.
RSP-2357,CUST-2864,2025-07-28,North America,Enterprise,Finance,Web,Product,0,1,7,No,Product keeps crashing after the latest update.
RSP-2358,CUST-3574,2025-03-05,Asia-Pacific,Mid-Market,Technology,Web,Pricing,9,5,1,Yes,Best customer service team in the industry. Kudos!
RSP-2359,CUST-1903,2025-09-24,Asia-Pacific,Mid-Market,Technology,In-App,Delivery,1,3,7,Yes,Delivery took twice as long as promised.
RSP-2360,CUST-5061,2025-07-04,North America,SMB,Retail,Web,Product,9,4,1,Yes,The team went above and beyond to help us with our migration.
RSP-2361,CUST-1332,2025-02-12,Asia-Pacific,Mid-Market,Technology,Email,Delivery,9,5,1,Yes,Smooth experience from purchase to setup. Very satisfied!
RSP-2362,CUST-5044,2025-03-01,North America,SMB,Technology,Email,Customer Support,5,1,5,Yes,Customer service agent was rude and transferred me three times.
RSP-2363,CUST-3323,2025-08-22,Europe,SMB,Technology,Email,Pricing,8,4,3,Yes,"Delivery was on time, product packaging was slightly damaged."
RSP-2364,CUST-4636,2025-04-26,Asia-Pacific,SMB,Healthcare,Phone,Product,8,4,3,Yes,"Decent features for SMBs, but needs better reporting tools."
RSP-2365,CUST-3380,2025-08-08,Europe,Mid-Market,Technology,Email,Product,9,5,2,Yes,Great value for money and outstanding service reliability.
RSP-2366,CUST-1570,2025-09-01,Latin America,SMB,Healthcare,Email,Product,10,5,1,Yes,Smooth experience from purchase to setup. Very satisfied!
RSP-2367,CUST-2468,2025-01-07,Asia-Pacific,Mid-Market,Technology,Email,Delivery,4,2,10,No,Billing error was not resolved on time.
RSP-2368,CUST-1861,2025-07-22,Asia-Pacific,Enterprise,Retail,Email,Product,10,5,1,Yes,Best customer service team in the industry. Kudos!
RSP-2369,CUST-1696,2025-03-03,Middle East & Africa,Mid-Market,Finance,Web,Product,4,2,5,Yes,Delivery took twice as long as promised.
RSP-2370,CUST-4234,2025-07-25,North America,Mid-Market,Manufacturing,Web,Customer Support,10,5,1,Yes,Fantastic product! Has significantly improved our team productivity.
RSP-2371,CUST-2382,2025-02-03,Europe,Enterprise,Technology,Phone,Delivery,6,2,4,Yes,"Issue took over a week to resolve, very frustrating."
RSP-2372,CUST-2630,2025-06-23,Europe,Enterprise,Finance,Phone,Customer Support,6,2,10,No,Pricing is way too high for the features provided.
RSP-2373,CUST-4311,2025-03-04,Asia-Pacific,Mid-Market,Technology,Web,Pricing,2,1,4,No,Pricing is way too high for the features provided.
RSP-2374,CUST-4479,2025-09-13,Europe,Enterprise,Retail,Phone,Delivery,3,1,7,Yes,Quality has visibly degraded over the last few months.
RSP-2375,CUST-3236,2025-11-26,Europe,SMB,Finance,Email,Customer Support,10,4,1,Yes,Top-tier enterprise platform with excellent security features.
RSP-2376,CUST-3917,2025-09-01,Europe,Enterprise,Finance,Phone,Pricing,1,2,4,Yes,Frequent downtime impacted our business operations.
RSP-2377,CUST-4313,2025-09-06,Europe,Mid-Market,Retail,Email,Customer Support,5,2,4,No,Platform UI is slow and unintuitive.
RSP-2378,CUST-3284,2025-03-17,Asia-Pacific,SMB,Technology,Phone,Product,10,5,1,Yes,Best customer service team in the industry. Kudos!
RSP-2379,CUST-1885,2025-03-04,North America,Mid-Market,Technology,In-App,Quality,8,5,3,No,"Delivery was on time, product packaging was slightly damaged."
RSP-2380,CUST-5008,2025-09-12,North America,SMB,Finance,Email,Delivery,0,3,4,Yes,Pricing is way too high for the features provided.
RSP-2381,CUST-2102,2025-01-16,Asia-Pacific,Enterprise,Healthcare,Phone,Product,9,5,1,Yes,Fantastic product! Has significantly improved our team productivity.
RSP-2382,CUST-1432,2025-02-04,Europe,SMB,Retail,Phone,Delivery,3,1,7,No,Billing error was not resolved on time.
RSP-2383,CUST-1219,2025-04-02,North America,Enterprise,Healthcare,Email,Customer Support,8,4,3,No,"Decent features for SMBs, but needs better reporting tools."
RSP-2384,CUST-3678,2025-03-20,North America,SMB,Healthcare,In-App,Customer Support,3,2,7,Yes,Quality has visibly degraded over the last few months.
RSP-2385,CUST-1789,2025-02-09,North America,Mid-Market,Finance,Web,Customer Support,9,5,1,Yes,Best customer service team in the industry. Kudos!
RSP-2386,CUST-4817,2025-04-14,Latin America,Enterprise,Healthcare,Web,Delivery,0,1,7,No,Quality has visibly degraded over the last few months.
RSP-2387,CUST-5078,2025-09-09,Europe,Mid-Market,Technology,Email,Product,6,1,4,Yes,Platform UI is slow and unintuitive.
RSP-2388,CUST-3143,2025-10-05,Asia-Pacific,SMB,Manufacturing,Phone,Product,9,4,1,Yes,Smooth experience from purchase to setup. Very satisfied!
RSP-2389,CUST-1144,2025-01-17,Asia-Pacific,SMB,Finance,Web,Product,10,4,3,Yes,Top-tier enterprise platform with excellent security features.
RSP-2390,CUST-1975,2025-07-16,North America,SMB,Technology,Web,Product,10,5,1,Yes,Best customer service team in the industry. Kudos!
RSP-2391,CUST-3576,2025-07-12,North America,SMB,Technology,Email,Customer Support,8,3,2,Yes,"Service is okay, expecting more frequent software updates."
RSP-2392,CUST-4765,2025-01-19,Latin America,Enterprise,Manufacturing,Email,Product,8,3,3,Yes,"Product works fine, but missing key integrations."
RSP-2393,CUST-2448,2025-10-13,North America,SMB,Healthcare,Email,Product,10,4,2,Yes,The team went above and beyond to help us with our migration.
RSP-2394,CUST-2344,2025-09-09,North America,Mid-Market,Retail,Web,Delivery,8,3,5,Yes,"Decent features for SMBs, but needs better reporting tools."
RSP-2395,CUST-2101,2025-06-09,Asia-Pacific,SMB,Healthcare,Web,Customer Support,7,4,2,Yes,"Decent features for SMBs, but needs better reporting tools."
RSP-2396,CUST-4993,2025-02-26,North America,Enterprise,Technology,Web,Delivery,7,3,3,Yes,"Service is okay, expecting more frequent software updates."
RSP-2397,CUST-4848,2025-09-01,North America,Mid-Market,Finance,Email,Delivery,8,3,2,Yes,"Average experience, nothing exceptional to report."
RSP-2398,CUST-5150,2025-01-29,North America,SMB,Finance,Phone,Delivery,5,3,14,Yes,Customer service agent was rude and transferred me three times.
RSP-2399,CUST-3157,2025-09-11,North America,Mid-Market,Technology,Email,Customer Support,8,4,2,Yes,"Decent features for SMBs, but needs better reporting tools."
RSP-2400,CUST-3889,2025-05-26,North America,Mid-Market,Finance,Phone,Quality,9,5,3,Yes,Smooth experience from purchase to setup. Very satisfied!
RSP-2401,CUST-1503,2025-01-15,Middle East & Africa,SMB,Finance,Email,Product,10,5,2,Yes,Exceptional customer support! Issue resolved within an hour.
RSP-2402,CUST-2050,2025-07-07,North America,SMB,Manufacturing,Email,Quality,8,4,3,Yes,"Acceptable response time, issue was eventually fixed."
RSP-2403,CUST-1220,2025-11-17,North America,Mid-Market,Technology,Email,Quality,7,4,2,Yes,"Acceptable response time, issue was eventually fixed."
RSP-2404,CUST-4117,2025-02-19,Latin America,Mid-Market,Manufacturing,Web,Customer Support,9,4,1,Yes,Top-tier enterprise platform with excellent security features.
RSP-2405,CUST-3827,2025-07-02,North America,Enterprise,Retail,Email,Pricing,5,1,7,Yes,Customer service agent was rude and transferred me three times.
RSP-2406,CUST-3877,2025-01-29,Middle East & Africa,SMB,Technology,In-App,Customer Support,2,2,7,Yes,Pricing is way too high for the features provided.
RSP-2407,CUST-3028,2025-05-01,Asia-Pacific,Enterprise,Healthcare,Email,Pricing,7,3,3,Yes,"Delivery was on time, product packaging was slightly damaged."
RSP-2408,CUST-1695,2025-12-19,Asia-Pacific,Enterprise,Retail,In-App,Customer Support,5,1,7,Yes,Product keeps crashing after the latest update.
RSP-2409,CUST-3497,2025-02-28,Europe,Mid-Market,Healthcare,In-App,Product,7,4,2,Yes,"Acceptable response time, issue was eventually fixed."
RSP-2410,CUST-2390,2025-01-11,Asia-Pacific,Mid-Market,Technology,Email,Delivery,2,3,7,Yes,Platform UI is slow and unintuitive.
RSP-2411,CUST-3671,2025-01-20,Latin America,SMB,Technology,Email,Product,10,5,2,Yes,Best customer service team in the industry. Kudos!
RSP-2412,CUST-4460,2025-10-18,Latin America,Enterprise,Manufacturing,In-App,Delivery,7,4,5,Yes,"Decent features for SMBs, but needs better reporting tools."
RSP-2413,CUST-3184,2025-01-11,Europe,SMB,Retail,Email,Quality,0,2,5,Yes,Billing error was not resolved on time.
RSP-2414,CUST-1182,2025-06-12,Europe,Mid-Market,Healthcare,Phone,Delivery,1,2,5,Yes,Customer service agent was rude and transferred me three times.
RSP-2415,CUST-4197,2025-06-15,Europe,SMB,Finance,Email,Quality,10,5,3,Yes,Fantastic product! Has significantly improved our team productivity.
RSP-2416,CUST-5000,2025-02-21,Europe,Mid-Market,Finance,Email,Product,0,1,5,Yes,Pricing is way too high for the features provided.
RSP-2417,CUST-3752,2025-09-12,North America,SMB,Technology,Phone,Product,6,1,7,No,Platform UI is slow and unintuitive.
RSP-2418,CUST-3781,2025-03-27,North America,Mid-Market,Technology,Web,Quality,1,1,21,Yes,Frequent downtime impacted our business operations.
RSP-2419,CUST-3453,2025-07-06,Europe,Mid-Market,Finance,In-App,Pricing,7,4,3,Yes,"Decent features for SMBs, but needs better reporting tools."
RSP-2420,CUST-2652,2025-09-12,Middle East & Africa,SMB,Healthcare,Email,Customer Support,10,5,1,Yes,Fantastic product! Has significantly improved our team productivity.
RSP-2421,CUST-2753,2025-05-28,North America,SMB,Manufacturing,In-App,Customer Support,8,4,3,Yes,"Delivery was on time, product packaging was slightly damaged."
RSP-2422,CUST-1389,2025-06-02,Europe,Mid-Market,Technology,Email,Quality,9,5,1,Yes,Top-tier enterprise platform with excellent security features.
RSP-2423,CUST-2850,2025-11-16,Asia-Pacific,Mid-Market,Finance,Phone,Delivery,8,3,2,Yes,"Support resolved the issue, but communication could be better."
RSP-2424,CUST-1776,2025-10-31,North America,Enterprise,Technology,Email,Product,7,3,3,Yes,"Acceptable response time, issue was eventually fixed."
RSP-2425,CUST-3239,2025-02-04,North America,Mid-Market,Manufacturing,In-App,Product,9,5,1,Yes,Best customer service team in the industry. Kudos!
RSP-2426,CUST-4498,2025-04-18,North America,Mid-Market,Finance,Web,Product,6,1,5,No,"Issue took over a week to resolve, very frustrating."
RSP-2427,CUST-1628,2025-11-30,Asia-Pacific,SMB,Finance,Email,Delivery,4,1,10,Yes,Quality has visibly degraded over the last few months.
RSP-2428,CUST-5134,2025-06-03,North America,SMB,Retail,Phone,Customer Support,1,2,4,Yes,Customer service agent was rude and transferred me three times.
RSP-2429,CUST-3566,2025-04-13,Europe,Mid-Market,Finance,In-App,Product,9,5,1,Yes,Top-tier enterprise platform with excellent security features.
RSP-2430,CUST-4295,2025-05-09,Europe,Mid-Market,Manufacturing,Phone,Pricing,5,1,7,Yes,Frequent downtime impacted our business operations.
RSP-2431,CUST-4712,2025-12-10,Europe,Mid-Market,Healthcare,Email,Delivery,0,2,10,No,Platform UI is slow and unintuitive.
RSP-2432,CUST-2479,2025-01-10,North America,Mid-Market,Finance,In-App,Customer Support,4,1,7,No,Platform UI is slow and unintuitive.
RSP-2433,CUST-2528,2025-10-23,Latin America,Enterprise,Manufacturing,Email,Pricing,8,4,4,Yes,"Service is okay, expecting more frequent software updates."
RSP-2434,CUST-2744,2025-12-05,North America,Enterprise,Technology,Phone,Product,10,5,1,Yes,Best customer service team in the industry. Kudos!
RSP-2435,CUST-3194,2025-11-23,North America,Enterprise,Technology,Web,Customer Support,6,2,4,No,Platform UI is slow and unintuitive.
RSP-2436,CUST-4553,2025-10-17,Europe,SMB,Manufacturing,Web,Delivery,1,2,7,Yes,Support response was extremely slow and unhelpful.
RSP-2437,CUST-2643,2025-07-06,Asia-Pacific,Mid-Market,Technology,In-App,Delivery,3,2,14,Yes,Billing error was not resolved on time.
RSP-2438,CUST-2210,2025-05-04,Asia-Pacific,SMB,Technology,Phone,Product,9,5,1,Yes,Super fast delivery and pristine quality. Highly recommended!
RSP-2439,CUST-3459,2025-08-11,Asia-Pacific,Mid-Market,Finance,Email,Pricing,5,2,7,Yes,Customer service agent was rude and transferred me three times.
RSP-2440,CUST-3610,2025-02-02,Asia-Pacific,Mid-Market,Manufacturing,Phone,Product,10,5,1,No,Great value for money and outstanding service reliability.
RSP-2441,CUST-4378,2025-05-17,North America,Mid-Market,Technology,Phone,Quality,10,5,2,Yes,The team went above and beyond to help us with our migration.
RSP-2442,CUST-2315,2025-05-12,Asia-Pacific,Enterprise,Finance,In-App,Pricing,6,3,5,Yes,Frequent downtime impacted our business operations.
RSP-2443,CUST-2934,2025-07-27,Middle East & Africa,Enterprise,Technology,Phone,Customer Support,8,4,5,No,"Pricing is fair, but onboarding was slightly confusing."
RSP-2444,CUST-1930,2025-03-18,North America,Mid-Market,Finance,Phone,Delivery,4,1,5,Yes,Pricing is way too high for the features provided.
RSP-2445,CUST-1226,2025-05-06,Asia-Pacific,SMB,Retail,Email,Customer Support,0,2,10,Yes,Quality has visibly degraded over the last few months.
RSP-2446,CUST-4802,2025-09-06,Europe,Mid-Market,Manufacturing,Phone,Quality,10,5,1,Yes,Top-tier enterprise platform with excellent security features.
RSP-2447,CUST-4457,2025-11-28,North America,Mid-Market,Retail,Phone,Pricing,2,2,5,Yes,Support response was extremely slow and unhelpful.
RSP-2448,CUST-2654,2025-03-23,Asia-Pacific,Mid-Market,Technology,Phone,Customer Support,9,5,1,Yes,The team went above and beyond to help us with our migration.
RSP-2449,CUST-2117,2025-01-15,Asia-Pacific,SMB,Manufacturing,Web,Customer Support,4,1,7,No,Quality has visibly degraded over the last few months.
RSP-2450,CUST-3275,2025-12-04,Europe,SMB,Healthcare,Web,Product,4,1,14,Yes,Platform UI is slow and unintuitive.
RSP-2451,CUST-2441,2025-11-26,Asia-Pacific,Enterprise,Healthcare,In-App,Customer Support,5,1,14,Yes,Support response was extremely slow and unhelpful.
RSP-2452,CUST-4980,2025-01-11,Europe,Mid-Market,Healthcare,Email,Customer Support,9,5,2,Yes,Exceptional customer support! Issue resolved within an hour.
RSP-2453,CUST-1687,2025-06-10,Latin America,Enterprise,Technology,Web,Product,0,3,5,Yes,Frequent downtime impacted our business operations.
RSP-2454,CUST-3441,2025-02-02,Europe,SMB,Technology,In-App,Customer Support,8,4,2,Yes,"Decent features for SMBs, but needs better reporting tools."
RSP-2455,CUST-3977,2025-12-10,Europe,SMB,Healthcare,Phone,Delivery,7,4,2,Yes,"Support resolved the issue, but communication could be better."
RSP-2456,CUST-4251,2025-03-13,Europe,Mid-Market,Finance,Web,Delivery,0,2,4,No,Pricing is way too high for the features provided.
RSP-2457,CUST-1916,2025-10-20,North America,Mid-Market,Technology,Phone,Customer Support,4,1,14,Yes,Platform UI is slow and unintuitive.
RSP-2458,CUST-1988,2025-09-25,Asia-Pacific,SMB,Manufacturing,In-App,Delivery,10,5,2,Yes,The team went above and beyond to help us with our migration.
RSP-2459,CUST-5066,2025-02-16,Middle East & Africa,SMB,Finance,Email,Product,10,5,1,Yes,Great value for money and outstanding service reliability.
RSP-2460,CUST-2001,2025-06-10,North America,Mid-Market,Healthcare,Email,Delivery,2,1,7,No,"Issue took over a week to resolve, very frustrating."
RSP-2461,CUST-4194,2025-05-01,Europe,Mid-Market,Technology,Web,Pricing,3,1,7,No,Customer service agent was rude and transferred me three times.
RSP-2462,CUST-2785,2025-03-15,Europe,Mid-Market,Finance,In-App,Product,10,5,2,Yes,Fantastic product! Has significantly improved our team productivity.
RSP-2463,CUST-2434,2025-04-20,Europe,Mid-Market,Healthcare,Email,Delivery,5,1,14,Yes,Quality has visibly degraded over the last few months.
RSP-2464,CUST-4600,2025-07-29,Europe,Enterprise,Healthcare,Email,Delivery,2,1,10,Yes,Quality has visibly degraded over the last few months.
RSP-2465,CUST-1458,2025-09-09,North America,Enterprise,Retail,Email,Pricing,4,1,10,No,Platform UI is slow and unintuitive.
RSP-2466,CUST-4069,2025-12-25,North America,Mid-Market,Healthcare,In-App,Customer Support,5,1,5,Yes,Product keeps crashing after the latest update.
RSP-2467,CUST-3592,2025-10-07,North America,Mid-Market,Technology,Email,Customer Support,6,1,4,Yes,Customer service agent was rude and transferred me three times.
RSP-2468,CUST-4890,2025-12-16,Asia-Pacific,Mid-Market,Technology,Email,Product,8,4,3,Yes,"Pricing is fair, but onboarding was slightly confusing."
RSP-2469,CUST-3275,2025-03-16,North America,SMB,Retail,In-App,Product,9,5,3,Yes,Smooth experience from purchase to setup. Very satisfied!
RSP-2470,CUST-4893,2025-07-08,Asia-Pacific,Enterprise,Finance,Email,Customer Support,10,5,1,Yes,The team went above and beyond to help us with our migration.
RSP-2471,CUST-1172,2025-11-27,Europe,Mid-Market,Technology,In-App,Product,8,5,5,Yes,"Product works fine, but missing key integrations."
RSP-2472,CUST-1447,2025-12-20,North America,SMB,Technology,In-App,Customer Support,9,4,1,Yes,Great value for money and outstanding service reliability.
RSP-2473,CUST-3072,2025-10-10,Latin America,Enterprise,Manufacturing,Email,Customer Support,9,4,1,Yes,Top-tier enterprise platform with excellent security features.
RSP-2474,CUST-3533,2025-11-24,North America,Enterprise,Finance,Web,Customer Support,4,1,10,Yes,"Issue took over a week to resolve, very frustrating."
RSP-2475,CUST-1999,2025-10-01,Europe,SMB,Healthcare,Email,Pricing,5,2,14,No,Pricing is way too high for the features provided.
RSP-2476,CUST-4624,2025-07-18,Europe,Mid-Market,Manufacturing,Web,Delivery,5,1,14,Yes,Support response was extremely slow and unhelpful.
RSP-2477,CUST-4219,2025-05-11,Asia-Pacific,SMB,Retail,Web,Quality,5,1,10,Yes,Quality has visibly degraded over the last few months.
RSP-2478,CUST-1739,2025-05-01,North America,Enterprise,Technology,Web,Customer Support,5,2,5,No,Quality has visibly degraded over the last few months.
RSP-2479,CUST-2723,2025-03-24,Europe,SMB,Healthcare,Email,Quality,0,3,7,Yes,Billing error was not resolved on time.
RSP-2480,CUST-3598,2025-11-26,Europe,Enterprise,Healthcare,In-App,Product,9,5,1,Yes,Top-tier enterprise platform with excellent security features.
RSP-2482,CUST-5027,2025-08-30,Latin America,SMB,Technology,Email,Quality,10,5,2,Yes,Top-tier enterprise platform with excellent security features.
RSP-2483,CUST-3725,2025-08-05,Latin America,SMB,Healthcare,Email,Delivery,6,1,4,Yes,Product keeps crashing after the latest update.
RSP-2484,CUST-2313,2025-12-24,Europe,Mid-Market,Finance,Email,Pricing,8,5,4,Yes,No feedback provided
RSP-2485,CUST-5147,2025-02-03,Europe,Enterprise,Manufacturing,Email,Customer Support,9,3,2,Yes,Smooth experience from purchase to setup. Very satisfied!
RSP-2486,CUST-4447,2025-11-05,Europe,Mid-Market,Technology,In-App,Customer Support,1,3,7,No,Platform UI is slow and unintuitive.
RSP-2487,CUST-3676,2025-08-21,Asia-Pacific,SMB,Technology,Email,Quality,9,5,1,Yes,Exceptional customer support! Issue resolved within an hour.
RSP-2488,CUST-1426,2025-11-25,Middle East & Africa,Enterprise,Technology,Phone,Product,10,4,1,Yes,Super fast delivery and pristine quality. Highly recommended!
RSP-2489,CUST-4632,2025-11-25,Europe,Enterprise,Healthcare,Email,Quality,0,3,7,Yes,Delivery took twice as long as promised.
RSP-2490,CUST-1025,2025-07-25,North America,Mid-Market,Technology,Email,Product,9,5,1,Yes,Great value for money and outstanding service reliability.
RSP-2491,CUST-3503,2025-06-10,Asia-Pacific,Enterprise,Retail,Phone,Pricing,1,3,7,Yes,Frequent downtime impacted our business operations.
RSP-2492,CUST-1673,2025-02-26,Europe,Enterprise,Manufacturing,Phone,Product,0,1,7,Yes,Delivery took twice as long as promised.
RSP-2493,CUST-3044,2025-09-22,Europe,Mid-Market,Healthcare,Phone,Product,6,1,14,No,Delivery took twice as long as promised.
RSP-2494,CUST-4361,2025-06-13,Middle East & Africa,Mid-Market,Retail,Phone,Delivery,2,2,14,Yes,Billing error was not resolved on time.
RSP-2495,CUST-4918,2025-03-10,North America,Mid-Market,Manufacturing,Web,Product,7,4,4,Yes,"Delivery was on time, product packaging was slightly damaged."
RSP-2496,CUST-2421,2025-12-18,Europe,Mid-Market,Manufacturing,Phone,Pricing,5,2,10,Yes,Frequent downtime impacted our business operations.
RSP-2497,CUST-3683,2025-05-25,Middle East & Africa,Enterprise,Finance,In-App,Delivery,6,2,10,No,Pricing is way too high for the features provided.
RSP-2498,CUST-1691,2025-08-01,Europe,SMB,Unknown,Email,Delivery,6,1,7,Yes,"Issue took over a week to resolve, very frustrating."
RSP-2499,CUST-2490,2025-07-21,Asia-Pacific,Enterprise,Finance,Phone,Pricing,6,2,14,No,Customer service agent was rude and transferred me three times.
RSP-2500,CUST-2838,2025-01-11,North America,SMB,Finance,Phone,Customer Support,10,5,3,Yes,Exceptional customer support! Issue resolved within an hour.
RSP-2501,CUST-2873,2025-02-15,Europe,Enterprise,Technology,In-App,Delivery,6,2,10,Yes,Billing error was not resolved on time.
RSP-2502,CUST-2624,2025-05-15,North America,Mid-Market,Healthcare,In-App,Quality,6,3,5,No,Delivery took twice as long as promised.
RSP-2503,CUST-1407,2025-07-25,North America,SMB,Healthcare,Email,Product,7,4,2,Yes,"Decent features for SMBs, but needs better reporting tools."
RSP-2504,CUST-3131,2025-03-18,Asia-Pacific,Mid-Market,Finance,Email,Customer Support,10,5,1,Yes,Fantastic product! Has significantly improved our team productivity.
RSP-2505,CUST-4014,2025-03-29,North America,SMB,Manufacturing,Email,Quality,3,2,14,No,Frequent downtime impacted our business operations.
RSP-2506,CUST-1961,2025-01-08,Latin America,SMB,Healthcare,Phone,Delivery,3,1,10,Yes,Platform UI is slow and unintuitive.
RSP-2507,CUST-4564,2025-08-21,Asia-Pacific,SMB,Technology,Phone,Delivery,4,2,7,No,Billing error was not resolved on time.
RSP-2508,CUST-1970,2025-04-25,Asia-Pacific,Mid-Market,Finance,Email,Product,2,1,5,No,Pricing is way too high for the features provided.
RSP-2509,CUST-2560,2025-05-17,Europe,Mid-Market,Technology,Email,Delivery,6,2,7,Yes,Quality has visibly degraded over the last few months.
RSP-2510,CUST-5048,2025-07-15,Asia-Pacific,Enterprise,Retail,Phone,Customer Support,6,1,5,No,Delivery took twice as long as promised.
RSP-2511,CUST-4533,2025-04-16,Europe,SMB,Healthcare,Email,Delivery,0,3,10,No,Frequent downtime impacted our business operations.
RSP-2512,CUST-2765,2025-05-25,Europe,Mid-Market,Manufacturing,Email,Quality,7,5,4,No,"Pricing is fair, but onboarding was slightly confusing."
RSP-2513,CUST-4426,2025-04-03,Europe,Enterprise,Healthcare,Web,Quality,0,2,5,No,Customer service agent was rude and transferred me three times.
RSP-2514,CUST-2195,2025-01-15,North America,Mid-Market,Technology,Email,Pricing,2,3,4,Yes,Quality has visibly degraded over the last few months.
RSP-2515,CUST-3144,2025-05-01,Europe,Mid-Market,Finance,Email,Quality,9,5,3,Yes,Best customer service team in the industry. Kudos!
RSP-2516,CUST-3034,2025-07-09,North America,SMB,Technology,Email,Product,7,4,2,Yes,"Service is okay, expecting more frequent software updates."
RSP-2517,CUST-1702,2025-01-06,Asia-Pacific,Enterprise,Manufacturing,Email,Customer Support,7,3,3,Yes,"Service is okay, expecting more frequent software updates."
RSP-2518,CUST-2091,2025-06-15,Asia-Pacific,SMB,Technology,Email,Delivery,1,2,21,Yes,Customer service agent was rude and transferred me three times.
RSP-2520,CUST-3099,2025-02-07,Asia-Pacific,Mid-Market,Finance,Email,Delivery,3,1,7,No,Product keeps crashing after the latest update.
RSP-2521,CUST-1481,2025-01-27,Latin America,Enterprise,Retail,Email,Delivery,9,5,1,Yes,Smooth experience from purchase to setup. Very satisfied!
RSP-2522,CUST-2923,2025-08-30,Europe,SMB,Manufacturing,Web,Quality,8,5,2,No,"Acceptable response time, issue was eventually fixed."
RSP-2523,CUST-1372,2025-01-03,North America,SMB,Technology,Web,Customer Support,10,5,1,Yes,The team went above and beyond to help us with our migration.
RSP-2524,CUST-5133,2025-11-14,North America,Enterprise,Technology,Email,Customer Support,10,5,1,Yes,No feedback provided
RSP-2525,CUST-3478,2025-07-22,North America,Mid-Market,Technology,Email,Customer Support,8,4,3,Yes,"Acceptable response time, issue was eventually fixed."
RSP-2526,CUST-2083,2025-10-14,Asia-Pacific,Mid-Market,Technology,Email,Product,7,3,3,Yes,"Product works fine, but missing key integrations."
RSP-2527,CUST-2469,2025-05-14,Asia-Pacific,Enterprise,Finance,Email,Product,10,5,1,Yes,Super fast delivery and pristine quality. Highly recommended!
RSP-2528,CUST-5126,2025-09-10,Europe,Mid-Market,Healthcare,In-App,Product,7,4,4,No,"Acceptable response time, issue was eventually fixed."
RSP-2529,CUST-4834,2025-03-09,Asia-Pacific,SMB,Manufacturing,Web,Customer Support,10,4,1,Yes,Fantastic product! Has significantly improved our team productivity.
RSP-2530,CUST-3599,2025-12-30,Latin America,SMB,Retail,In-App,Customer Support,0,1,7,Yes,Platform UI is slow and unintuitive.
RSP-2531,CUST-4546,2025-03-14,Europe,Mid-Market,Manufacturing,Email,Quality,9,5,1,Yes,The team went above and beyond to help us with our migration.
RSP-2532,CUST-1957,2025-06-10,Asia-Pacific,Mid-Market,Technology,Email,Product,6,1,7,No,Support response was extremely slow and unhelpful.
RSP-2533,CUST-2047,2025-09-13,Asia-Pacific,SMB,Retail,Web,Delivery,3,2,14,Yes,Quality has visibly degraded over the last few months.
RSP-2534,CUST-3953,2025-08-09,North America,SMB,Technology,Email,Quality,6,2,14,Yes,Quality has visibly degraded over the last few months.
RSP-2535,CUST-3156,2025-11-10,Europe,Mid-Market,Technology,Web,Delivery,1,1,7,Yes,Quality has visibly degraded over the last few months.
RSP-2536,CUST-3564,2025-08-12,Europe,Mid-Market,Technology,Phone,Pricing,1,2,7,No,Delivery took twice as long as promised.
RSP-2537,CUST-3584,2025-09-09,North America,SMB,Finance,Web,Product,9,5,1,Yes,Super fast delivery and pristine quality. Highly recommended!
RSP-2538,CUST-4604,2025-01-28,Europe,Enterprise,Finance,Email,Product,9,4,3,Yes,Great value for money and outstanding service reliability.
RSP-2539,CUST-2217,2025-01-28,Europe,SMB,Retail,Email,Quality,3,1,7,No,Pricing is way too high for the features provided.
RSP-2540,CUST-2500,2025-01-19,North America,Mid-Market,Finance,Email,Quality,7,3,2,Yes,"Service is okay, expecting more frequent software updates."
RSP-2541,CUST-3131,2025-03-25,Europe,Enterprise,Technology,Email,Product,8,4,3,Yes,"Service is okay, expecting more frequent software updates."
RSP-2542,CUST-4575,2025-03-01,North America,Mid-Market,Finance,Web,Customer Support,9,5,1,Yes,Best customer service team in the industry. Kudos!
RSP-2543,CUST-1334,2025-08-15,Asia-Pacific,SMB,Finance,Web,Delivery,8,5,4,Yes,"Acceptable response time, issue was eventually fixed."
RSP-2544,CUST-4974,2025-08-23,North America,SMB,Finance,Web,Product,9,5,2,Yes,Best customer service team in the industry. Kudos!
RSP-2545,CUST-1921,2025-03-17,Asia-Pacific,Mid-Market,Technology,Phone,Product,9,5,3,Yes,Fantastic product! Has significantly improved our team productivity.
RSP-2546,CUST-3863,2025-02-17,Asia-Pacific,Mid-Market,Manufacturing,Web,Product,7,4,4,Yes,"Pricing is fair, but onboarding was slightly confusing."
RSP-2547,CUST-3327,2025-04-03,Asia-Pacific,Mid-Market,Manufacturing,In-App,Delivery,7,4,4,Yes,"Average experience, nothing exceptional to report."
RSP-2548,CUST-5167,2025-05-20,North America,Mid-Market,Healthcare,Email,Delivery,6,2,7,Yes,Frequent downtime impacted our business operations.
RSP-2549,CUST-2739,2025-10-26,Latin America,SMB,Finance,In-App,Product,9,4,1,Yes,Exceptional customer support! Issue resolved within an hour.
RSP-2550,CUST-2479,2025-08-02,Europe,Mid-Market,Finance,Email,Quality,7,3,3,Yes,"Support resolved the issue, but communication could be better."
RSP-2551,CUST-3016,2025-09-13,North America,Mid-Market,Finance,Email,Product,7,3,2,Yes,"Support resolved the issue, but communication could be better."
RSP-2552,CUST-3692,2025-01-14,North America,Mid-Market,Manufacturing,Phone,Quality,0,1,10,Yes,Quality has visibly degraded over the last few months.
RSP-2553,CUST-1999,2025-07-21,North America,Mid-Market,Healthcare,Web,Product,8,4,5,Yes,"Acceptable response time, issue was eventually fixed."
RSP-2554,CUST-1868,2025-06-15,North America,SMB,Finance,Web,Quality,9,4,1,Yes,Super fast delivery and pristine quality. Highly recommended!
RSP-2555,CUST-1236,2025-02-11,North America,Enterprise,Healthcare,Web,Product,9,4,1,Yes,Best customer service team in the industry. Kudos!
RSP-2556,CUST-4930,2025-08-21,North America,SMB,Retail,Web,Product,8,3,2,Yes,"Delivery was on time, product packaging was slightly damaged."
RSP-2557,CUST-1047,2025-06-18,Asia-Pacific,Enterprise,Technology,In-App,Delivery,9,5,1,Yes,Exceptional customer support! Issue resolved within an hour.
RSP-2558,CUST-4711,2025-06-16,Asia-Pacific,Enterprise,Technology,Web,Delivery,2,2,10,Yes,Frequent downtime impacted our business operations.
RSP-2559,CUST-2059,2025-04-19,North America,Enterprise,Healthcare,Web,Customer Support,9,4,1,Yes,Exceptional customer support! Issue resolved within an hour.
RSP-2560,CUST-3317,2025-06-15,North America,Enterprise,Healthcare,Email,Customer Support,9,5,1,Yes,Exceptional customer support! Issue resolved within an hour.
RSP-2561,CUST-1579,2025-10-08,Middle East & Africa,Enterprise,Finance,Web,Customer Support,6,2,7,Yes,Frequent downtime impacted our business operations.
RSP-2562,CUST-4124,2025-02-17,Latin America,SMB,Technology,Phone,Customer Support,4,1,14,Yes,Customer service agent was rude and transferred me three times.
RSP-2563,CUST-3090,2025-04-02,North America,Enterprise,Healthcare,Phone,Delivery,6,1,4,Yes,Pricing is way too high for the features provided.
RSP-2564,CUST-4267,2025-02-15,North America,SMB,Technology,Web,Delivery,4,2,7,No,Support response was extremely slow and unhelpful.
RSP-2565,CUST-2705,2025-03-25,Europe,Mid-Market,Finance,Phone,Customer Support,9,5,1,Yes,Top-tier enterprise platform with excellent security features.
RSP-2566,CUST-4296,2025-05-26,North America,Mid-Market,Healthcare,Web,Delivery,7,3,3,No,"Average experience, nothing exceptional to report."
RSP-2567,CUST-1987,2025-06-02,North America,Enterprise,Healthcare,Web,Delivery,4,2,5,No,Billing error was not resolved on time.
RSP-2568,CUST-4541,2025-06-08,North America,Mid-Market,Finance,Web,Quality,8,4,2,Yes,"Average experience, nothing exceptional to report."
RSP-2569,CUST-3941,2025-12-07,Latin America,SMB,Manufacturing,Email,Customer Support,8,4,3,Yes,"Support resolved the issue, but communication could be better."
RSP-2570,CUST-4010,2025-09-20,North America,Enterprise,Technology,Email,Delivery,0,1,7,No,Pricing is way too high for the features provided.
RSP-2571,CUST-5010,2025-08-17,Asia-Pacific,Mid-Market,Technology,Email,Pricing,5,1,10,Yes,Customer service agent was rude and transferred me three times.
RSP-2572,CUST-4902,2025-05-18,Latin America,Mid-Market,Healthcare,Phone,Quality,9,5,1,Yes,Top-tier enterprise platform with excellent security features.
RSP-2573,CUST-1739,2025-08-05,Middle East & Africa,Mid-Market,Retail,Phone,Customer Support,7,4,4,Yes,"Acceptable response time, issue was eventually fixed."
RSP-2574,CUST-2526,2025-08-11,Europe,Mid-Market,Technology,In-App,Delivery,7,4,4,No,"Decent features for SMBs, but needs better reporting tools."
RSP-2575,CUST-1761,2025-01-21,Europe,SMB,Technology,Phone,Quality,4,2,10,No,Platform UI is slow and unintuitive.
RSP-2576,CUST-3799,2025-08-26,North America,Mid-Market,Technology,Web,Delivery,5,1,4,Yes,Pricing is way too high for the features provided.
RSP-2577,CUST-2270,2025-09-11,North America,Mid-Market,Retail,Email,Product,7,4,2,Yes,"Support resolved the issue, but communication could be better."
RSP-2578,CUST-3381,2025-08-28,North America,Mid-Market,Technology,Email,Customer Support,8,3,3,Yes,"Decent features for SMBs, but needs better reporting tools."
RSP-2579,CUST-1648,2025-09-02,Latin America,Mid-Market,Finance,Web,Product,10,5,1,Yes,The team went above and beyond to help us with our migration.
RSP-2580,CUST-2217,2025-03-07,North America,Mid-Market,Technology,Phone,Delivery,6,2,4,Yes,Quality has visibly degraded over the last few months.
RSP-2581,CUST-3036,2025-09-25,Europe,Mid-Market,Technology,Email,Product,10,5,1,Yes,Top-tier enterprise platform with excellent security features.
RSP-2582,CUST-3420,2025-10-19,North America,Mid-Market,Technology,Phone,Delivery,7,4,3,Yes,"Product works fine, but missing key integrations."
RSP-2583,CUST-1626,2025-01-24,Europe,SMB,Finance,Email,Delivery,10,5,3,Yes,Fantastic product! Has significantly improved our team productivity.
RSP-2584,CUST-5183,2025-08-06,Europe,SMB,Technology,In-App,Product,10,5,1,Yes,Top-tier enterprise platform with excellent security features.
RSP-2585,CUST-1774,2025-08-26,North America,Enterprise,Technology,Phone,Pricing,1,2,4,No,Frequent downtime impacted our business operations.
RSP-2586,CUST-3075,2025-07-01,North America,Enterprise,Technology,Phone,Quality,6,1,7,No,Quality has visibly degraded over the last few months.
RSP-2587,CUST-1669,2025-09-15,North America,Enterprise,Technology,Web,Customer Support,8,3,3,No,"Product works fine, but missing key integrations."
RSP-2588,CUST-1933,2025-12-05,North America,SMB,Finance,Email,Delivery,9,5,2,Yes,Best customer service team in the industry. Kudos!
RSP-2589,CUST-2470,2025-04-04,Europe,SMB,Manufacturing,Phone,Customer Support,0,1,5,Yes,Customer service agent was rude and transferred me three times.
RSP-2590,CUST-1370,2025-02-12,North America,Mid-Market,Manufacturing,Phone,Delivery,10,4,1,Yes,Top-tier enterprise platform with excellent security features.
RSP-2591,CUST-3438,2025-06-10,North America,SMB,Technology,Email,Product,10,5,1,Yes,Best customer service team in the industry. Kudos!
RSP-2592,CUST-4685,2025-11-16,North America,Mid-Market,Healthcare,Email,Customer Support,3,1,10,No,Quality has visibly degraded over the last few months.
RSP-2593,CUST-3796,2025-04-06,Europe,Mid-Market,Healthcare,Web,Customer Support,8,5,5,Yes,"Pricing is fair, but onboarding was slightly confusing."
RSP-2594,CUST-2516,2025-02-10,Asia-Pacific,Mid-Market,Healthcare,Email,Customer Support,10,5,2,Yes,The team went above and beyond to help us with our migration.
RSP-2595,CUST-1871,2025-08-11,North America,Enterprise,Technology,Phone,Delivery,5,1,5,Yes,Platform UI is slow and unintuitive.
RSP-2596,CUST-1146,2025-01-03,Latin America,Enterprise,Technology,Web,Pricing,7,3,2,No,"Decent features for SMBs, but needs better reporting tools."
RSP-2597,CUST-1955,2025-01-07,Asia-Pacific,Mid-Market,Technology,Email,Product,8,3,5,Yes,"Average experience, nothing exceptional to report."
RSP-2598,CUST-4908,2025-08-24,Asia-Pacific,Enterprise,Healthcare,Email,Customer Support,8,3,4,Yes,"Decent features for SMBs, but needs better reporting tools."
RSP-2599,CUST-4987,2025-06-05,Latin America,SMB,Manufacturing,Email,Product,10,5,1,Yes,Smooth experience from purchase to setup. Very satisfied!
RSP-2600,CUST-4235,2025-06-04,North America,SMB,Retail,Web,Product,7,3,3,Yes,"Support resolved the issue, but communication could be better."
RSP-2601,CUST-2024,2025-03-11,Europe,Mid-Market,Healthcare,Web,Delivery,2,2,10,Yes,Support response was extremely slow and unhelpful.
RSP-2602,CUST-2563,2025-02-27,Europe,Enterprise,Technology,In-App,Pricing,5,2,14,No,Support response was extremely slow and unhelpful.
RSP-2603,CUST-2541,2025-01-14,Europe,Mid-Market,Healthcare,Email,Delivery,7,4,4,Yes,"Pricing is fair, but onboarding was slightly confusing."
RSP-2604,CUST-4941,2025-11-29,Europe,Enterprise,Technology,In-App,Delivery,7,3,3,Yes,"Average experience, nothing exceptional to report."
RSP-2605,CUST-2980,2025-08-12,North America,Mid-Market,Technology,Phone,Pricing,8,5,4,Yes,"Pricing is fair, but onboarding was slightly confusing."
RSP-2606,CUST-1705,2025-06-04,Europe,Mid-Market,Healthcare,Web,Product,1,3,4,No,Billing error was not resolved on time.
RSP-2607,CUST-2213,2025-08-31,Asia-Pacific,Mid-Market,Finance,Web,Product,9,5,1,Yes,Top-tier enterprise platform with excellent security features.
RSP-2608,CUST-1178,2025-03-01,North America,Enterprise,Technology,Web,Delivery,8,4,3,Yes,"Average experience, nothing exceptional to report."
RSP-2609,CUST-2248,2025-12-26,Latin America,Mid-Market,Healthcare,Web,Delivery,0,1,10,Yes,Billing error was not resolved on time.
RSP-2610,CUST-4973,2025-08-30,Europe,Mid-Market,Manufacturing,Email,Product,7,4,4,Yes,"Product works fine, but missing key integrations."
RSP-2611,CUST-4682,2025-10-27,Asia-Pacific,SMB,Manufacturing,Phone,Pricing,2,2,7,No,Pricing is way too high for the features provided.
RSP-2612,CUST-2649,2025-05-31,Europe,SMB,Manufacturing,Web,Quality,1,1,21,No,Frequent downtime impacted our business operations.
RSP-2613,CUST-4209,2025-01-27,Europe,Mid-Market,Technology,Email,Delivery,2,1,7,Yes,"Issue took over a week to resolve, very frustrating."
RSP-2614,CUST-1064,2025-02-22,North America,Mid-Market,Manufacturing,Phone,Quality,10,4,1,Yes,Top-tier enterprise platform with excellent security features.
RSP-2615,CUST-4405,2025-09-11,Europe,Mid-Market,Technology,Phone,Product,10,5,3,Yes,The team went above and beyond to help us with our migration.
RSP-2616,CUST-1303,2025-09-07,North America,Enterprise,Manufacturing,Email,Customer Support,10,5,1,Yes,Top-tier enterprise platform with excellent security features.
RSP-2617,CUST-4982,2025-09-20,Latin America,Mid-Market,Finance,In-App,Pricing,4,2,5,Yes,Frequent downtime impacted our business operations.
RSP-2618,CUST-4996,2025-04-29,North America,Enterprise,Finance,Phone,Product,7,4,5,Yes,"Product works fine, but missing key integrations."
RSP-2619,CUST-1155,2025-08-05,North America,SMB,Technology,Phone,Pricing,4,2,5,Yes,Frequent downtime impacted our business operations.
RSP-2620,CUST-3587,2025-10-11,Europe,SMB,Healthcare,In-App,Pricing,2,1,7,Yes,Product keeps crashing after the latest update.
RSP-2621,CUST-3194,2025-11-28,North America,SMB,Finance,Phone,Customer Support,2,2,14,No,Customer service agent was rude and transferred me three times.
RSP-2622,CUST-4877,2025-03-01,North America,Mid-Market,Finance,Email,Product,8,4,2,Yes,"Service is okay, expecting more frequent software updates."
RSP-2623,CUST-3840,2025-08-18,North America,Mid-Market,Healthcare,Email,Product,10,4,1,Yes,Top-tier enterprise platform with excellent security features.
RSP-2624,CUST-1170,2025-03-24,Europe,SMB,Healthcare,Email,Customer Support,8,3,3,No,No feedback provided
RSP-2625,CUST-2574,2025-08-29,North America,Mid-Market,Healthcare,Web,Quality,8,4,2,Yes,"Acceptable response time, issue was eventually fixed."
RSP-2626,CUST-4589,2025-04-29,Europe,SMB,Manufacturing,Phone,Customer Support,8,3,3,Yes,"Pricing is fair, but onboarding was slightly confusing."
RSP-2627,CUST-3778,2025-11-05,Middle East & Africa,Mid-Market,Manufacturing,Phone,Product,5,1,7,Yes,Billing error was not resolved on time.
RSP-2628,CUST-2074,2025-05-31,Europe,SMB,Finance,Web,Product,7,4,4,Yes,"Decent features for SMBs, but needs better reporting tools."
RSP-2629,CUST-4414,2025-12-11,Europe,Mid-Market,Unknown,Web,Product,7,4,3,Yes,"Acceptable response time, issue was eventually fixed."
RSP-2630,CUST-4869,2025-03-24,North America,SMB,Manufacturing,Phone,Quality,6,1,4,No,Frequent downtime impacted our business operations.
RSP-2631,CUST-2697,2025-05-25,Europe,SMB,Finance,In-App,Delivery,4,1,7,No,Product keeps crashing after the latest update.
RSP-2632,CUST-4955,2025-03-08,North America,SMB,Manufacturing,Phone,Delivery,2,1,4,Yes,Delivery took twice as long as promised.
RSP-2633,CUST-2634,2025-03-22,North America,SMB,Healthcare,Email,Customer Support,10,5,1,Yes,Best customer service team in the industry. Kudos!
RSP-2634,CUST-1826,2025-08-01,Asia-Pacific,SMB,Technology,Web,Delivery,9,5,3,Yes,Best customer service team in the industry. Kudos!
RSP-2635,CUST-3487,2025-05-01,North America,SMB,Technology,Email,Delivery,10,5,1,Yes,Great value for money and outstanding service reliability.
RSP-2636,CUST-1385,2025-01-10,Middle East & Africa,SMB,Technology,Email,Product,8,3,2,No,"Acceptable response time, issue was eventually fixed."
RSP-2637,CUST-3136,2025-07-02,North America,Mid-Market,Healthcare,Email,Delivery,4,3,5,Yes,Delivery took twice as long as promised.
RSP-2638,CUST-2431,2025-09-15,Asia-Pacific,SMB,Retail,In-App,Quality,6,2,7,Yes,Support response was extremely slow and unhelpful.
RSP-2639,CUST-1521,2025-06-22,North America,Enterprise,Technology,Email,Product,10,5,1,Yes,Top-tier enterprise platform with excellent security features.
RSP-2640,CUST-1933,2025-11-13,North America,SMB,Healthcare,Email,Product,6,1,5,Yes,Pricing is way too high for the features provided.
RSP-2641,CUST-1988,2025-10-15,North America,Mid-Market,Manufacturing,Email,Product,9,5,1,Yes,Great value for money and outstanding service reliability.
RSP-2642,CUST-4984,2025-05-13,North America,Enterprise,Technology,Phone,Delivery,6,1,10,Yes,"Issue took over a week to resolve, very frustrating."
RSP-2643,CUST-3910,2025-01-24,Europe,Mid-Market,Finance,Email,Quality,8,3,5,Yes,"Delivery was on time, product packaging was slightly damaged."
RSP-2644,CUST-2238,2025-12-20,Europe,Enterprise,Healthcare,Email,Delivery,4,2,4,No,Platform UI is slow and unintuitive.
RSP-2645,CUST-1853,2025-12-28,North America,Mid-Market,Retail,Phone,Delivery,4,1,7,Yes,Support response was extremely slow and unhelpful.
RSP-2646,CUST-4586,2025-08-23,Asia-Pacific,Mid-Market,Technology,Email,Product,7,4,3,Yes,"Support resolved the issue, but communication could be better."
RSP-2647,CUST-1867,2025-11-09,North America,SMB,Technology,Email,Customer Support,9,5,2,Yes,Fantastic product! Has significantly improved our team productivity.
RSP-2648,CUST-1343,2025-09-17,Asia-Pacific,Enterprise,Retail,Web,Customer Support,9,5,1,Yes,Fantastic product! Has significantly improved our team productivity.
RSP-2649,CUST-2368,2025-11-19,Europe,Enterprise,Technology,Phone,Delivery,6,2,5,No,Product keeps crashing after the latest update.
RSP-2650,CUST-2682,2025-07-05,North America,SMB,Retail,Email,Product,6,2,10,Yes,Delivery took twice as long as promised.
RSP-2651,CUST-3393,2025-12-29,Europe,Enterprise,Healthcare,In-App,Product,10,5,3,Yes,Best customer service team in the industry. Kudos!
RSP-2652,CUST-5144,2025-09-13,North America,Enterprise,Finance,Phone,Product,9,5,1,Yes,Fantastic product! Has significantly improved our team productivity.
RSP-2653,CUST-2263,2025-11-28,North America,Mid-Market,Healthcare,Web,Quality,6,2,7,Yes,"Issue took over a week to resolve, very frustrating."
RSP-2654,CUST-3741,2025-03-12,Asia-Pacific,Mid-Market,Finance,Phone,Customer Support,7,5,2,No,"Support resolved the issue, but communication could be better."
RSP-2655,CUST-2653,2025-08-13,North America,Enterprise,Finance,Email,Quality,6,3,5,Yes,Customer service agent was rude and transferred me three times.
RSP-2656,CUST-1053,2025-05-06,North America,Mid-Market,Finance,Phone,Pricing,6,3,4,Yes,Billing error was not resolved on time.
RSP-2657,CUST-3796,2025-05-27,North America,Enterprise,Healthcare,Phone,Customer Support,9,5,2,Yes,Super fast delivery and pristine quality. Highly recommended!
RSP-2658,CUST-1698,2025-05-17,North America,Mid-Market,Technology,Phone,Customer Support,5,2,10,Yes,"Issue took over a week to resolve, very frustrating."
RSP-2659,CUST-4399,2025-07-04,North America,SMB,Healthcare,Email,Product,5,1,10,Yes,Pricing is way too high for the features provided.
RSP-2660,CUST-2241,2025-09-29,North America,Enterprise,Retail,Email,Delivery,5,1,5,Yes,Customer service agent was rude and transferred me three times.
RSP-2661,CUST-2869,2025-03-12,Asia-Pacific,SMB,Technology,Email,Product,9,5,2,Yes,Top-tier enterprise platform with excellent security features.
RSP-2662,CUST-4386,2025-07-29,Latin America,SMB,Retail,Phone,Delivery,5,2,7,Yes,Billing error was not resolved on time.
RSP-2663,CUST-3963,2025-01-16,Europe,Mid-Market,Finance,Email,Delivery,2,3,7,Yes,Billing error was not resolved on time.
RSP-2664,CUST-2192,2025-01-06,North America,Mid-Market,Technology,In-App,Customer Support,6,2,5,No,No feedback provided
RSP-2665,CUST-1570,2025-02-13,North America,SMB,Finance,Web,Product,7,4,3,Yes,"Acceptable response time, issue was eventually fixed."
RSP-2666,CUST-3578,2025-07-25,North America,Mid-Market,Unknown,Email,Delivery,2,1,4,No,Delivery took twice as long as promised.
RSP-2667,CUST-4555,2025-02-01,North America,SMB,Healthcare,Email,Product,8,4,3,Yes,"Decent features for SMBs, but needs better reporting tools."
RSP-2668,CUST-1303,2025-12-05,Latin America,SMB,Healthcare,Phone,Delivery,3,1,7,No,Delivery took twice as long as promised.
RSP-2669,CUST-1473,2025-11-20,North America,Mid-Market,Retail,Email,Product,9,5,1,Yes,The team went above and beyond to help us with our migration.
RSP-2670,CUST-4434,2025-07-25,North America,SMB,Finance,Email,Customer Support,10,4,1,Yes,No feedback provided
RSP-2671,CUST-3569,2025-06-26,Middle East & Africa,Enterprise,Technology,Phone,Product,9,3,1,Yes,Exceptional customer support! Issue resolved within an hour.
RSP-2672,CUST-3291,2025-09-28,Middle East & Africa,Mid-Market,Healthcare,In-App,Customer Support,7,4,2,Yes,"Average experience, nothing exceptional to report."
RSP-2673,CUST-4309,2025-08-17,Europe,Mid-Market,Technology,Email,Delivery,0,1,14,Yes,Pricing is way too high for the features provided.
RSP-2674,CUST-4622,2025-12-24,North America,Mid-Market,Technology,Web,Customer Support,9,5,1,Yes,Smooth experience from purchase to setup. Very satisfied!
RSP-2676,CUST-1690,2025-01-19,North America,Enterprise,Technology,Web,Product,10,4,1,Yes,Smooth experience from purchase to setup. Very satisfied!
RSP-2677,CUST-4194,2025-03-06,Middle East & Africa,Enterprise,Technology,Web,Delivery,6,1,7,Yes,Platform UI is slow and unintuitive.
RSP-2678,CUST-3325,2025-04-20,Europe,SMB,Finance,Phone,Pricing,2,1,7,Yes,Product keeps crashing after the latest update.
RSP-2679,CUST-5191,2025-10-10,North America,Mid-Market,Healthcare,Web,Quality,7,3,3,Yes,No feedback provided
RSP-2680,CUST-3791,2025-11-22,North America,Mid-Market,Manufacturing,Email,Product,5,2,14,Yes,Delivery took twice as long as promised.
RSP-2681,CUST-1191,2025-01-15,North America,Mid-Market,Finance,Phone,Product,8,4,2,Yes,"Delivery was on time, product packaging was slightly damaged."
RSP-2682,CUST-2977,2025-06-05,Middle East & Africa,Mid-Market,Manufacturing,Email,Customer Support,3,1,7,Yes,Customer service agent was rude and transferred me three times.
RSP-2683,CUST-5139,2025-02-26,Asia-Pacific,Mid-Market,Finance,In-App,Delivery,2,1,5,No,Support response was extremely slow and unhelpful.
RSP-2684,CUST-4055,2025-05-13,North America,Enterprise,Technology,Phone,Product,4,2,10,Yes,Platform UI is slow and unintuitive.
RSP-2685,CUST-3903,2025-03-05,Europe,Enterprise,Manufacturing,Email,Pricing,10,5,1,Yes,Exceptional customer support! Issue resolved within an hour.
RSP-2686,CUST-2021,2025-08-18,North America,SMB,Retail,In-App,Customer Support,8,4,3,Yes,"Delivery was on time, product packaging was slightly damaged."
RSP-2687,CUST-1042,2025-08-21,Europe,SMB,Finance,Web,Quality,6,1,7,Yes,"Issue took over a week to resolve, very frustrating."
RSP-2688,CUST-2934,2025-10-25,North America,Mid-Market,Manufacturing,Email,Customer Support,10,5,1,Yes,Great value for money and outstanding service reliability.
RSP-2689,CUST-3869,2025-06-03,Europe,Enterprise,Manufacturing,Phone,Customer Support,8,3,5,Yes,"Delivery was on time, product packaging was slightly damaged."
RSP-2690,CUST-2146,2025-07-13,North America,SMB,Finance,Phone,Customer Support,3,2,4,Yes,Platform UI is slow and unintuitive.
RSP-2691,CUST-3028,2025-02-23,Europe,SMB,Finance,Email,Quality,7,4,2,Yes,"Acceptable response time, issue was eventually fixed."
RSP-2692,CUST-2577,2025-07-04,Latin America,SMB,Manufacturing,Email,Quality,6,1,7,No,Billing error was not resolved on time.
RSP-2693,CUST-1802,2025-03-17,North America,Enterprise,Technology,Email,Product,5,1,21,No,Customer service agent was rude and transferred me three times.
RSP-2694,CUST-4375,2025-02-11,North America,SMB,Finance,Phone,Delivery,4,1,5,Yes,Product keeps crashing after the latest update.
RSP-2695,CUST-1509,2025-08-06,Europe,SMB,Healthcare,Web,Customer Support,10,5,3,Yes,Super fast delivery and pristine quality. Highly recommended!
RSP-2696,CUST-4901,2025-04-20,Europe,Mid-Market,Technology,In-App,Product,8,4,3,Yes,"Service is okay, expecting more frequent software updates."
RSP-2697,CUST-1639,2025-07-09,Latin America,Mid-Market,Manufacturing,Phone,Product,5,2,4,Yes,Platform UI is slow and unintuitive.
RSP-2698,CUST-4299,2025-10-29,North America,Mid-Market,Finance,Phone,Product,6,1,4,Yes,Platform UI is slow and unintuitive.
RSP-2699,CUST-4234,2025-05-16,Europe,Enterprise,Healthcare,Email,Delivery,5,1,5,No,Frequent downtime impacted our business operations.
RSP-2700,CUST-5086,2025-11-22,North America,Mid-Market,Healthcare,Email,Customer Support,8,4,3,Yes,"Decent features for SMBs, but needs better reporting tools."
RSP-2701,CUST-4605,2025-12-19,Middle East & Africa,Mid-Market,Retail,Email,Customer Support,5,1,7,No,Billing error was not resolved on time.
RSP-2702,CUST-4415,2025-03-25,Europe,Mid-Market,Healthcare,Phone,Product,7,4,3,Yes,"Average experience, nothing exceptional to report."
RSP-2703,CUST-5143,2025-03-07,North America,Mid-Market,Healthcare,Phone,Product,7,4,4,Yes,"Service is okay, expecting more frequent software updates."
RSP-2704,CUST-4749,2025-03-08,North America,Mid-Market,Technology,Email,Product,9,5,1,Yes,Fantastic product! Has significantly improved our team productivity.
RSP-2705,CUST-2741,2025-08-22,North America,Mid-Market,Finance,Phone,Quality,4,2,5,No,Billing error was not resolved on time.
RSP-2706,CUST-1267,2025-03-22,Europe,SMB,Technology,Web,Customer Support,4,1,10,Yes,Platform UI is slow and unintuitive.
RSP-2707,CUST-4025,2025-03-02,North America,SMB,Finance,Email,Customer Support,8,4,4,Yes,"Decent features for SMBs, but needs better reporting tools."
RSP-2708,CUST-1903,2025-03-03,North America,Mid-Market,Technology,Email,Customer Support,0,2,10,Yes,"Issue took over a week to resolve, very frustrating."
RSP-2709,CUST-3372,2025-01-21,North America,SMB,Manufacturing,Web,Customer Support,5,1,7,Yes,Platform UI is slow and unintuitive.
RSP-2710,CUST-2255,2025-03-02,Asia-Pacific,Mid-Market,Healthcare,Web,Quality,7,5,5,No,"Acceptable response time, issue was eventually fixed."
RSP-2711,CUST-3497,2025-07-11,Asia-Pacific,SMB,Finance,Email,Product,0,1,5,Yes,Quality has visibly degraded over the last few months.
RSP-2712,CUST-3408,2025-09-06,Latin America,SMB,Technology,Email,Quality,9,5,3,No,Exceptional customer support! Issue resolved within an hour.
RSP-2713,CUST-2170,2025-03-14,Europe,Mid-Market,Finance,Email,Quality,7,4,2,Yes,"Decent features for SMBs, but needs better reporting tools."
RSP-2714,CUST-1398,2025-06-06,Europe,SMB,Technology,In-App,Quality,8,4,3,Yes,"Delivery was on time, product packaging was slightly damaged."
RSP-2715,CUST-2766,2025-04-04,North America,SMB,Finance,Email,Customer Support,7,3,3,Yes,"Service is okay, expecting more frequent software updates."
RSP-2716,CUST-1017,2025-03-04,North America,Mid-Market,Finance,Email,Delivery,2,1,4,Yes,Platform UI is slow and unintuitive.
RSP-2717,CUST-3856,2025-02-04,North America,SMB,Healthcare,Email,Product,6,2,5,Yes,Support response was extremely slow and unhelpful.
RSP-2718,CUST-4420,2025-09-04,Europe,Mid-Market,Technology,Phone,Delivery,0,2,10,Yes,Frequent downtime impacted our business operations.
RSP-2719,CUST-3537,2025-10-17,North America,Mid-Market,Healthcare,Web,Customer Support,2,2,7,Yes,Billing error was not resolved on time.
RSP-2720,CUST-3767,2025-07-13,Latin America,SMB,Technology,In-App,Delivery,7,4,3,Yes,"Service is okay, expecting more frequent software updates."
RSP-2721,CUST-2087,2025-03-12,Latin America,Enterprise,Technology,Email,Quality,10,5,2,Yes,Best customer service team in the industry. Kudos!
RSP-2722,CUST-4685,2025-12-08,Middle East & Africa,Mid-Market,Technology,Email,Product,4,2,5,No,Billing error was not resolved on time.
RSP-2723,CUST-2220,2025-06-16,Europe,Mid-Market,Technology,In-App,Customer Support,10,3,1,Yes,Fantastic product! Has significantly improved our team productivity.
RSP-2724,CUST-4355,2025-07-18,Asia-Pacific,SMB,Finance,Email,Customer Support,6,1,7,Yes,Pricing is way too high for the features provided.
RSP-2725,CUST-4239,2025-06-23,Europe,SMB,Retail,In-App,Quality,5,2,14,No,Platform UI is slow and unintuitive.
RSP-2726,CUST-1375,2025-12-10,Asia-Pacific,Enterprise,Technology,Email,Pricing,4,3,7,No,Billing error was not resolved on time.
RSP-2727,CUST-3272,2025-11-27,North America,Enterprise,Healthcare,Phone,Product,9,5,2,Yes,Fantastic product! Has significantly improved our team productivity.
RSP-2728,CUST-2356,2025-12-29,Europe,Mid-Market,Retail,Email,Customer Support,10,4,1,Yes,Exceptional customer support! Issue resolved within an hour.
RSP-2729,CUST-3530,2025-10-15,Europe,Mid-Market,Healthcare,Email,Product,7,4,3,Yes,"Support resolved the issue, but communication could be better."
RSP-2730,CUST-1697,2025-04-09,Latin America,Mid-Market,Finance,Web,Product,7,5,5,Yes,"Product works fine, but missing key integrations."
RSP-2731,CUST-2551,2025-09-01,North America,Mid-Market,Healthcare,Phone,Customer Support,10,5,2,Yes,Exceptional customer support! Issue resolved within an hour.
RSP-2732,CUST-1985,2025-12-04,North America,Mid-Market,Technology,Email,Quality,4,2,5,Yes,Platform UI is slow and unintuitive.
RSP-2733,CUST-2472,2025-01-10,Europe,SMB,Healthcare,Phone,Pricing,7,3,4,Yes,"Delivery was on time, product packaging was slightly damaged."
RSP-2734,CUST-2685,2025-05-06,Asia-Pacific,Mid-Market,Technology,Phone,Delivery,5,3,14,Yes,Frequent downtime impacted our business operations.
RSP-2735,CUST-4639,2025-02-13,Europe,Mid-Market,Healthcare,In-App,Customer Support,6,2,7,Yes,Platform UI is slow and unintuitive.
RSP-2736,CUST-3624,2025-07-25,Europe,Enterprise,Technology,Email,Delivery,0,2,5,No,Frequent downtime impacted our business operations.
RSP-2737,CUST-1368,2025-09-09,North America,Enterprise,Healthcare,Email,Pricing,0,1,14,Yes,Support response was extremely slow and unhelpful.
RSP-2738,CUST-3784,2025-08-12,North America,Mid-Market,Healthcare,Email,Delivery,8,5,2,Yes,"Average experience, nothing exceptional to report."
RSP-2739,CUST-4399,2025-01-13,North America,Mid-Market,Healthcare,Web,Customer Support,3,2,4,Yes,Platform UI is slow and unintuitive.
RSP-2740,CUST-3599,2025-07-15,North America,Enterprise,Finance,Phone,Product,10,5,1,Yes,The team went above and beyond to help us with our migration.
RSP-2741,CUST-1745,2025-02-28,Europe,SMB,Finance,In-App,Delivery,4,2,7,Yes,Product keeps crashing after the latest update.
RSP-2742,CUST-2377,2025-05-27,Latin America,Enterprise,Healthcare,Phone,Customer Support,6,1,7,No,Delivery took twice as long as promised.
RSP-2743,CUST-2496,2025-05-11,Asia-Pacific,SMB,Technology,In-App,Quality,4,1,5,Yes,Product keeps crashing after the latest update.
RSP-2744,CUST-2263,2025-06-07,Asia-Pacific,SMB,Retail,Email,Customer Support,6,1,7,Yes,Customer service agent was rude and transferred me three times.
RSP-2745,CUST-2386,2025-01-31,Europe,Mid-Market,Retail,Email,Quality,10,5,2,Yes,Smooth experience from purchase to setup. Very satisfied!
RSP-2746,CUST-2486,2025-01-14,Europe,SMB,Finance,Phone,Quality,6,1,7,Yes,Support response was extremely slow and unhelpful.
RSP-2747,CUST-3441,2025-07-19,North America,Enterprise,Healthcare,Web,Customer Support,0,2,5,Yes,Product keeps crashing after the latest update.
RSP-2748,CUST-3621,2025-03-14,Europe,SMB,Technology,Web,Quality,10,4,1,Yes,Top-tier enterprise platform with excellent security features.
RSP-2749,CUST-3655,2025-05-13,Europe,Enterprise,Retail,Email,Delivery,5,3,7,Yes,Customer service agent was rude and transferred me three times.
RSP-2750,CUST-1990,2025-01-27,North America,Enterprise,Finance,Web,Customer Support,1,2,7,No,Pricing is way too high for the features provided.
RSP-2751,CUST-2962,2025-11-02,Europe,Mid-Market,Healthcare,Email,Customer Support,9,5,1,Yes,Great value for money and outstanding service reliability.
RSP-2752,CUST-5038,2025-09-18,Latin America,Enterprise,Technology,Email,Delivery,6,3,4,No,Platform UI is slow and unintuitive.
RSP-2753,CUST-4154,2025-02-28,North America,SMB,Technology,Email,Delivery,1,1,7,No,Quality has visibly degraded over the last few months.
RSP-2754,CUST-1496,2025-06-12,Europe,Mid-Market,Healthcare,Phone,Customer Support,9,4,1,Yes,Best customer service team in the industry. Kudos!
RSP-2755,CUST-4334,2025-02-03,Europe,SMB,Healthcare,Email,Product,5,2,7,No,Billing error was not resolved on time.
RSP-2756,CUST-1236,2025-07-28,Europe,SMB,Manufacturing,Phone,Quality,6,3,10,No,Pricing is way too high for the features provided.
RSP-2757,CUST-1152,2025-05-18,Europe,SMB,Healthcare,Email,Delivery,8,3,3,Yes,"Support resolved the issue, but communication could be better."
RSP-2758,CUST-3017,2025-10-12,North America,SMB,Retail,Phone,Product,7,4,3,Yes,"Average experience, nothing exceptional to report."
RSP-2759,CUST-3495,2025-10-18,Europe,Mid-Market,Finance,Email,Delivery,0,3,7,Yes,Customer service agent was rude and transferred me three times.
RSP-2760,CUST-4653,2025-02-12,Europe,SMB,Retail,Web,Product,9,5,1,Yes,Great value for money and outstanding service reliability.
RSP-2761,CUST-2166,2025-07-11,North America,Enterprise,Retail,Phone,Product,7,5,2,Yes,"Average experience, nothing exceptional to report."
RSP-2762,CUST-3008,2025-10-03,North America,SMB,Manufacturing,Phone,Customer Support,7,3,4,Yes,"Decent features for SMBs, but needs better reporting tools."
RSP-2763,CUST-4700,2025-01-22,Europe,Mid-Market,Technology,Phone,Customer Support,9,5,1,Yes,Exceptional customer support! Issue resolved within an hour.
RSP-2764,CUST-4806,2025-11-14,Middle East & Africa,Enterprise,Manufacturing,Web,Quality,1,1,4,Yes,Quality has visibly degraded over the last few months.
RSP-2765,CUST-2371,2025-01-01,Middle East & Africa,Enterprise,Finance,Email,Customer Support,5,1,5,No,Support response was extremely slow and unhelpful.
RSP-2766,CUST-4950,2025-05-20,North America,Enterprise,Technology,In-App,Customer Support,9,5,1,Yes,The team went above and beyond to help us with our migration.
RSP-2767,CUST-4114,2025-06-29,North America,Mid-Market,Finance,Phone,Product,1,2,10,Yes,Pricing is way too high for the features provided.
RSP-2768,CUST-5180,2025-05-25,North America,SMB,Finance,In-App,Product,8,3,3,Yes,"Product works fine, but missing key integrations."
RSP-2769,CUST-2322,2025-10-01,North America,Enterprise,Finance,Phone,Customer Support,10,5,1,No,Fantastic product! Has significantly improved our team productivity.
RSP-2770,CUST-3462,2025-02-15,Europe,Enterprise,Manufacturing,Email,Customer Support,6,2,7,Yes,Customer service agent was rude and transferred me three times.
RSP-2771,CUST-2007,2025-03-13,Europe,SMB,Technology,Email,Product,9,5,2,Yes,The team went above and beyond to help us with our migration.
RSP-2772,CUST-4538,2025-04-18,North America,Enterprise,Technology,Phone,Pricing,3,3,4,No,Frequent downtime impacted our business operations.
RSP-2773,CUST-5135,2025-06-12,North America,SMB,Technology,In-App,Product,6,2,5,No,"Issue took over a week to resolve, very frustrating."
RSP-2774,CUST-3141,2025-12-29,Middle East & Africa,Mid-Market,Finance,Email,Customer Support,7,5,3,Yes,"Service is okay, expecting more frequent software updates."
RSP-2775,CUST-3236,2025-05-06,North America,Mid-Market,Healthcare,Email,Product,1,2,4,No,"Issue took over a week to resolve, very frustrating."
RSP-2776,CUST-3798,2025-04-18,North America,Enterprise,Finance,Phone,Delivery,5,1,7,Yes,Billing error was not resolved on time.
RSP-2777,CUST-3690,2025-01-09,North America,SMB,Finance,Email,Quality,10,5,1,Yes,Super fast delivery and pristine quality. Highly recommended!
RSP-2778,CUST-1016,2025-11-08,North America,Enterprise,Technology,Web,Pricing,6,3,4,Yes,Billing error was not resolved on time.
RSP-2779,CUST-1035,2025-01-05,Europe,SMB,Healthcare,Email,Product,5,1,4,No,Delivery took twice as long as promised.
RSP-2780,CUST-4384,2025-10-12,Europe,Mid-Market,Technology,Email,Customer Support,10,5,2,Yes,Best customer service team in the industry. Kudos!
RSP-2781,CUST-4217,2025-10-03,North America,Enterprise,Finance,Phone,Product,7,4,5,Yes,"Support resolved the issue, but communication could be better."
RSP-2782,CUST-1635,2025-10-03,North America,Mid-Market,Finance,Phone,Pricing,7,4,2,Yes,"Product works fine, but missing key integrations."
RSP-2783,CUST-4646,2025-12-11,Asia-Pacific,SMB,Manufacturing,Phone,Customer Support,0,1,4,Yes,Product keeps crashing after the latest update.
RSP-2784,CUST-3891,2025-07-12,Europe,Mid-Market,Finance,Phone,Customer Support,7,4,5,Yes,"Acceptable response time, issue was eventually fixed."
RSP-2785,CUST-4168,2025-04-01,Latin America,Mid-Market,Healthcare,Email,Product,7,3,2,Yes,"Product works fine, but missing key integrations."
RSP-2786,CUST-2022,2025-08-25,North America,Mid-Market,Manufacturing,Web,Delivery,2,1,21,Yes,"Issue took over a week to resolve, very frustrating."
RSP-2787,CUST-2580,2025-08-16,Asia-Pacific,Mid-Market,Manufacturing,Email,Delivery,6,3,21,No,Support response was extremely slow and unhelpful.
RSP-2788,CUST-2814,2025-01-11,Asia-Pacific,Mid-Market,Finance,Web,Delivery,6,2,7,No,Quality has visibly degraded over the last few months.
RSP-2789,CUST-3931,2025-04-09,North America,Enterprise,Healthcare,Email,Delivery,9,5,2,Yes,Fantastic product! Has significantly improved our team productivity.
RSP-2790,CUST-3483,2025-04-24,Latin America,Mid-Market,Technology,Phone,Pricing,0,2,14,Yes,Pricing is way too high for the features provided.
RSP-2791,CUST-5045,2025-07-05,Europe,Mid-Market,Technology,Phone,Product,9,4,1,Yes,Exceptional customer support! Issue resolved within an hour.
RSP-2792,CUST-3299,2025-09-10,North America,Mid-Market,Retail,In-App,Quality,7,5,5,Yes,"Pricing is fair, but onboarding was slightly confusing."
RSP-2793,CUST-1058,2025-04-11,North America,Enterprise,Healthcare,In-App,Customer Support,9,4,1,Yes,Top-tier enterprise platform with excellent security features.
RSP-2794,CUST-1908,2025-05-23,Middle East & Africa,Mid-Market,Retail,Email,Customer Support,8,5,2,Yes,"Service is okay, expecting more frequent software updates."
RSP-2795,CUST-2396,2025-10-10,North America,SMB,Technology,Email,Customer Support,8,4,5,Yes,"Pricing is fair, but onboarding was slightly confusing."
RSP-2796,CUST-2437,2025-02-03,Latin America,SMB,Technology,In-App,Customer Support,7,4,3,Yes,"Average experience, nothing exceptional to report."
RSP-2797,CUST-1532,2025-03-07,Asia-Pacific,SMB,Finance,Email,Pricing,0,1,5,Yes,Quality has visibly degraded over the last few months.
RSP-2798,CUST-2867,2025-09-25,Europe,Mid-Market,Retail,In-App,Quality,6,2,10,Yes,Quality has visibly degraded over the last few months.
RSP-2799,CUST-2571,2025-12-14,Asia-Pacific,Mid-Market,Healthcare,Phone,Customer Support,9,5,1,Yes,Exceptional customer support! Issue resolved within an hour.
RSP-2800,CUST-3071,2025-12-15,Middle East & Africa,Enterprise,Technology,Web,Delivery,0,1,10,No,Platform UI is slow and unintuitive.
RSP-2801,CUST-4718,2025-01-02,Europe,Mid-Market,Finance,Email,Customer Support,0,2,5,No,Customer service agent was rude and transferred me three times.
RSP-2802,CUST-1424,2025-06-15,Europe,Mid-Market,Technology,Email,Customer Support,2,1,7,No,Customer service agent was rude and transferred me three times.
RSP-2803,CUST-4333,2025-05-21,North America,Mid-Market,Manufacturing,In-App,Delivery,7,4,5,Yes,"Support resolved the issue, but communication could be better."
RSP-2804,CUST-4822,2025-09-11,Asia-Pacific,SMB,Healthcare,Web,Product,3,1,14,Yes,"Issue took over a week to resolve, very frustrating."
RSP-2805,CUST-1356,2025-04-25,Europe,Mid-Market,Technology,Email,Customer Support,10,4,1,Yes,Exceptional customer support! Issue resolved within an hour.
RSP-2806,CUST-3276,2025-08-04,North America,Mid-Market,Healthcare,Email,Product,9,5,1,Yes,Best customer service team in the industry. Kudos!
RSP-2807,CUST-3590,2025-01-03,North America,SMB,Finance,Web,Product,8,4,2,Yes,"Decent features for SMBs, but needs better reporting tools."
RSP-2808,CUST-2594,2025-06-21,Europe,SMB,Technology,Phone,Product,4,2,5,Yes,Product keeps crashing after the latest update.
RSP-2809,CUST-1207,2025-04-26,North America,Mid-Market,Healthcare,In-App,Delivery,7,4,3,Yes,"Decent features for SMBs, but needs better reporting tools."
RSP-2810,CUST-1609,2025-05-08,North America,Mid-Market,Technology,Email,Product,9,5,1,Yes,Great value for money and outstanding service reliability.
RSP-2811,CUST-2347,2025-06-18,North America,Enterprise,Retail,Phone,Product,6,2,5,Yes,Quality has visibly degraded over the last few months.
RSP-2812,CUST-1514,2025-11-17,Europe,Mid-Market,Healthcare,In-App,Product,9,4,1,Yes,Fantastic product! Has significantly improved our team productivity.
RSP-2813,CUST-1228,2025-09-03,Europe,SMB,Retail,Email,Customer Support,10,5,1,Yes,Top-tier enterprise platform with excellent security features.
RSP-2814,CUST-1196,2025-10-31,North America,Enterprise,Healthcare,Email,Product,7,4,3,Yes,"Acceptable response time, issue was eventually fixed."
RSP-2815,CUST-3051,2025-05-07,North America,Enterprise,Technology,Phone,Product,9,5,3,Yes,Fantastic product! Has significantly improved our team productivity.
RSP-2816,CUST-4879,2025-05-03,Europe,SMB,Finance,Phone,Pricing,4,2,5,No,"Issue took over a week to resolve, very frustrating."
RSP-2817,CUST-1445,2025-06-20,North America,Mid-Market,Finance,Email,Product,6,2,14,No,Platform UI is slow and unintuitive.
RSP-2818,CUST-2939,2025-02-07,Asia-Pacific,Mid-Market,Technology,Email,Customer Support,6,1,7,No,Frequent downtime impacted our business operations.
RSP-2819,CUST-4592,2025-02-18,North America,SMB,Finance,Web,Pricing,3,2,14,Yes,Billing error was not resolved on time.
RSP-2820,CUST-2022,2025-02-13,Asia-Pacific,Mid-Market,Finance,Email,Pricing,7,5,3,Yes,"Product works fine, but missing key integrations."
RSP-2821,CUST-1273,2025-07-13,North America,SMB,Healthcare,Email,Customer Support,7,4,3,Yes,"Acceptable response time, issue was eventually fixed."
RSP-2822,CUST-1532,2025-03-07,Asia-Pacific,Enterprise,Technology,Phone,Pricing,3,1,7,Yes,Support response was extremely slow and unhelpful.
RSP-2823,CUST-4620,2025-01-29,Middle East & Africa,SMB,Healthcare,Phone,Product,9,5,1,Yes,The team went above and beyond to help us with our migration.
RSP-2824,CUST-4537,2025-02-03,Latin America,Mid-Market,Finance,Email,Delivery,7,4,3,Yes,"Support resolved the issue, but communication could be better."
RSP-2825,CUST-1457,2025-10-14,Europe,SMB,Finance,In-App,Pricing,9,5,1,Yes,Exceptional customer support! Issue resolved within an hour.
RSP-2826,CUST-3415,2025-07-15,North America,Enterprise,Technology,Email,Customer Support,7,3,3,Yes,"Decent features for SMBs, but needs better reporting tools."
RSP-2827,CUST-1785,2025-11-13,Asia-Pacific,Mid-Market,Unknown,Email,Delivery,5,2,5,Yes,Customer service agent was rude and transferred me three times.
RSP-2828,CUST-2909,2025-11-03,North America,SMB,Technology,Web,Customer Support,0,3,10,No,Frequent downtime impacted our business operations.
RSP-2829,CUST-1086,2025-08-21,Europe,Mid-Market,Technology,Email,Quality,9,4,2,Yes,Top-tier enterprise platform with excellent security features.
RSP-2830,CUST-4802,2025-08-08,North America,Mid-Market,Healthcare,Web,Quality,1,2,10,No,Frequent downtime impacted our business operations.
RSP-2831,CUST-1829,2025-06-23,North America,Mid-Market,Retail,Email,Delivery,7,3,4,Yes,"Product works fine, but missing key integrations."
RSP-2832,CUST-4719,2025-09-22,North America,Enterprise,Technology,Email,Customer Support,5,3,7,Yes,"Issue took over a week to resolve, very frustrating."
RSP-2833,CUST-2576,2025-02-25,Europe,Mid-Market,Healthcare,Email,Quality,6,1,7,Yes,Product keeps crashing after the latest update.
RSP-2834,CUST-1100,2025-11-01,North America,SMB,Finance,Phone,Delivery,10,5,1,Yes,Fantastic product! Has significantly improved our team productivity.
RSP-2835,CUST-2586,2025-10-21,Asia-Pacific,Enterprise,Technology,Web,Delivery,3,2,10,Yes,Delivery took twice as long as promised.
RSP-2836,CUST-5168,2025-05-12,North America,SMB,Finance,Email,Quality,7,3,2,Yes,"Acceptable response time, issue was eventually fixed."
RSP-2837,CUST-4448,2025-09-04,Asia-Pacific,Enterprise,Technology,In-App,Product,8,3,3,Yes,"Service is okay, expecting more frequent software updates."
RSP-2838,CUST-2523,2025-05-05,North America,Mid-Market,Finance,Web,Customer Support,8,4,3,Yes,"Average experience, nothing exceptional to report."
RSP-2839,CUST-1361,2025-01-31,Europe,Mid-Market,Technology,Email,Product,10,5,1,Yes,Super fast delivery and pristine quality. Highly recommended!
RSP-2840,CUST-3553,2025-10-27,North America,SMB,Retail,Email,Quality,6,1,10,Yes,Customer service agent was rude and transferred me three times.
RSP-2841,CUST-3930,2025-06-09,Asia-Pacific,Enterprise,Technology,Email,Delivery,5,1,5,Yes,Frequent downtime impacted our business operations.
RSP-2843,CUST-3528,2025-11-05,Europe,SMB,Technology,Web,Product,9,5,3,Yes,Smooth experience from purchase to setup. Very satisfied!
RSP-2844,CUST-3384,2025-07-08,North America,Enterprise,Healthcare,In-App,Quality,8,4,4,Yes,"Product works fine, but missing key integrations."
RSP-2845,CUST-2184,2025-01-30,North America,SMB,Technology,Email,Product,8,4,2,Yes,"Pricing is fair, but onboarding was slightly confusing."
RSP-2846,CUST-5154,2025-10-14,Asia-Pacific,SMB,Finance,Web,Customer Support,6,1,7,Yes,Support response was extremely slow and unhelpful.
RSP-2847,CUST-4457,2025-06-26,North America,Mid-Market,Technology,Email,Delivery,7,4,3,Yes,"Pricing is fair, but onboarding was slightly confusing."
RSP-2848,CUST-2641,2025-11-24,North America,Enterprise,Technology,Web,Delivery,7,4,2,Yes,"Pricing is fair, but onboarding was slightly confusing."
RSP-2849,CUST-1560,2025-06-24,Europe,Mid-Market,Healthcare,In-App,Quality,9,4,1,Yes,Great value for money and outstanding service reliability.
RSP-2850,CUST-4897,2025-12-22,North America,Mid-Market,Finance,Phone,Pricing,9,4,2,Yes,Best customer service team in the industry. Kudos!
RSP-2851,CUST-3712,2025-10-24,Europe,SMB,Technology,In-App,Customer Support,10,5,1,Yes,Smooth experience from purchase to setup. Very satisfied!
RSP-2852,CUST-3454,2025-08-03,North America,Mid-Market,Technology,Web,Product,10,5,1,Yes,Smooth experience from purchase to setup. Very satisfied!
RSP-2854,CUST-1345,2025-09-11,North America,SMB,Manufacturing,Phone,Product,4,1,5,Yes,Pricing is way too high for the features provided.
RSP-2855,CUST-1030,2025-11-24,Europe,Mid-Market,Technology,Email,Quality,6,3,7,Yes,Pricing is way too high for the features provided.
RSP-2856,CUST-2886,2025-08-27,North America,Mid-Market,Healthcare,Phone,Customer Support,9,4,2,Yes,Great value for money and outstanding service reliability.
RSP-2857,CUST-2958,2025-09-04,North America,Mid-Market,Finance,Email,Delivery,3,1,4,Yes,"Issue took over a week to resolve, very frustrating."
RSP-2858,CUST-4079,2025-04-16,North America,Mid-Market,Retail,Email,Delivery,3,2,4,Yes,Customer service agent was rude and transferred me three times.
RSP-2859,CUST-2509,2025-01-04,North America,SMB,Finance,Email,Product,4,1,10,Yes,"Issue took over a week to resolve, very frustrating."
RSP-2860,CUST-1081,2025-02-07,Europe,Mid-Market,Finance,Email,Delivery,6,1,7,No,"Issue took over a week to resolve, very frustrating."
RSP-2861,CUST-1245,2025-10-12,North America,SMB,Technology,Email,Customer Support,8,3,4,No,"Support resolved the issue, but communication could be better."
RSP-2862,CUST-2166,2025-05-29,North America,SMB,Finance,In-App,Product,9,4,2,Yes,Best customer service team in the industry. Kudos!
RSP-2863,CUST-2592,2025-11-20,North America,Enterprise,Retail,Phone,Delivery,4,2,5,Yes,Frequent downtime impacted our business operations.
RSP-2864,CUST-3948,2025-01-23,Latin America,Mid-Market,Technology,Email,Quality,3,2,14,Yes,Support response was extremely slow and unhelpful.
RSP-2865,CUST-2631,2025-04-12,Asia-Pacific,Mid-Market,Finance,Email,Customer Support,6,1,14,Yes,Quality has visibly degraded over the last few months.
RSP-2866,CUST-2426,2025-04-23,Asia-Pacific,Enterprise,Healthcare,Web,Product,10,5,1,Yes,The team went above and beyond to help us with our migration.
RSP-2867,CUST-2427,2025-06-23,North America,Mid-Market,Finance,Email,Product,9,5,1,Yes,Great value for money and outstanding service reliability.
RSP-2868,CUST-2462,2025-04-11,Asia-Pacific,Mid-Market,Unknown,In-App,Product,8,5,3,No,"Product works fine, but missing key integrations."
RSP-2869,CUST-2442,2025-05-15,North America,Mid-Market,Retail,Email,Customer Support,4,2,7,Yes,Product keeps crashing after the latest update.
RSP-2870,CUST-1171,2025-12-13,Europe,Mid-Market,Technology,Phone,Customer Support,5,2,5,Yes,Delivery took twice as long as promised.
RSP-2871,CUST-4104,2025-12-02,Europe,Mid-Market,Manufacturing,Email,Delivery,0,2,5,No,Product keeps crashing after the latest update.
RSP-2872,CUST-3772,2025-04-18,North America,SMB,Healthcare,In-App,Product,8,4,3,Yes,"Delivery was on time, product packaging was slightly damaged."
RSP-2873,CUST-4737,2025-05-03,Middle East & Africa,Mid-Market,Technology,Phone,Customer Support,9,5,1,Yes,Smooth experience from purchase to setup. Very satisfied!
RSP-2874,CUST-4050,2025-12-05,North America,SMB,Retail,Phone,Product,10,4,1,Yes,Super fast delivery and pristine quality. Highly recommended!
RSP-2875,CUST-4553,2025-12-31,North America,SMB,Finance,In-App,Product,8,5,4,Yes,"Support resolved the issue, but communication could be better."
RSP-2876,CUST-1970,2025-03-15,North America,SMB,Technology,Phone,Customer Support,8,4,3,Yes,"Average experience, nothing exceptional to report."
RSP-2877,CUST-2553,2025-04-09,Europe,Mid-Market,Technology,Email,Product,7,5,2,Yes,"Decent features for SMBs, but needs better reporting tools."
RSP-2878,CUST-4065,2025-06-12,Asia-Pacific,Enterprise,Manufacturing,Email,Quality,0,1,5,Yes,Frequent downtime impacted our business operations.
RSP-2879,CUST-4518,2025-11-22,Asia-Pacific,Enterprise,Finance,Email,Quality,8,4,2,Yes,"Pricing is fair, but onboarding was slightly confusing."
RSP-2880,CUST-1378,2025-11-12,North America,Enterprise,Finance,In-App,Quality,7,4,5,Yes,"Pricing is fair, but onboarding was slightly confusing."
RSP-2881,CUST-3409,2025-03-18,Europe,SMB,Technology,Email,Customer Support,2,1,5,Yes,"Issue took over a week to resolve, very frustrating."
RSP-2882,CUST-3024,2025-01-28,Middle East & Africa,Enterprise,Healthcare,Email,Customer Support,9,5,1,Yes,The team went above and beyond to help us with our migration.
RSP-2883,CUST-2035,2025-09-18,Europe,Enterprise,Healthcare,Phone,Pricing,8,4,4,Yes,"Service is okay, expecting more frequent software updates."
RSP-2884,CUST-2714,2025-02-11,Latin America,Enterprise,Healthcare,Web,Customer Support,4,1,5,Yes,Billing error was not resolved on time.
RSP-2885,CUST-1531,2025-03-27,North America,Mid-Market,Retail,Web,Quality,9,5,1,Yes,Top-tier enterprise platform with excellent security features.
RSP-2886,CUST-5171,2025-07-11,Latin America,Enterprise,Finance,Email,Pricing,4,2,5,Yes,Billing error was not resolved on time.
RSP-2887,CUST-4803,2025-04-02,Europe,SMB,Healthcare,In-App,Quality,8,4,3,Yes,"Acceptable response time, issue was eventually fixed."
RSP-2888,CUST-4062,2025-09-27,Middle East & Africa,SMB,Finance,Email,Product,10,4,2,Yes,Best customer service team in the industry. Kudos!
RSP-2889,CUST-5053,2025-08-31,Europe,SMB,Technology,Email,Pricing,6,2,10,Yes,Quality has visibly degraded over the last few months.
RSP-2890,CUST-4284,2025-11-23,North America,Mid-Market,Healthcare,Email,Quality,0,2,4,Yes,Frequent downtime impacted our business operations.
RSP-2891,CUST-1299,2025-04-17,Europe,SMB,Technology,Phone,Customer Support,5,2,14,Yes,Pricing is way too high for the features provided.
RSP-2892,CUST-2662,2025-08-20,North America,Mid-Market,Finance,Email,Product,4,1,5,Yes,Pricing is way too high for the features provided.
RSP-2893,CUST-4243,2025-04-22,North America,SMB,Finance,Web,Customer Support,2,2,10,Yes,Quality has visibly degraded over the last few months.
RSP-2894,CUST-4481,2025-07-13,North America,Mid-Market,Healthcare,Email,Product,6,2,5,Yes,Frequent downtime impacted our business operations.
RSP-2895,CUST-2287,2025-07-11,Europe,Mid-Market,Technology,Phone,Product,7,4,2,Yes,"Delivery was on time, product packaging was slightly damaged."
RSP-2896,CUST-1694,2025-03-10,North America,Enterprise,Technology,In-App,Delivery,4,2,7,No,Product keeps crashing after the latest update.
RSP-2897,CUST-3417,2025-08-16,Asia-Pacific,SMB,Manufacturing,Email,Customer Support,10,5,3,Yes,Smooth experience from purchase to setup. Very satisfied!
RSP-2898,CUST-2885,2025-10-26,Europe,SMB,Healthcare,Web,Product,9,5,1,Yes,Exceptional customer support! Issue resolved within an hour.
RSP-2899,CUST-4811,2025-09-20,North America,SMB,Finance,Email,Product,9,5,1,Yes,Smooth experience from purchase to setup. Very satisfied!
RSP-2900,CUST-4490,2025-08-19,Asia-Pacific,Mid-Market,Manufacturing,Phone,Customer Support,8,5,3,Yes,"Service is okay, expecting more frequent software updates."
RSP-2901,CUST-4543,2025-07-29,North America,SMB,Healthcare,Email,Customer Support,3,1,5,Yes,"Issue took over a week to resolve, very frustrating."
RSP-2902,CUST-5075,2025-06-12,Asia-Pacific,SMB,Manufacturing,Email,Customer Support,2,1,4,Yes,Quality has visibly degraded over the last few months.
RSP-2903,CUST-4132,2025-01-13,North America,Mid-Market,Finance,Email,Customer Support,7,3,2,Yes,"Average experience, nothing exceptional to report."
RSP-2904,CUST-4618,2025-04-30,North America,Mid-Market,Retail,Email,Delivery,7,3,2,Yes,"Delivery was on time, product packaging was slightly damaged."
RSP-2905,CUST-1621,2025-07-03,Europe,Mid-Market,Finance,Email,Delivery,2,2,14,Yes,Product keeps crashing after the latest update.
RSP-2906,CUST-3412,2025-09-14,North America,Mid-Market,Technology,Email,Customer Support,10,5,1,Yes,Fantastic product! Has significantly improved our team productivity.
RSP-2907,CUST-3264,2025-04-27,North America,Enterprise,Finance,Email,Pricing,5,2,5,No,Product keeps crashing after the latest update.
RSP-2908,CUST-1971,2025-02-06,Europe,Mid-Market,Technology,In-App,Product,7,4,2,Yes,"Acceptable response time, issue was eventually fixed."
RSP-2909,CUST-1313,2025-10-07,North America,Mid-Market,Healthcare,Web,Customer Support,5,2,10,Yes,Pricing is way too high for the features provided.
RSP-2910,CUST-3734,2025-04-11,Europe,SMB,Technology,Web,Product,8,3,4,Yes,"Acceptable response time, issue was eventually fixed."
RSP-2911,CUST-3048,2025-06-04,Europe,SMB,Retail,Web,Product,10,5,1,Yes,The team went above and beyond to help us with our migration.
RSP-2912,CUST-2561,2025-12-28,North America,Enterprise,Healthcare,Web,Delivery,6,2,7,No,Frequent downtime impacted our business operations.
RSP-2913,CUST-2129,2025-10-06,North America,Mid-Market,Retail,Phone,Delivery,0,2,5,Yes,Quality has visibly degraded over the last few months.
RSP-2914,CUST-1069,2025-06-03,North America,Mid-Market,Finance,Web,Delivery,6,2,5,Yes,Quality has visibly degraded over the last few months.
RSP-2915,CUST-3839,2025-07-26,Latin America,Mid-Market,Finance,Email,Quality,7,4,5,No,"Decent features for SMBs, but needs better reporting tools."
RSP-2916,CUST-1097,2025-08-30,Asia-Pacific,Enterprise,Retail,Email,Quality,4,2,4,No,Platform UI is slow and unintuitive.
RSP-2917,CUST-2222,2025-07-23,North America,Mid-Market,Retail,Web,Product,7,3,3,No,"Pricing is fair, but onboarding was slightly confusing."
RSP-2918,CUST-2858,2025-04-18,Europe,Enterprise,Healthcare,In-App,Product,8,4,4,Yes,"Service is okay, expecting more frequent software updates."
RSP-2919,CUST-2914,2025-09-22,North America,Mid-Market,Healthcare,Email,Product,8,3,4,Yes,"Service is okay, expecting more frequent software updates."
RSP-2920,CUST-4779,2025-06-24,North America,Mid-Market,Technology,Phone,Delivery,7,5,4,Yes,"Support resolved the issue, but communication could be better."
RSP-2921,CUST-3564,2025-04-07,Latin America,Mid-Market,Healthcare,Phone,Product,10,5,1,Yes,Top-tier enterprise platform with excellent security features.
RSP-2922,CUST-4421,2025-04-18,Asia-Pacific,SMB,Technology,Web,Customer Support,8,4,3,Yes,"Service is okay, expecting more frequent software updates."
RSP-2923,CUST-4686,2025-10-13,Europe,Mid-Market,Healthcare,Web,Product,6,1,4,Yes,Support response was extremely slow and unhelpful.
RSP-2924,CUST-4069,2025-03-13,Middle East & Africa,Mid-Market,Finance,Email,Customer Support,10,5,2,No,Super fast delivery and pristine quality. Highly recommended!
RSP-2925,CUST-3503,2025-01-05,Europe,Mid-Market,Finance,Web,Product,7,4,2,Yes,"Service is okay, expecting more frequent software updates."
RSP-2926,CUST-3905,2025-06-23,Europe,Mid-Market,Finance,Email,Product,8,4,2,Yes,"Pricing is fair, but onboarding was slightly confusing."
RSP-2927,CUST-4433,2025-08-06,Europe,SMB,Retail,Email,Customer Support,10,5,3,Yes,Top-tier enterprise platform with excellent security features.
RSP-2929,CUST-1263,2025-03-13,North America,Mid-Market,Manufacturing,Email,Product,1,1,5,Yes,Delivery took twice as long as promised.
RSP-2930,CUST-3705,2025-10-18,Europe,SMB,Healthcare,Email,Quality,9,5,1,Yes,Top-tier enterprise platform with excellent security features.
RSP-2931,CUST-4123,2025-04-15,North America,Mid-Market,Healthcare,Email,Product,7,4,4,No,"Decent features for SMBs, but needs better reporting tools."
RSP-2932,CUST-1521,2025-10-01,North America,Enterprise,Finance,Phone,Delivery,2,1,5,Yes,Customer service agent was rude and transferred me three times.
RSP-2933,CUST-2542,2025-09-01,Middle East & Africa,Enterprise,Manufacturing,Web,Delivery,7,4,2,Yes,"Support resolved the issue, but communication could be better."
RSP-2934,CUST-3693,2025-10-19,Europe,Mid-Market,Healthcare,Phone,Delivery,5,1,7,No,Billing error was not resolved on time.
RSP-2935,CUST-3495,2025-02-17,Europe,SMB,Finance,Phone,Customer Support,0,3,4,Yes,Delivery took twice as long as promised.
RSP-2936,CUST-1854,2025-12-12,North America,Enterprise,Retail,Phone,Quality,4,1,5,Yes,Platform UI is slow and unintuitive.
RSP-2937,CUST-2455,2025-01-17,Asia-Pacific,Mid-Market,Healthcare,In-App,Product,8,4,2,Yes,"Service is okay, expecting more frequent software updates."
RSP-2938,CUST-1219,2025-04-06,North America,SMB,Finance,Web,Customer Support,8,4,5,Yes,"Pricing is fair, but onboarding was slightly confusing."
RSP-2939,CUST-1569,2025-07-17,North America,SMB,Manufacturing,In-App,Customer Support,5,1,14,Yes,Quality has visibly degraded over the last few months.
RSP-2940,CUST-2686,2025-04-30,North America,SMB,Technology,Web,Customer Support,2,1,4,Yes,Quality has visibly degraded over the last few months.
RSP-2941,CUST-1573,2025-08-21,Europe,Enterprise,Manufacturing,Email,Product,5,1,21,Yes,Support response was extremely slow and unhelpful.
RSP-2942,CUST-4019,2025-09-23,Europe,SMB,Finance,Email,Quality,8,3,3,No,"Product works fine, but missing key integrations."
RSP-2943,CUST-2407,2025-06-17,Europe,SMB,Manufacturing,Web,Product,5,2,5,No,Customer service agent was rude and transferred me three times.
RSP-2944,CUST-4203,2025-03-22,Europe,Mid-Market,Finance,Phone,Delivery,0,2,14,No,Product keeps crashing after the latest update.
RSP-2945,CUST-2057,2025-10-02,North America,Enterprise,Retail,In-App,Delivery,7,4,3,Yes,"Decent features for SMBs, but needs better reporting tools."
RSP-2946,CUST-4917,2025-02-05,North America,Mid-Market,Technology,Email,Customer Support,0,2,5,No,Customer service agent was rude and transferred me three times.
RSP-2947,CUST-2691,2025-03-08,North America,SMB,Finance,In-App,Pricing,3,1,7,Yes,Pricing is way too high for the features provided.
RSP-2948,CUST-3537,2025-08-10,North America,Enterprise,Finance,In-App,Pricing,1,1,4,Yes,Billing error was not resolved on time.
RSP-2949,CUST-2300,2025-11-06,Asia-Pacific,SMB,Healthcare,Email,Delivery,9,5,1,Yes,The team went above and beyond to help us with our migration.
RSP-2950,CUST-2662,2025-09-15,Asia-Pacific,SMB,Healthcare,Phone,Delivery,9,5,2,Yes,Best customer service team in the industry. Kudos!
RSP-2951,CUST-3256,2025-04-14,Asia-Pacific,Mid-Market,Technology,Email,Customer Support,7,5,4,Yes,"Product works fine, but missing key integrations."
RSP-2952,CUST-2168,2025-08-17,Asia-Pacific,Enterprise,Healthcare,Phone,Quality,6,2,10,Yes,Product keeps crashing after the latest update.
RSP-2953,CUST-4270,2025-11-06,Europe,SMB,Technology,In-App,Customer Support,5,3,4,No,Pricing is way too high for the features provided.
RSP-2954,CUST-3694,2025-10-19,North America,SMB,Healthcare,Web,Product,6,1,14,Yes,Billing error was not resolved on time.
RSP-2955,CUST-4769,2025-08-25,Asia-Pacific,SMB,Manufacturing,Email,Quality,3,2,10,Yes,Frequent downtime impacted our business operations.
RSP-2956,CUST-1320,2025-02-16,North America,Mid-Market,Healthcare,In-App,Delivery,9,5,3,Yes,The team went above and beyond to help us with our migration.
RSP-2957,CUST-4738,2025-06-27,Asia-Pacific,Enterprise,Finance,Email,Product,8,4,2,Yes,"Delivery was on time, product packaging was slightly damaged."
RSP-2958,CUST-4203,2025-11-10,Europe,Enterprise,Healthcare,Web,Product,9,5,2,Yes,Super fast delivery and pristine quality. Highly recommended!
RSP-2959,CUST-4400,2025-05-08,Asia-Pacific,Enterprise,Healthcare,Email,Quality,8,3,2,Yes,"Average experience, nothing exceptional to report."
RSP-2960,CUST-4539,2025-08-23,North America,Mid-Market,Finance,In-App,Pricing,6,1,5,Yes,Customer service agent was rude and transferred me three times.
RSP-2961,CUST-2502,2025-12-24,Europe,Mid-Market,Manufacturing,In-App,Product,6,2,10,Yes,Frequent downtime impacted our business operations.
RSP-2962,CUST-1782,2025-07-21,Asia-Pacific,Mid-Market,Healthcare,Email,Quality,8,3,4,Yes,"Product works fine, but missing key integrations."
RSP-2963,CUST-2963,2025-03-22,Latin America,Enterprise,Manufacturing,Email,Customer Support,9,5,1,Yes,The team went above and beyond to help us with our migration.
RSP-2964,CUST-3391,2025-12-08,Europe,Mid-Market,Technology,Email,Product,10,5,3,Yes,Fantastic product! Has significantly improved our team productivity.
RSP-2965,CUST-2779,2025-09-10,Asia-Pacific,Enterprise,Retail,Email,Product,8,4,3,Yes,"Decent features for SMBs, but needs better reporting tools."
RSP-2966,CUST-1993,2025-07-08,Asia-Pacific,SMB,Healthcare,Phone,Quality,7,3,4,Yes,"Support resolved the issue, but communication could be better."
RSP-2967,CUST-1861,2025-09-16,North America,Enterprise,Technology,Email,Product,7,4,2,Yes,"Acceptable response time, issue was eventually fixed."
RSP-2968,CUST-4359,2025-08-19,North America,Enterprise,Healthcare,Email,Delivery,4,2,7,No,Delivery took twice as long as promised.
RSP-2969,CUST-3070,2025-04-17,Europe,Mid-Market,Technology,Web,Product,8,4,3,No,"Product works fine, but missing key integrations."
RSP-2970,CUST-4786,2025-01-14,Latin America,Enterprise,Technology,Web,Delivery,4,2,7,No,Product keeps crashing after the latest update.
RSP-2971,CUST-4783,2025-07-15,Europe,Mid-Market,Healthcare,Web,Customer Support,8,5,3,Yes,"Acceptable response time, issue was eventually fixed."
RSP-2972,CUST-4271,2025-04-10,Asia-Pacific,Mid-Market,Technology,Phone,Customer Support,8,4,3,No,"Decent features for SMBs, but needs better reporting tools."
RSP-2973,CUST-1309,2025-01-06,North America,Enterprise,Healthcare,Phone,Delivery,2,2,5,Yes,Quality has visibly degraded over the last few months.
RSP-2974,CUST-1939,2025-12-30,Asia-Pacific,SMB,Healthcare,Phone,Delivery,8,5,3,Yes,"Average experience, nothing exceptional to report."
RSP-2975,CUST-3679,2025-12-10,North America,Mid-Market,Finance,Phone,Delivery,6,3,7,Yes,Billing error was not resolved on time.
RSP-2976,CUST-4971,2025-08-25,Europe,Mid-Market,Unknown,Email,Delivery,5,2,10,Yes,Product keeps crashing after the latest update.
RSP-2977,CUST-1676,2025-10-08,Europe,Enterprise,Technology,Phone,Product,6,2,7,Yes,Pricing is way too high for the features provided.
RSP-2978,CUST-4585,2025-03-13,Europe,Enterprise,Technology,Phone,Product,10,4,2,Yes,Best customer service team in the industry. Kudos!
RSP-2979,CUST-3286,2025-03-24,Middle East & Africa,Mid-Market,Retail,In-App,Product,7,3,3,Yes,"Average experience, nothing exceptional to report."
RSP-2980,CUST-1147,2025-11-07,North America,SMB,Technology,Web,Product,9,4,1,Yes,No feedback provided
RSP-2981,CUST-2451,2025-05-31,North America,Mid-Market,Manufacturing,Email,Quality,1,1,4,No,Product keeps crashing after the latest update.
RSP-2982,CUST-4201,2025-03-28,North America,SMB,Manufacturing,Email,Customer Support,9,5,1,Yes,Fantastic product! Has significantly improved our team productivity.
RSP-2983,CUST-1091,2025-12-13,Asia-Pacific,SMB,Technology,Email,Pricing,0,2,4,No,Quality has visibly degraded over the last few months.
RSP-2984,CUST-2257,2025-08-14,Latin America,Mid-Market,Technology,Phone,Product,7,4,2,Yes,"Acceptable response time, issue was eventually fixed."
RSP-2985,CUST-2457,2025-04-21,Asia-Pacific,Mid-Market,Technology,Phone,Customer Support,8,3,2,Yes,"Product works fine, but missing key integrations."
RSP-2986,CUST-2770,2025-08-15,Asia-Pacific,Mid-Market,Technology,Phone,Quality,5,1,7,No,Support response was extremely slow and unhelpful.
RSP-2987,CUST-1842,2025-07-19,North America,Mid-Market,Finance,Phone,Customer Support,8,3,2,Yes,"Delivery was on time, product packaging was slightly damaged."
RSP-2988,CUST-4637,2025-01-27,North America,Mid-Market,Finance,Email,Customer Support,8,4,3,No,"Product works fine, but missing key integrations."
RSP-2989,CUST-1398,2025-07-13,Europe,Mid-Market,Technology,Email,Product,9,5,1,Yes,Great value for money and outstanding service reliability.
RSP-2990,CUST-3045,2025-07-11,North America,Enterprise,Healthcare,Email,Customer Support,7,4,4,No,"Pricing is fair, but onboarding was slightly confusing."
RSP-2991,CUST-2638,2025-02-16,Asia-Pacific,SMB,Finance,Phone,Customer Support,9,5,1,Yes,Exceptional customer support! Issue resolved within an hour.
RSP-2992,CUST-4454,2025-01-15,Asia-Pacific,SMB,Technology,Email,Product,8,3,3,Yes,"Product works fine, but missing key integrations."
RSP-2993,CUST-3761,2025-04-09,North America,SMB,Retail,Email,Customer Support,1,1,10,No,Product keeps crashing after the latest update.
RSP-2994,CUST-2806,2025-02-19,Asia-Pacific,Mid-Market,Retail,Email,Product,3,2,5,Yes,Delivery took twice as long as promised.
RSP-2995,CUST-2368,2025-01-23,Europe,Enterprise,Technology,Email,Product,9,5,1,Yes,Top-tier enterprise platform with excellent security features.
RSP-2996,CUST-5198,2025-02-25,Asia-Pacific,Mid-Market,Finance,Phone,Product,10,5,1,Yes,Smooth experience from purchase to setup. Very satisfied!
RSP-2997,CUST-3643,2025-10-15,North America,Enterprise,Manufacturing,In-App,Product,7,4,2,Yes,"Pricing is fair, but onboarding was slightly confusing."
RSP-2998,CUST-2696,2025-10-05,Asia-Pacific,Mid-Market,Finance,Web,Pricing,3,3,4,Yes,Customer service agent was rude and transferred me three times.
RSP-2999,CUST-4505,2025-03-03,North America,Mid-Market,Technology,Web,Customer Support,0,2,14,No,Pricing is way too high for the features provided.
RSP-3000,CUST-2751,2025-02-24,North America,SMB,Finance,Email,Delivery,4,3,5,Yes,"Issue took over a week to resolve, very frustrating."
RSP-3001,CUST-3649,2025-03-30,Latin America,Enterprise,Manufacturing,Email,Delivery,1,3,10,No,Support response was extremely slow and unhelpful.
RSP-3002,CUST-4294,2025-12-01,Asia-Pacific,Enterprise,Technology,Phone,Customer Support,10,5,2,Yes,Smooth experience from purchase to setup. Very satisfied!
RSP-3003,CUST-1098,2025-07-19,North America,SMB,Healthcare,Web,Product,7,3,5,Yes,"Pricing is fair, but onboarding was slightly confusing."
RSP-3004,CUST-4758,2025-04-23,North America,SMB,Finance,Web,Product,7,4,2,Yes,"Support resolved the issue, but communication could be better."
RSP-3005,CUST-3281,2025-11-29,Europe,Enterprise,Technology,In-App,Product,5,2,7,No,Frequent downtime impacted our business operations.
RSP-3006,CUST-4022,2025-01-23,Asia-Pacific,Enterprise,Healthcare,Web,Pricing,6,1,5,Yes,Product keeps crashing after the latest update.
RSP-3007,CUST-2790,2025-07-30,Asia-Pacific,Enterprise,Technology,Email,Delivery,4,2,10,Yes,Quality has visibly degraded over the last few months.
RSP-3008,CUST-5092,2025-02-22,Europe,Mid-Market,Healthcare,Phone,Delivery,7,4,4,Yes,"Average experience, nothing exceptional to report."
RSP-3009,CUST-3063,2025-02-18,Europe,Mid-Market,Technology,Email,Customer Support,0,1,7,No,Frequent downtime impacted our business operations.
RSP-3010,CUST-3657,2025-11-20,Latin America,Mid-Market,Healthcare,Email,Product,9,4,1,Yes,Top-tier enterprise platform with excellent security features.
RSP-3011,CUST-2088,2025-06-20,Asia-Pacific,SMB,Retail,Web,Product,8,4,3,Yes,"Average experience, nothing exceptional to report."
RSP-3012,CUST-3604,2025-12-08,Europe,Enterprise,Technology,Email,Quality,7,4,3,Yes,"Service is okay, expecting more frequent software updates."
RSP-3013,CUST-1553,2025-06-21,Asia-Pacific,Mid-Market,Manufacturing,In-App,Pricing,6,3,5,No,Support response was extremely slow and unhelpful.
RSP-3014,CUST-4677,2025-07-15,Latin America,SMB,Retail,Email,Product,7,4,2,Yes,"Pricing is fair, but onboarding was slightly confusing."
RSP-3015,CUST-5124,2025-10-28,Europe,Mid-Market,Manufacturing,Phone,Quality,7,4,2,Yes,"Product works fine, but missing key integrations."
RSP-3016,CUST-2905,2025-01-11,Latin America,Mid-Market,Finance,Phone,Delivery,5,1,7,Yes,Frequent downtime impacted our business operations.
RSP-3017,CUST-2016,2025-06-08,Europe,Mid-Market,Manufacturing,Phone,Quality,7,4,2,Yes,"Pricing is fair, but onboarding was slightly confusing."
RSP-3018,CUST-4510,2025-05-05,Europe,Mid-Market,Retail,Phone,Quality,10,4,1,Yes,Fantastic product! Has significantly improved our team productivity.
RSP-3019,CUST-1490,2025-03-12,North America,Mid-Market,Retail,In-App,Quality,7,4,3,Yes,"Acceptable response time, issue was eventually fixed."
RSP-3020,CUST-5085,2025-06-01,Europe,Enterprise,Manufacturing,Web,Customer Support,10,5,1,Yes,Great value for money and outstanding service reliability.
RSP-3021,CUST-2242,2025-07-12,Middle East & Africa,Mid-Market,Technology,Web,Product,8,4,5,Yes,"Pricing is fair, but onboarding was slightly confusing."
RSP-3022,CUST-1310,2025-05-02,Latin America,Mid-Market,Healthcare,In-App,Product,8,3,4,Yes,"Service is okay, expecting more frequent software updates."
RSP-3023,CUST-3692,2025-03-10,Europe,Mid-Market,Healthcare,Email,Customer Support,8,3,3,No,"Delivery was on time, product packaging was slightly damaged."
RSP-3024,CUST-3601,2025-11-26,North America,Mid-Market,Finance,Email,Product,7,4,2,Yes,"Product works fine, but missing key integrations."
RSP-3025,CUST-4398,2025-11-28,Europe,Mid-Market,Healthcare,In-App,Product,8,4,2,Yes,"Delivery was on time, product packaging was slightly damaged."
RSP-3026,CUST-1194,2025-04-28,North America,Mid-Market,Technology,Web,Pricing,0,1,4,Yes,"Issue took over a week to resolve, very frustrating."
RSP-3027,CUST-3807,2025-05-05,North America,Mid-Market,Manufacturing,Email,Delivery,2,1,14,Yes,Pricing is way too high for the features provided.
RSP-3028,CUST-1442,2025-12-07,Middle East & Africa,Enterprise,Finance,In-App,Product,7,4,2,Yes,"Pricing is fair, but onboarding was slightly confusing."
RSP-3029,CUST-2822,2025-11-08,North America,Enterprise,Technology,In-App,Product,1,2,5,Yes,Customer service agent was rude and transferred me three times.
RSP-3030,CUST-3634,2025-04-04,North America,SMB,Finance,Email,Product,8,4,3,Yes,"Service is okay, expecting more frequent software updates."
RSP-3031,CUST-1049,2025-02-03,North America,Mid-Market,Manufacturing,Email,Delivery,0,1,5,No,Billing error was not resolved on time.
RSP-3032,CUST-1573,2025-04-09,North America,SMB,Healthcare,Web,Delivery,0,3,4,Yes,Support response was extremely slow and unhelpful.
RSP-3033,CUST-2159,2025-04-15,Latin America,Enterprise,Finance,Web,Pricing,7,4,3,Yes,"Average experience, nothing exceptional to report."
RSP-3034,CUST-1751,2025-03-30,Asia-Pacific,SMB,Technology,Email,Customer Support,10,5,3,Yes,Great value for money and outstanding service reliability.
RSP-3035,CUST-2935,2025-09-17,Latin America,SMB,Retail,Web,Customer Support,0,1,4,Yes,Product keeps crashing after the latest update.
RSP-3036,CUST-4491,2025-08-28,North America,SMB,Finance,Email,Quality,6,1,14,Yes,Quality has visibly degraded over the last few months.
RSP-3037,CUST-2344,2025-04-12,Asia-Pacific,Mid-Market,Healthcare,Web,Product,10,4,1,Yes,Great value for money and outstanding service reliability.
RSP-3038,CUST-4473,2025-04-01,Latin America,Enterprise,Technology,Web,Product,8,4,3,Yes,"Pricing is fair, but onboarding was slightly confusing."
RSP-3039,CUST-3483,2025-05-27,Europe,SMB,Finance,Web,Delivery,1,1,7,Yes,Frequent downtime impacted our business operations.
RSP-3040,CUST-4672,2025-11-22,Europe,SMB,Finance,Email,Customer Support,9,4,1,Yes,Great value for money and outstanding service reliability.
RSP-3041,CUST-3227,2025-09-04,North America,Enterprise,Technology,Email,Pricing,7,4,5,Yes,"Support resolved the issue, but communication could be better."
RSP-3042,CUST-3945,2025-07-23,Asia-Pacific,Mid-Market,Finance,Email,Delivery,0,1,4,Yes,Customer service agent was rude and transferred me three times.
RSP-3043,CUST-2374,2025-08-30,Asia-Pacific,Mid-Market,Retail,Phone,Delivery,2,3,4,No,Billing error was not resolved on time.
RSP-3044,CUST-4462,2025-09-16,Europe,Mid-Market,Technology,Phone,Quality,9,5,1,Yes,Top-tier enterprise platform with excellent security features.
RSP-3045,CUST-2276,2025-09-04,North America,SMB,Technology,Email,Pricing,5,2,4,Yes,Support response was extremely slow and unhelpful.
RSP-3046,CUST-4124,2025-08-07,Latin America,Mid-Market,Technology,Email,Delivery,5,1,7,Yes,Product keeps crashing after the latest update.
RSP-3047,CUST-3459,2025-11-01,Asia-Pacific,Enterprise,Retail,Phone,Delivery,10,4,1,Yes,Super fast delivery and pristine quality. Highly recommended!
RSP-3048,CUST-2439,2025-05-12,Europe,Mid-Market,Technology,Phone,Customer Support,9,4,1,Yes,Top-tier enterprise platform with excellent security features.
RSP-3049,CUST-4798,2025-06-06,North America,Mid-Market,Technology,Email,Quality,8,4,4,Yes,"Service is okay, expecting more frequent software updates."
RSP-3051,CUST-1589,2025-06-20,North America,Mid-Market,Retail,Phone,Product,9,5,1,Yes,Super fast delivery and pristine quality. Highly recommended!
RSP-3052,CUST-4844,2025-04-11,Latin America,Mid-Market,Technology,Email,Customer Support,9,3,1,Yes,Super fast delivery and pristine quality. Highly recommended!
RSP-3053,CUST-2553,2025-01-03,Europe,Mid-Market,Retail,In-App,Product,8,3,4,Yes,"Product works fine, but missing key integrations."
RSP-3054,CUST-5101,2025-07-11,North America,SMB,Retail,Email,Product,7,4,4,Yes,"Service is okay, expecting more frequent software updates."
RSP-3055,CUST-4314,2025-08-01,Europe,SMB,Healthcare,Phone,Delivery,8,3,2,Yes,"Decent features for SMBs, but needs better reporting tools."
RSP-3056,CUST-4056,2025-07-16,Asia-Pacific,Mid-Market,Technology,In-App,Pricing,10,4,2,Yes,Best customer service team in the industry. Kudos!
RSP-3057,CUST-3521,2025-11-25,North America,Mid-Market,Healthcare,Email,Customer Support,9,5,1,Yes,Fantastic product! Has significantly improved our team productivity.
RSP-3058,CUST-4348,2025-01-20,Latin America,Enterprise,Healthcare,Email,Quality,1,1,5,No,Product keeps crashing after the latest update.
RSP-3059,CUST-4152,2025-10-17,North America,Mid-Market,Technology,In-App,Customer Support,8,4,3,Yes,"Average experience, nothing exceptional to report."
RSP-3060,CUST-2591,2025-08-12,Europe,SMB,Healthcare,In-App,Product,10,5,1,Yes,The team went above and beyond to help us with our migration.
RSP-3061,CUST-3855,2025-09-18,Asia-Pacific,SMB,Healthcare,Phone,Product,6,1,7,Yes,Billing error was not resolved on time.
RSP-3062,CUST-4016,2025-12-23,Asia-Pacific,SMB,Technology,Web,Product,9,4,2,Yes,Exceptional customer support! Issue resolved within an hour.
RSP-3063,CUST-4156,2025-08-06,Europe,Mid-Market,Technology,Email,Customer Support,10,5,1,Yes,Great value for money and outstanding service reliability.
RSP-3064,CUST-2985,2025-09-02,Europe,Mid-Market,Retail,Phone,Product,5,2,7,Yes,Support response was extremely slow and unhelpful.
RSP-3065,CUST-3960,2025-11-20,Middle East & Africa,Mid-Market,Healthcare,Email,Quality,8,3,5,Yes,"Product works fine, but missing key integrations."
RSP-3066,CUST-2211,2025-05-14,Asia-Pacific,SMB,Finance,In-App,Quality,10,4,1,Yes,Best customer service team in the industry. Kudos!
RSP-3067,CUST-2207,2025-05-11,Asia-Pacific,Mid-Market,Technology,Web,Pricing,4,1,4,Yes,Pricing is way too high for the features provided.
RSP-3068,CUST-2322,2025-01-07,Asia-Pacific,SMB,Technology,Phone,Customer Support,6,2,10,No,Product keeps crashing after the latest update.
RSP-3069,CUST-1756,2025-11-26,Europe,SMB,Technology,Email,Product,7,3,2,Yes,"Decent features for SMBs, but needs better reporting tools."
RSP-3070,CUST-4257,2025-12-28,Europe,Enterprise,Technology,Phone,Delivery,4,2,4,Yes,Frequent downtime impacted our business operations.
RSP-3071,CUST-1658,2025-09-23,North America,Enterprise,Manufacturing,Email,Customer Support,9,4,1,Yes,Great value for money and outstanding service reliability.
RSP-3072,CUST-4464,2025-03-26,Latin America,Mid-Market,Healthcare,Web,Product,3,1,5,Yes,Customer service agent was rude and transferred me three times.
RSP-3073,CUST-3071,2025-12-21,Europe,SMB,Healthcare,Email,Delivery,6,1,4,Yes,Quality has visibly degraded over the last few months.
RSP-3074,CUST-5101,2025-09-30,North America,SMB,Finance,Email,Customer Support,7,3,2,Yes,"Decent features for SMBs, but needs better reporting tools."
RSP-3075,CUST-3522,2025-07-30,North America,Mid-Market,Technology,Email,Customer Support,9,5,1,Yes,Fantastic product! Has significantly improved our team productivity.
RSP-3076,CUST-1895,2025-11-22,North America,Enterprise,Healthcare,Email,Delivery,2,1,7,No,Frequent downtime impacted our business operations.
RSP-3077,CUST-3821,2025-03-15,North America,Enterprise,Finance,Email,Product,6,2,10,Yes,Quality has visibly degraded over the last few months.
RSP-3078,CUST-2716,2025-07-23,North America,Mid-Market,Technology,In-App,Customer Support,0,2,5,No,Quality has visibly degraded over the last few months.
RSP-3079,CUST-1052,2025-03-28,Asia-Pacific,Enterprise,Finance,Phone,Product,9,5,1,Yes,Best customer service team in the industry. Kudos!
RSP-3080,CUST-1012,2025-02-19,Europe,Enterprise,Technology,Phone,Product,10,4,1,Yes,Fantastic product! Has significantly improved our team productivity.
RSP-3081,CUST-4422,2025-09-26,Europe,Mid-Market,Healthcare,Email,Quality,1,1,4,Yes,Customer service agent was rude and transferred me three times.
RSP-3082,CUST-3362,2025-08-09,North America,Enterprise,Technology,Web,Product,9,5,1,Yes,Super fast delivery and pristine quality. Highly recommended!
RSP-3083,CUST-2445,2025-07-11,Europe,Enterprise,Manufacturing,Phone,Quality,9,4,1,Yes,Super fast delivery and pristine quality. Highly recommended!
RSP-3084,CUST-2100,2025-04-12,Asia-Pacific,SMB,Healthcare,Email,Product,9,5,1,Yes,Best customer service team in the industry. Kudos!
RSP-3085,CUST-2490,2025-09-15,North America,Enterprise,Retail,Phone,Customer Support,7,4,2,Yes,"Support resolved the issue, but communication could be better."
RSP-3086,CUST-4691,2025-10-18,Asia-Pacific,Mid-Market,Technology,Email,Product,8,4,3,Yes,"Pricing is fair, but onboarding was slightly confusing."
RSP-3087,CUST-2520,2025-04-13,Europe,Mid-Market,Technology,Web,Customer Support,2,2,5,No,Support response was extremely slow and unhelpful.
RSP-3088,CUST-2496,2025-04-09,Latin America,Mid-Market,Finance,Email,Customer Support,9,5,1,Yes,The team went above and beyond to help us with our migration.
RSP-3089,CUST-4348,2025-08-14,North America,Enterprise,Finance,Web,Quality,7,4,4,Yes,"Support resolved the issue, but communication could be better."
RSP-3090,CUST-2360,2025-02-10,Asia-Pacific,Enterprise,Unknown,Email,Delivery,3,1,5,Yes,Quality has visibly degraded over the last few months.
RSP-3091,CUST-1702,2025-07-13,Europe,SMB,Retail,Web,Delivery,7,4,2,Yes,"Support resolved the issue, but communication could be better."
RSP-3092,CUST-3267,2025-02-02,Europe,SMB,Finance,Email,Quality,7,4,4,Yes,"Acceptable response time, issue was eventually fixed."
RSP-3093,CUST-1243,2025-10-27,North America,Enterprise,Technology,Email,Delivery,9,5,2,Yes,Great value for money and outstanding service reliability.
RSP-3094,CUST-4914,2025-09-06,North America,Mid-Market,Technology,Web,Pricing,3,2,4,No,Product keeps crashing after the latest update.
RSP-3095,CUST-1077,2025-02-01,North America,Enterprise,Finance,Web,Customer Support,7,4,4,No,"Delivery was on time, product packaging was slightly damaged."
RSP-3096,CUST-1059,2025-12-07,Latin America,SMB,Finance,Phone,Product,4,2,10,Yes,Frequent downtime impacted our business operations.
RSP-3097,CUST-1342,2025-02-19,Europe,Enterprise,Technology,Phone,Delivery,9,4,1,Yes,Great value for money and outstanding service reliability.
RSP-3098,CUST-1059,2025-07-12,Middle East & Africa,SMB,Healthcare,In-App,Delivery,1,2,5,Yes,Frequent downtime impacted our business operations.
RSP-3099,CUST-3177,2025-09-06,Latin America,SMB,Technology,Email,Product,6,1,7,No,Billing error was not resolved on time.
RSP-3100,CUST-3760,2025-11-06,Asia-Pacific,Enterprise,Technology,Email,Product,7,4,3,No,"Decent features for SMBs, but needs better reporting tools."
RSP-3101,CUST-3757,2025-07-09,Europe,SMB,Technology,In-App,Product,5,1,5,Yes,"Issue took over a week to resolve, very frustrating."
RSP-3102,CUST-3582,2025-05-03,Middle East & Africa,SMB,Healthcare,Phone,Customer Support,9,5,1,Yes,Smooth experience from purchase to setup. Very satisfied!
RSP-3103,CUST-4264,2025-07-13,Asia-Pacific,Enterprise,Technology,Web,Quality,6,3,5,Yes,Frequent downtime impacted our business operations.
RSP-3104,CUST-1468,2025-07-02,North America,SMB,Technology,Phone,Product,8,5,3,Yes,"Acceptable response time, issue was eventually fixed."
RSP-3105,CUST-1820,2025-01-02,Latin America,Enterprise,Unknown,Email,Product,8,4,3,Yes,"Service is okay, expecting more frequent software updates."
RSP-3106,CUST-4291,2025-03-13,Latin America,SMB,Technology,Phone,Product,7,4,3,Yes,"Product works fine, but missing key integrations."
RSP-3107,CUST-2006,2025-09-29,Asia-Pacific,Mid-Market,Finance,Email,Delivery,2,2,5,Yes,Quality has visibly degraded over the last few months.
RSP-3108,CUST-3036,2025-07-08,North America,Mid-Market,Technology,Phone,Delivery,6,3,7,No,Billing error was not resolved on time.
RSP-3109,CUST-4892,2025-09-21,Asia-Pacific,SMB,Technology,Web,Pricing,4,1,21,Yes,Customer service agent was rude and transferred me three times.
RSP-3110,CUST-2539,2025-01-02,North America,SMB,Technology,Email,Customer Support,8,4,3,Yes,"Acceptable response time, issue was eventually fixed."
RSP-3111,CUST-1136,2025-11-21,North America,Mid-Market,Technology,Email,Quality,3,2,5,Yes,"Issue took over a week to resolve, very frustrating."
RSP-3112,CUST-1374,2025-06-16,North America,SMB,Technology,Phone,Customer Support,7,4,3,No,"Service is okay, expecting more frequent software updates."
RSP-3113,CUST-2913,2025-11-07,North America,Enterprise,Healthcare,Phone,Customer Support,10,5,1,Yes,Best customer service team in the industry. Kudos!
RSP-3114,CUST-4278,2025-11-10,Asia-Pacific,SMB,Technology,Phone,Quality,5,2,14,No,Product keeps crashing after the latest update.
RSP-3115,CUST-3853,2025-08-08,North America,Mid-Market,Healthcare,In-App,Pricing,7,4,2,Yes,"Service is okay, expecting more frequent software updates."
RSP-3116,CUST-1822,2025-07-17,North America,Mid-Market,Finance,Phone,Pricing,0,2,5,No,Quality has visibly degraded over the last few months.
RSP-3117,CUST-2598,2025-12-31,Europe,Enterprise,Technology,Email,Product,9,5,1,Yes,Super fast delivery and pristine quality. Highly recommended!
RSP-3118,CUST-5133,2025-01-17,Europe,SMB,Technology,Phone,Quality,1,2,5,Yes,Delivery took twice as long as promised.
RSP-3119,CUST-5079,2025-02-14,Europe,Enterprise,Retail,Email,Product,8,4,4,Yes,"Delivery was on time, product packaging was slightly damaged."
RSP-3120,CUST-4824,2025-03-28,Asia-Pacific,SMB,Healthcare,Web,Customer Support,2,1,4,No,Billing error was not resolved on time.
RSP-3121,CUST-1947,2025-09-04,North America,Mid-Market,Technology,Phone,Product,9,4,2,Yes,Great value for money and outstanding service reliability.
RSP-3122,CUST-2993,2025-04-19,Europe,Enterprise,Technology,Web,Product,4,2,5,Yes,Delivery took twice as long as promised.
RSP-3123,CUST-1732,2025-02-24,Europe,Mid-Market,Technology,Phone,Delivery,7,3,3,Yes,"Decent features for SMBs, but needs better reporting tools."
RSP-3124,CUST-1239,2025-03-24,Europe,Enterprise,Technology,Web,Delivery,6,3,7,Yes,"Issue took over a week to resolve, very frustrating."
RSP-3125,CUST-4141,2025-05-24,North America,SMB,Finance,Phone,Delivery,8,4,2,Yes,"Pricing is fair, but onboarding was slightly confusing."
RSP-3126,CUST-3110,2025-12-07,Europe,Enterprise,Retail,Email,Delivery,3,1,7,No,Billing error was not resolved on time.
RSP-3127,CUST-2008,2025-12-07,Europe,Enterprise,Finance,Email,Product,1,1,5,Yes,Delivery took twice as long as promised.
RSP-3128,CUST-5030,2025-02-16,North America,SMB,Technology,In-App,Customer Support,0,3,5,Yes,"Issue took over a week to resolve, very frustrating."
RSP-3129,CUST-2833,2025-10-22,North America,SMB,Healthcare,Email,Product,9,5,1,Yes,Fantastic product! Has significantly improved our team productivity.
RSP-3130,CUST-3811,2025-07-13,Asia-Pacific,Mid-Market,Technology,Web,Product,8,5,4,Yes,"Decent features for SMBs, but needs better reporting tools."
RSP-3131,CUST-4579,2025-04-30,North America,Enterprise,Manufacturing,In-App,Product,9,5,1,Yes,Great value for money and outstanding service reliability.
RSP-3132,CUST-3122,2025-03-01,North America,Mid-Market,Retail,In-App,Product,5,1,10,Yes,Quality has visibly degraded over the last few months.
RSP-3133,CUST-1718,2025-02-27,Europe,Mid-Market,Unknown,Phone,Pricing,0,2,5,Yes,Product keeps crashing after the latest update.
RSP-3134,CUST-3787,2025-10-31,Europe,Mid-Market,Retail,Email,Delivery,0,2,5,No,Pricing is way too high for the features provided.
RSP-3135,CUST-1951,2025-10-21,North America,Enterprise,Technology,In-App,Delivery,1,1,5,Yes,"Issue took over a week to resolve, very frustrating."
RSP-3136,CUST-2043,2025-06-10,Europe,Enterprise,Healthcare,Email,Delivery,5,1,5,Yes,Customer service agent was rude and transferred me three times.
RSP-3137,CUST-1013,2025-06-09,North America,Mid-Market,Finance,Phone,Product,6,1,7,Yes,Support response was extremely slow and unhelpful.
RSP-3138,CUST-2555,2025-07-18,North America,SMB,Technology,In-App,Product,9,5,2,Yes,Top-tier enterprise platform with excellent security features.
RSP-3139,CUST-3618,2025-07-06,North America,Mid-Market,Manufacturing,In-App,Product,8,3,2,Yes,"Average experience, nothing exceptional to report."
RSP-3140,CUST-2819,2025-02-24,Middle East & Africa,Mid-Market,Technology,Email,Product,8,4,3,Yes,"Decent features for SMBs, but needs better reporting tools."
RSP-3141,CUST-1075,2025-10-03,North America,Enterprise,Retail,Email,Customer Support,7,4,2,Yes,"Service is okay, expecting more frequent software updates."
RSP-3142,CUST-3588,2025-03-16,Asia-Pacific,Mid-Market,Technology,Web,Product,8,3,3,Yes,"Delivery was on time, product packaging was slightly damaged."
RSP-3143,CUST-2793,2025-09-13,North America,Mid-Market,Healthcare,Email,Delivery,5,1,21,No,Billing error was not resolved on time.
RSP-3144,CUST-2207,2025-11-04,North America,SMB,Technology,Phone,Product,9,5,1,Yes,The team went above and beyond to help us with our migration.
RSP-3145,CUST-2194,2025-12-07,North America,Mid-Market,Technology,Email,Customer Support,10,5,1,Yes,Exceptional customer support! Issue resolved within an hour.
RSP-3146,CUST-3622,2025-06-08,Latin America,Mid-Market,Technology,Web,Quality,0,2,7,Yes,Platform UI is slow and unintuitive.
RSP-3147,CUST-2011,2025-05-21,Asia-Pacific,Mid-Market,Finance,Phone,Product,8,4,5,Yes,"Service is okay, expecting more frequent software updates."
RSP-3148,CUST-2767,2025-09-11,North America,SMB,Finance,In-App,Product,7,3,4,No,"Delivery was on time, product packaging was slightly damaged."
RSP-3149,CUST-4085,2025-01-31,Europe,Enterprise,Technology,Phone,Delivery,6,1,5,Yes,"Issue took over a week to resolve, very frustrating."
RSP-3150,CUST-2250,2025-04-18,Europe,Mid-Market,Manufacturing,Phone,Delivery,2,3,4,Yes,Pricing is way too high for the features provided.
RSP-3151,CUST-1430,2025-04-02,Latin America,Mid-Market,Healthcare,Email,Quality,3,1,4,Yes,Billing error was not resolved on time.
RSP-3152,CUST-4209,2025-06-03,Middle East & Africa,Mid-Market,Finance,In-App,Product,0,2,7,Yes,Delivery took twice as long as promised.
RSP-3153,CUST-1176,2025-10-08,North America,Mid-Market,Technology,Email,Product,7,4,3,No,"Decent features for SMBs, but needs better reporting tools."
RSP-3154,CUST-3764,2025-08-05,Latin America,Mid-Market,Manufacturing,In-App,Delivery,4,3,7,Yes,Billing error was not resolved on time.
RSP-3155,CUST-3853,2025-07-20,Asia-Pacific,Enterprise,Technology,Email,Product,0,3,5,Yes,Customer service agent was rude and transferred me three times.
RSP-3156,CUST-1588,2025-09-28,North America,Mid-Market,Manufacturing,Email,Product,7,4,2,Yes,"Delivery was on time, product packaging was slightly damaged."
RSP-3157,CUST-3313,2025-12-23,Europe,Mid-Market,Manufacturing,Email,Product,9,5,1,No,Great value for money and outstanding service reliability.
RSP-3158,CUST-4225,2025-02-19,Asia-Pacific,Mid-Market,Healthcare,Email,Product,6,2,10,Yes,Delivery took twice as long as promised.
RSP-3159,CUST-3649,2025-10-25,North America,Mid-Market,Finance,Web,Delivery,5,1,10,Yes,Support response was extremely slow and unhelpful.
RSP-3160,CUST-3490,2025-08-23,North America,Mid-Market,Retail,Phone,Pricing,1,2,5,Yes,Delivery took twice as long as promised.
RSP-3161,CUST-2126,2025-08-15,Asia-Pacific,SMB,Finance,Phone,Pricing,4,3,14,Yes,Billing error was not resolved on time.
RSP-3162,CUST-3384,2025-03-16,Asia-Pacific,Mid-Market,Technology,Phone,Product,7,5,2,Yes,"Pricing is fair, but onboarding was slightly confusing."
RSP-3163,CUST-2786,2025-04-11,Europe,Mid-Market,Healthcare,Email,Product,0,3,5,Yes,Support response was extremely slow and unhelpful.
RSP-3164,CUST-3967,2025-10-22,Middle East & Africa,SMB,Technology,Phone,Customer Support,9,5,1,Yes,Fantastic product! Has significantly improved our team productivity.
RSP-3165,CUST-2209,2025-07-12,Europe,Mid-Market,Finance,Email,Product,10,4,1,Yes,Top-tier enterprise platform with excellent security features.
RSP-3166,CUST-2378,2025-01-29,Europe,Enterprise,Healthcare,Phone,Delivery,9,5,1,Yes,Fantastic product! Has significantly improved our team productivity.
RSP-3167,CUST-3912,2025-08-31,North America,SMB,Technology,Phone,Product,3,2,7,Yes,Delivery took twice as long as promised.
RSP-3168,CUST-1429,2025-03-02,Latin America,Enterprise,Technology,Email,Product,2,2,7,Yes,Platform UI is slow and unintuitive.
RSP-3169,CUST-3772,2025-10-31,Middle East & Africa,Mid-Market,Technology,Email,Product,8,4,3,Yes,"Decent features for SMBs, but needs better reporting tools."
RSP-3170,CUST-2217,2025-11-18,Asia-Pacific,SMB,Technology,Email,Customer Support,5,1,7,Yes,Customer service agent was rude and transferred me three times.
RSP-3171,CUST-3007,2025-01-18,Asia-Pacific,Mid-Market,Manufacturing,Web,Product,8,4,3,Yes,"Support resolved the issue, but communication could be better."
RSP-3172,CUST-2973,2025-07-23,Europe,Mid-Market,Technology,In-App,Delivery,0,1,14,Yes,Billing error was not resolved on time.
RSP-3173,CUST-3479,2025-12-19,Asia-Pacific,SMB,Retail,Phone,Product,4,2,5,Yes,Frequent downtime impacted our business operations.
RSP-3174,CUST-2413,2025-12-01,Europe,Mid-Market,Technology,Email,Customer Support,5,2,7,No,Customer service agent was rude and transferred me three times.
RSP-3175,CUST-1734,2025-08-26,Asia-Pacific,Mid-Market,Finance,Email,Delivery,7,4,3,Yes,"Decent features for SMBs, but needs better reporting tools."
RSP-3176,CUST-3254,2025-11-20,Asia-Pacific,Mid-Market,Retail,Phone,Delivery,0,1,14,No,Billing error was not resolved on time.
RSP-3177,CUST-4009,2025-01-06,Europe,Mid-Market,Finance,Phone,Customer Support,6,2,10,Yes,Product keeps crashing after the latest update.
RSP-3178,CUST-1955,2025-02-12,Asia-Pacific,Mid-Market,Technology,Email,Customer Support,10,5,1,Yes,Fantastic product! Has significantly improved our team productivity.
RSP-3179,CUST-5007,2025-11-25,North America,Mid-Market,Retail,In-App,Product,9,5,1,Yes,Great value for money and outstanding service reliability.
RSP-3180,CUST-1188,2025-10-28,Asia-Pacific,Mid-Market,Retail,Email,Product,4,2,5,No,Frequent downtime impacted our business operations.
RSP-3181,CUST-4928,2025-05-21,Europe,Mid-Market,Retail,Phone,Quality,2,2,10,No,Product keeps crashing after the latest update.
RSP-3182,CUST-2483,2025-07-16,North America,Mid-Market,Healthcare,Email,Product,3,2,10,Yes,Billing error was not resolved on time.
RSP-3183,CUST-4552,2025-06-02,Asia-Pacific,Enterprise,Finance,Web,Quality,5,2,5,No,Frequent downtime impacted our business operations.
RSP-3184,CUST-2025,2025-02-20,Europe,SMB,Technology,Phone,Customer Support,8,4,5,Yes,"Acceptable response time, issue was eventually fixed."
RSP-3185,CUST-1520,2025-10-03,North America,SMB,Technology,Phone,Quality,2,2,10,Yes,Delivery took twice as long as promised.
RSP-3186,CUST-4320,2025-12-25,North America,Mid-Market,Manufacturing,Email,Customer Support,2,1,10,Yes,Support response was extremely slow and unhelpful.
RSP-3187,CUST-4225,2025-10-12,Middle East & Africa,Mid-Market,Healthcare,Email,Pricing,1,2,5,Yes,Platform UI is slow and unintuitive.
RSP-3188,CUST-5002,2025-02-02,Europe,Mid-Market,Technology,Phone,Quality,6,1,5,Yes,Platform UI is slow and unintuitive.
RSP-3189,CUST-2016,2025-04-17,North America,Mid-Market,Healthcare,Email,Customer Support,10,5,2,Yes,Fantastic product! Has significantly improved our team productivity.
RSP-3190,CUST-2480,2025-11-03,North America,SMB,Technology,Email,Customer Support,4,2,10,No,Delivery took twice as long as promised.
RSP-3191,CUST-1043,2025-10-12,Asia-Pacific,Enterprise,Finance,Email,Customer Support,3,2,21,Yes,Billing error was not resolved on time.
RSP-3192,CUST-3574,2025-03-04,North America,Enterprise,Healthcare,Email,Quality,6,2,10,Yes,Support response was extremely slow and unhelpful.
RSP-3193,CUST-2055,2025-10-22,North America,SMB,Retail,Email,Product,5,1,5,No,Pricing is way too high for the features provided.
RSP-3194,CUST-2320,2025-02-14,Asia-Pacific,Enterprise,Finance,Email,Delivery,6,3,4,Yes,Platform UI is slow and unintuitive.
RSP-3195,CUST-3103,2025-01-18,Europe,Mid-Market,Technology,Email,Customer Support,6,3,5,Yes,Product keeps crashing after the latest update.
RSP-3196,CUST-2021,2025-09-17,Europe,Enterprise,Healthcare,Phone,Delivery,7,3,5,Yes,"Delivery was on time, product packaging was slightly damaged."
RSP-3197,CUST-3978,2025-10-06,North America,Enterprise,Technology,Email,Customer Support,1,3,4,Yes,Delivery took twice as long as promised.
RSP-3198,CUST-4465,2025-12-03,North America,Mid-Market,Retail,Phone,Product,10,5,2,Yes,Exceptional customer support! Issue resolved within an hour.
RSP-3199,CUST-3034,2025-06-03,Europe,Mid-Market,Healthcare,Email,Customer Support,10,5,3,Yes,Exceptional customer support! Issue resolved within an hour.
RSP-3200,CUST-3403,2025-12-04,Asia-Pacific,Mid-Market,Finance,Phone,Product,4,3,4,Yes,Platform UI is slow and unintuitive.
RSP-3201,CUST-4644,2025-03-13,Europe,Mid-Market,Retail,Web,Pricing,4,2,14,No,Frequent downtime impacted our business operations.
RSP-3202,CUST-5017,2025-12-22,Middle East & Africa,SMB,Technology,Email,Quality,9,5,1,Yes,Smooth experience from purchase to setup. Very satisfied!
RSP-3203,CUST-3884,2025-11-07,North America,Mid-Market,Healthcare,In-App,Product,8,4,3,Yes,"Pricing is fair, but onboarding was slightly confusing."
RSP-3204,CUST-1811,2025-12-06,Latin America,Enterprise,Technology,Web,Delivery,1,2,7,Yes,Support response was extremely slow and unhelpful.
RSP-3205,CUST-2942,2025-01-19,North America,SMB,Healthcare,Email,Product,8,3,4,Yes,"Pricing is fair, but onboarding was slightly confusing."
RSP-3206,CUST-2160,2025-06-03,Europe,SMB,Healthcare,Email,Customer Support,8,4,3,Yes,"Pricing is fair, but onboarding was slightly confusing."
RSP-3207,CUST-2099,2025-11-05,North America,SMB,Finance,Phone,Delivery,3,1,4,Yes,Platform UI is slow and unintuitive.
RSP-3208,CUST-2769,2025-10-30,North America,Mid-Market,Retail,Email,Pricing,8,5,4,Yes,"Acceptable response time, issue was eventually fixed."
RSP-3209,CUST-3272,2025-03-07,Europe,Enterprise,Finance,Phone,Delivery,6,1,7,Yes,Frequent downtime impacted our business operations.
RSP-3210,CUST-4457,2025-02-08,Asia-Pacific,SMB,Retail,Web,Product,10,5,2,Yes,The team went above and beyond to help us with our migration.
RSP-3211,CUST-3135,2025-07-15,Europe,SMB,Finance,Email,Customer Support,8,4,3,Yes,"Average experience, nothing exceptional to report."
RSP-3212,CUST-4277,2025-08-22,Asia-Pacific,Enterprise,Healthcare,Email,Delivery,5,2,21,No,Product keeps crashing after the latest update.
RSP-3213,CUST-3082,2025-12-13,Asia-Pacific,Mid-Market,Healthcare,Email,Delivery,8,4,3,Yes,"Decent features for SMBs, but needs better reporting tools."
RSP-3214,CUST-2173,2025-10-02,North America,Enterprise,Finance,Phone,Customer Support,8,4,4,Yes,"Pricing is fair, but onboarding was slightly confusing."
RSP-3215,CUST-1578,2025-11-19,Europe,Mid-Market,Manufacturing,Email,Product,7,4,2,Yes,"Delivery was on time, product packaging was slightly damaged."
RSP-3216,CUST-2578,2025-07-10,Europe,Mid-Market,Unknown,Phone,Product,3,1,10,Yes,Frequent downtime impacted our business operations.
RSP-3217,CUST-5189,2025-11-06,Europe,Mid-Market,Finance,Email,Product,10,5,1,Yes,Super fast delivery and pristine quality. Highly recommended!
RSP-3218,CUST-4438,2025-03-20,Asia-Pacific,Mid-Market,Technology,In-App,Delivery,1,1,10,No,"Issue took over a week to resolve, very frustrating."
RSP-3219,CUST-4552,2025-07-14,Asia-Pacific,SMB,Technology,Phone,Customer Support,10,5,3,Yes,Exceptional customer support! Issue resolved within an hour.
RSP-3220,CUST-3027,2025-02-09,Asia-Pacific,Mid-Market,Retail,Email,Product,2,2,7,No,Quality has visibly degraded over the last few months.
RSP-3221,CUST-2020,2025-09-30,Europe,Enterprise,Technology,Email,Quality,9,5,1,Yes,Fantastic product! Has significantly improved our team productivity.
RSP-3222,CUST-4332,2025-02-03,North America,Mid-Market,Manufacturing,Email,Product,9,5,1,Yes,Smooth experience from purchase to setup. Very satisfied!
RSP-3223,CUST-1728,2025-07-05,North America,SMB,Technology,Email,Delivery,1,2,7,Yes,"Issue took over a week to resolve, very frustrating."
RSP-3224,CUST-3238,2025-03-16,Europe,Mid-Market,Technology,In-App,Quality,1,1,7,Yes,Pricing is way too high for the features provided.
RSP-3225,CUST-3241,2025-01-06,Europe,Mid-Market,Technology,Email,Customer Support,6,1,10,No,Product keeps crashing after the latest update.
RSP-3226,CUST-4089,2025-04-24,North America,SMB,Finance,Email,Delivery,7,3,3,Yes,"Decent features for SMBs, but needs better reporting tools."
RSP-3227,CUST-1860,2025-03-05,Europe,Mid-Market,Healthcare,Email,Delivery,5,2,7,Yes,Delivery took twice as long as promised.
RSP-3228,CUST-3511,2025-10-29,Middle East & Africa,Enterprise,Technology,Email,Product,8,3,2,Yes,"Service is okay, expecting more frequent software updates."
RSP-3229,CUST-1782,2025-09-28,Asia-Pacific,SMB,Retail,Email,Customer Support,1,1,10,Yes,"Issue took over a week to resolve, very frustrating."
RSP-3230,CUST-3310,2025-10-10,North America,Mid-Market,Technology,Email,Delivery,3,3,7,No,Quality has visibly degraded over the last few months.
RSP-3233,CUST-3827,2025-12-14,North America,Mid-Market,Retail,In-App,Delivery,9,4,1,Yes,Top-tier enterprise platform with excellent security features.
RSP-3234,CUST-4906,2025-10-31,Europe,Enterprise,Healthcare,Web,Quality,9,5,2,Yes,Super fast delivery and pristine quality. Highly recommended!
RSP-3235,CUST-3122,2025-01-05,Europe,SMB,Healthcare,Email,Delivery,6,1,4,Yes,Platform UI is slow and unintuitive.
RSP-3236,CUST-2273,2025-12-03,North America,SMB,Technology,Email,Customer Support,10,4,1,Yes,Super fast delivery and pristine quality. Highly recommended!
RSP-3237,CUST-2168,2025-07-13,North America,SMB,Technology,Email,Product,2,3,21,No,Frequent downtime impacted our business operations.
RSP-3238,CUST-3190,2025-01-28,Asia-Pacific,SMB,Finance,Web,Product,7,4,4,Yes,"Acceptable response time, issue was eventually fixed."
RSP-3239,CUST-3040,2025-12-14,Asia-Pacific,Mid-Market,Finance,In-App,Product,10,5,1,Yes,Top-tier enterprise platform with excellent security features.
RSP-3240,CUST-4750,2025-04-04,Europe,Mid-Market,Healthcare,Email,Delivery,3,3,4,Yes,Billing error was not resolved on time.
RSP-3241,CUST-3899,2025-08-28,Latin America,SMB,Finance,Phone,Product,7,3,4,Yes,"Delivery was on time, product packaging was slightly damaged."
RSP-3242,CUST-3259,2025-08-08,Europe,Mid-Market,Healthcare,Phone,Quality,3,1,4,Yes,Platform UI is slow and unintuitive.
RSP-3243,CUST-2874,2025-06-06,Europe,Enterprise,Technology,In-App,Customer Support,3,1,4,Yes,Product keeps crashing after the latest update.
RSP-3244,CUST-3503,2025-07-28,Europe,Mid-Market,Technology,Phone,Delivery,4,2,5,Yes,"Issue took over a week to resolve, very frustrating."
RSP-3245,CUST-1738,2025-11-21,Latin America,Enterprise,Technology,Web,Customer Support,9,4,1,Yes,Fantastic product! Has significantly improved our team productivity.
RSP-3246,CUST-1628,2025-05-03,Europe,Mid-Market,Finance,Email,Product,7,5,4,No,"Support resolved the issue, but communication could be better."
RSP-3247,CUST-2352,2025-10-22,Europe,Enterprise,Technology,Web,Product,6,1,7,Yes,Support response was extremely slow and unhelpful.
RSP-3248,CUST-1692,2025-05-27,North America,Mid-Market,Healthcare,Phone,Customer Support,3,2,4,Yes,Platform UI is slow and unintuitive.
RSP-3249,CUST-5037,2025-01-06,Europe,SMB,Finance,Email,Delivery,4,2,4,Yes,Customer service agent was rude and transferred me three times.
RSP-3250,CUST-5167,2025-03-11,North America,SMB,Finance,Email,Quality,7,4,2,Yes,"Service is okay, expecting more frequent software updates."
RSP-3251,CUST-5078,2025-09-21,North America,SMB,Technology,Email,Pricing,10,4,2,Yes,Fantastic product! Has significantly improved our team productivity.
RSP-3252,CUST-4321,2025-01-08,Asia-Pacific,SMB,Technology,Email,Product,1,1,10,Yes,Frequent downtime impacted our business operations.
RSP-3253,CUST-2557,2025-01-04,Europe,SMB,Healthcare,Phone,Product,8,3,4,Yes,"Decent features for SMBs, but needs better reporting tools."
RSP-3254,CUST-3826,2025-05-06,Europe,Mid-Market,Finance,Email,Product,10,4,1,Yes,Exceptional customer support! Issue resolved within an hour.
RSP-3255,CUST-4675,2025-03-28,Asia-Pacific,Mid-Market,Finance,Phone,Product,8,4,5,Yes,"Pricing is fair, but onboarding was slightly confusing."
RSP-3256,CUST-2432,2025-02-08,Europe,Mid-Market,Technology,Phone,Product,7,4,3,Yes,"Acceptable response time, issue was eventually fixed."
RSP-3257,CUST-2092,2025-09-21,North America,Mid-Market,Technology,Phone,Quality,3,2,7,Yes,"Issue took over a week to resolve, very frustrating."
RSP-3258,CUST-1417,2025-08-05,North America,Mid-Market,Technology,Email,Customer Support,0,2,7,No,Billing error was not resolved on time.
RSP-3259,CUST-4105,2025-03-29,North America,SMB,Finance,Email,Product,8,5,3,Yes,"Acceptable response time, issue was eventually fixed."
RSP-3260,CUST-1927,2025-06-23,North America,Mid-Market,Technology,Web,Delivery,2,1,14,No,Pricing is way too high for the features provided.
RSP-3261,CUST-1965,2025-05-29,North America,SMB,Technology,Email,Product,3,1,7,Yes,Quality has visibly degraded over the last few months.
RSP-3262,CUST-4957,2025-05-31,Europe,Mid-Market,Finance,Email,Customer Support,8,5,2,Yes,"Delivery was on time, product packaging was slightly damaged."
RSP-3263,CUST-2745,2025-01-02,Europe,SMB,Technology,Phone,Product,10,4,1,Yes,Top-tier enterprise platform with excellent security features.
RSP-3264,CUST-2781,2025-06-06,Europe,Enterprise,Finance,In-App,Product,8,3,3,Yes,"Product works fine, but missing key integrations."
RSP-3265,CUST-4793,2025-11-13,North America,Mid-Market,Technology,Web,Customer Support,9,5,3,Yes,Best customer service team in the industry. Kudos!
RSP-3266,CUST-1471,2025-07-02,Europe,Mid-Market,Finance,Phone,Pricing,2,1,5,No,Support response was extremely slow and unhelpful.
RSP-3267,CUST-4771,2025-06-18,North America,Mid-Market,Healthcare,Email,Delivery,5,1,7,No,Quality has visibly degraded over the last few months.
RSP-3268,CUST-3899,2025-02-24,Middle East & Africa,Mid-Market,Healthcare,Email,Pricing,2,2,4,Yes,Support response was extremely slow and unhelpful.
RSP-3269,CUST-3864,2025-04-06,North America,SMB,Finance,Phone,Product,9,4,1,Yes,Top-tier enterprise platform with excellent security features.
RSP-3270,CUST-3904,2025-01-05,Latin America,Enterprise,Healthcare,Phone,Quality,1,1,4,Yes,Product keeps crashing after the latest update.
RSP-3271,CUST-4529,2025-09-09,North America,SMB,Technology,In-App,Product,10,5,1,Yes,Great value for money and outstanding service reliability.
RSP-3272,CUST-1694,2025-09-28,North America,Mid-Market,Healthcare,Phone,Customer Support,9,5,3,Yes,Super fast delivery and pristine quality. Highly recommended!
RSP-3273,CUST-4364,2025-03-05,North America,Enterprise,Healthcare,Phone,Product,6,2,7,Yes,Billing error was not resolved on time.
RSP-3274,CUST-1056,2025-03-21,Latin America,Mid-Market,Healthcare,Web,Product,7,3,2,Yes,"Delivery was on time, product packaging was slightly damaged."
RSP-3275,CUST-2852,2025-08-29,North America,Mid-Market,Finance,Email,Product,9,4,1,Yes,Top-tier enterprise platform with excellent security features.
RSP-3276,CUST-4066,2025-06-03,Asia-Pacific,SMB,Finance,Email,Customer Support,5,1,7,No,"Issue took over a week to resolve, very frustrating."
RSP-3277,CUST-4508,2025-04-04,North America,Enterprise,Retail,Web,Customer Support,7,4,4,Yes,"Delivery was on time, product packaging was slightly damaged."
RSP-3278,CUST-1890,2025-08-13,North America,Enterprise,Healthcare,Email,Delivery,5,1,10,Yes,Billing error was not resolved on time.
RSP-3279,CUST-2325,2025-03-13,Europe,SMB,Healthcare,Email,Delivery,8,5,3,Yes,"Acceptable response time, issue was eventually fixed."
RSP-3280,CUST-4555,2025-01-03,North America,SMB,Manufacturing,Phone,Customer Support,8,4,4,Yes,"Acceptable response time, issue was eventually fixed."
RSP-3281,CUST-2625,2025-02-26,Europe,Mid-Market,Retail,Web,Product,7,5,3,No,"Pricing is fair, but onboarding was slightly confusing."
RSP-3282,CUST-3333,2025-01-21,Asia-Pacific,Mid-Market,Technology,Email,Customer Support,7,4,4,Yes,"Average experience, nothing exceptional to report."
RSP-3283,CUST-4232,2025-08-04,Asia-Pacific,Mid-Market,Technology,Email,Quality,5,1,5,Yes,"Issue took over a week to resolve, very frustrating."
RSP-3284,CUST-1258,2025-03-24,Europe,Enterprise,Retail,Email,Customer Support,3,3,7,No,Pricing is way too high for the features provided.
RSP-3285,CUST-4926,2025-12-07,Asia-Pacific,SMB,Retail,Email,Customer Support,6,2,21,No,Quality has visibly degraded over the last few months.
RSP-3286,CUST-1973,2025-08-04,North America,Mid-Market,Healthcare,Email,Product,7,5,3,Yes,"Service is okay, expecting more frequent software updates."
RSP-3287,CUST-5059,2025-12-16,Europe,Mid-Market,Manufacturing,Phone,Product,8,5,3,Yes,"Average experience, nothing exceptional to report."
RSP-3288,CUST-3661,2025-07-24,North America,Enterprise,Retail,Email,Delivery,4,3,4,No,Platform UI is slow and unintuitive.
RSP-3289,CUST-4185,2025-03-09,North America,SMB,Manufacturing,Email,Product,4,2,4,Yes,Product keeps crashing after the latest update.
RSP-3290,CUST-1883,2025-01-11,North America,Mid-Market,Technology,Web,Quality,6,2,7,No,Delivery took twice as long as promised.
RSP-3291,CUST-2274,2025-06-26,Europe,Mid-Market,Finance,Web,Delivery,3,1,7,Yes,Platform UI is slow and unintuitive.
RSP-3292,CUST-1111,2025-12-17,Europe,Mid-Market,Retail,Email,Customer Support,8,4,3,Yes,"Pricing is fair, but onboarding was slightly confusing."
RSP-3293,CUST-1426,2025-12-14,North America,SMB,Retail,Phone,Quality,7,4,5,Yes,"Acceptable response time, issue was eventually fixed."
RSP-3294,CUST-4519,2025-11-02,North America,Mid-Market,Finance,Email,Pricing,4,2,5,Yes,Support response was extremely slow and unhelpful.
RSP-3295,CUST-4558,2025-09-03,North America,Mid-Market,Healthcare,In-App,Delivery,6,1,4,Yes,Quality has visibly degraded over the last few months.
RSP-3296,CUST-3311,2025-09-06,North America,SMB,Finance,Email,Customer Support,3,2,10,No,Product keeps crashing after the latest update.
RSP-3297,CUST-4513,2025-05-07,North America,Mid-Market,Healthcare,In-App,Pricing,3,2,14,Yes,Frequent downtime impacted our business operations.
RSP-3298,CUST-2249,2025-09-19,Asia-Pacific,Mid-Market,Technology,Email,Delivery,8,4,2,Yes,"Average experience, nothing exceptional to report."
RSP-3299,CUST-3043,2025-05-24,Europe,Mid-Market,Finance,Email,Customer Support,10,5,2,Yes,Fantastic product! Has significantly improved our team productivity.
RSP-3300,CUST-3158,2025-12-25,Europe,Mid-Market,Finance,Email,Customer Support,10,5,2,Yes,Great value for money and outstanding service reliability.
RSP-3301,CUST-4515,2025-04-12,Europe,Mid-Market,Healthcare,Web,Delivery,9,5,1,No,Best customer service team in the industry. Kudos!
RSP-3302,CUST-1844,2025-12-25,North America,SMB,Technology,Web,Customer Support,10,5,1,Yes,Super fast delivery and pristine quality. Highly recommended!
RSP-3303,CUST-2545,2025-10-30,Europe,Mid-Market,Technology,Email,Customer Support,1,3,10,No,Delivery took twice as long as promised.
RSP-3304,CUST-2879,2025-03-03,North America,Enterprise,Healthcare,In-App,Delivery,3,1,7,Yes,Delivery took twice as long as promised.
RSP-3305,CUST-4287,2025-01-20,North America,Mid-Market,Finance,Phone,Customer Support,9,5,1,Yes,The team went above and beyond to help us with our migration.
RSP-3306,CUST-2574,2025-03-16,Latin America,Mid-Market,Technology,Web,Product,10,4,3,Yes,Top-tier enterprise platform with excellent security features.
RSP-3307,CUST-1144,2025-11-12,Asia-Pacific,Mid-Market,Manufacturing,Email,Product,1,3,7,No,Pricing is way too high for the features provided.
RSP-3308,CUST-1744,2025-01-27,Asia-Pacific,SMB,Finance,Phone,Customer Support,9,4,1,Yes,Top-tier enterprise platform with excellent security features.
RSP-3309,CUST-4336,2025-09-26,North America,Mid-Market,Finance,In-App,Delivery,7,4,2,Yes,"Delivery was on time, product packaging was slightly damaged."
RSP-3310,CUST-2895,2025-04-24,Middle East & Africa,Enterprise,Unknown,Email,Delivery,6,2,10,Yes,"Issue took over a week to resolve, very frustrating."
RSP-3311,CUST-4490,2025-09-03,Latin America,Mid-Market,Finance,Phone,Quality,8,5,2,Yes,"Product works fine, but missing key integrations."
RSP-3312,CUST-5176,2025-08-07,Asia-Pacific,SMB,Healthcare,Email,Product,6,3,10,Yes,Support response was extremely slow and unhelpful.
RSP-3313,CUST-3492,2025-02-26,Latin America,Enterprise,Healthcare,Email,Quality,8,4,3,Yes,"Delivery was on time, product packaging was slightly damaged."
RSP-3314,CUST-3978,2025-05-24,North America,Mid-Market,Technology,Web,Customer Support,6,1,4,Yes,"Issue took over a week to resolve, very frustrating."
RSP-3315,CUST-4424,2025-05-07,Europe,Mid-Market,Finance,Email,Delivery,9,5,1,Yes,Smooth experience from purchase to setup. Very satisfied!
RSP-3316,CUST-1389,2025-04-04,North America,Enterprise,Technology,Web,Customer Support,9,5,1,Yes,Exceptional customer support! Issue resolved within an hour.
RSP-3317,CUST-1004,2025-01-27,North America,Mid-Market,Healthcare,Email,Product,6,1,5,Yes,"Issue took over a week to resolve, very frustrating."
RSP-3318,CUST-2736,2025-05-27,North America,Mid-Market,Technology,Email,Product,9,5,1,Yes,Best customer service team in the industry. Kudos!
RSP-3319,CUST-3295,2025-11-07,North America,Enterprise,Manufacturing,Web,Product,8,4,2,Yes,"Support resolved the issue, but communication could be better."
RSP-3320,CUST-4529,2025-04-05,North America,Mid-Market,Finance,Phone,Pricing,7,4,3,Yes,"Delivery was on time, product packaging was slightly damaged."
RSP-3321,CUST-5024,2025-07-06,Asia-Pacific,SMB,Healthcare,In-App,Product,6,1,7,No,"Issue took over a week to resolve, very frustrating."
RSP-3322,CUST-3493,2025-02-27,North America,SMB,Healthcare,Phone,Quality,2,2,5,Yes,Product keeps crashing after the latest update.
RSP-3323,CUST-1111,2025-12-16,Europe,SMB,Finance,Phone,Quality,4,2,5,Yes,Platform UI is slow and unintuitive.
RSP-3324,CUST-2067,2025-06-19,North America,Enterprise,Technology,Email,Product,9,5,1,Yes,Smooth experience from purchase to setup. Very satisfied!
RSP-3325,CUST-3960,2025-10-29,Asia-Pacific,Enterprise,Finance,Email,Customer Support,6,2,14,No,Platform UI is slow and unintuitive.
RSP-3326,CUST-4044,2025-05-02,North America,Mid-Market,Manufacturing,Phone,Pricing,4,3,14,No,Quality has visibly degraded over the last few months.
RSP-3327,CUST-2720,2025-10-27,North America,Mid-Market,Manufacturing,In-App,Product,7,4,3,Yes,"Decent features for SMBs, but needs better reporting tools."
RSP-3328,CUST-1714,2025-02-24,Asia-Pacific,SMB,Technology,Email,Product,10,5,1,Yes,Super fast delivery and pristine quality. Highly recommended!
RSP-3329,CUST-1985,2025-01-22,North America,SMB,Finance,Web,Product,10,5,1,Yes,Great value for money and outstanding service reliability.
RSP-3330,CUST-2580,2025-12-27,North America,Enterprise,Finance,Phone,Product,6,3,4,Yes,Billing error was not resolved on time.
RSP-3331,CUST-1808,2025-02-08,Europe,SMB,Technology,In-App,Delivery,4,1,7,Yes,Platform UI is slow and unintuitive.
RSP-3332,CUST-3809,2025-06-04,Europe,Enterprise,Healthcare,Web,Customer Support,4,2,7,Yes,Billing error was not resolved on time.
RSP-3333,CUST-2654,2025-10-01,Europe,Mid-Market,Healthcare,Web,Product,3,1,21,No,Delivery took twice as long as promised.
RSP-3334,CUST-1358,2025-03-07,North America,Mid-Market,Technology,Phone,Delivery,10,5,1,Yes,Great value for money and outstanding service reliability.
RSP-3335,CUST-4425,2025-10-09,Asia-Pacific,Mid-Market,Finance,Email,Delivery,8,5,4,Yes,"Delivery was on time, product packaging was slightly damaged."
RSP-3336,CUST-3845,2025-07-07,Asia-Pacific,Enterprise,Technology,Phone,Product,10,5,1,Yes,Best customer service team in the industry. Kudos!
RSP-3337,CUST-1961,2025-08-12,Asia-Pacific,Mid-Market,Technology,Web,Delivery,1,2,4,No,Product keeps crashing after the latest update.
RSP-3338,CUST-4955,2025-08-03,Europe,SMB,Technology,In-App,Product,1,1,7,Yes,Platform UI is slow and unintuitive.
RSP-3339,CUST-5127,2025-01-12,Europe,Mid-Market,Technology,Phone,Product,9,5,3,Yes,Super fast delivery and pristine quality. Highly recommended!
RSP-3340,CUST-3245,2025-12-23,Middle East & Africa,Mid-Market,Manufacturing,Email,Customer Support,9,4,1,Yes,Super fast delivery and pristine quality. Highly recommended!
RSP-3341,CUST-3372,2025-01-24,Europe,Enterprise,Finance,Email,Quality,0,1,5,Yes,Frequent downtime impacted our business operations.
RSP-3342,CUST-1498,2025-12-22,Middle East & Africa,Enterprise,Technology,Email,Quality,6,1,7,Yes,Pricing is way too high for the features provided.
RSP-3343,CUST-4256,2025-09-11,Europe,Mid-Market,Retail,In-App,Customer Support,7,4,2,Yes,"Support resolved the issue, but communication could be better."
RSP-3344,CUST-2355,2025-08-13,Europe,SMB,Technology,Web,Customer Support,6,2,14,No,Platform UI is slow and unintuitive.
RSP-3345,CUST-4146,2025-10-15,Asia-Pacific,Enterprise,Retail,Phone,Delivery,1,1,4,No,Customer service agent was rude and transferred me three times.
RSP-3346,CUST-4283,2025-11-07,North America,Enterprise,Healthcare,Phone,Product,1,1,7,Yes,Quality has visibly degraded over the last few months.
RSP-3347,CUST-2695,2025-04-05,Europe,Enterprise,Technology,Email,Product,4,1,5,No,Support response was extremely slow and unhelpful.
RSP-3348,CUST-2310,2025-10-20,North America,SMB,Retail,Web,Delivery,8,3,2,Yes,"Pricing is fair, but onboarding was slightly confusing."
RSP-3349,CUST-1072,2025-09-20,Latin America,Mid-Market,Manufacturing,Email,Pricing,9,5,1,Yes,Best customer service team in the industry. Kudos!
RSP-3350,CUST-5127,2025-12-29,Middle East & Africa,Mid-Market,Healthcare,Web,Delivery,7,3,3,Yes,"Delivery was on time, product packaging was slightly damaged."
RSP-3351,CUST-3485,2025-04-23,North America,Mid-Market,Retail,Email,Quality,8,4,2,Yes,"Delivery was on time, product packaging was slightly damaged."
RSP-3352,CUST-3199,2025-10-10,Europe,Enterprise,Healthcare,In-App,Product,8,5,4,Yes,"Support resolved the issue, but communication could be better."
RSP-3353,CUST-2401,2025-04-25,Asia-Pacific,Mid-Market,Retail,In-App,Delivery,3,1,5,Yes,Support response was extremely slow and unhelpful.
RSP-3354,CUST-2951,2025-05-30,Europe,Mid-Market,Healthcare,Email,Quality,3,1,7,Yes,Support response was extremely slow and unhelpful.
RSP-3355,CUST-2213,2025-05-23,North America,Mid-Market,Retail,Phone,Delivery,2,2,14,Yes,Delivery took twice as long as promised.
RSP-3356,CUST-3215,2025-01-27,Asia-Pacific,Mid-Market,Finance,In-App,Quality,9,5,3,Yes,Great value for money and outstanding service reliability.
RSP-3357,CUST-2720,2025-10-01,Latin America,Enterprise,Finance,Web,Product,9,5,1,Yes,Fantastic product! Has significantly improved our team productivity.
RSP-3358,CUST-1011,2025-11-29,Europe,Mid-Market,Technology,Email,Product,6,1,10,Yes,"Issue took over a week to resolve, very frustrating."
RSP-3359,CUST-4023,2025-06-16,Asia-Pacific,Enterprise,Healthcare,Email,Quality,8,5,2,Yes,"Support resolved the issue, but communication could be better."
RSP-3360,CUST-3163,2025-03-10,Europe,SMB,Healthcare,Phone,Product,9,5,1,Yes,Top-tier enterprise platform with excellent security features.
RSP-3361,CUST-3415,2025-06-16,Middle East & Africa,Mid-Market,Retail,In-App,Pricing,8,5,2,Yes,"Product works fine, but missing key integrations."
RSP-3362,CUST-1085,2025-07-02,Europe,Mid-Market,Technology,Web,Customer Support,10,5,1,Yes,Great value for money and outstanding service reliability.
RSP-3363,CUST-3291,2025-04-01,Europe,SMB,Technology,Phone,Customer Support,7,4,2,Yes,"Delivery was on time, product packaging was slightly damaged."
RSP-3364,CUST-1128,2025-10-03,North America,SMB,Healthcare,Email,Delivery,1,3,5,No,Frequent downtime impacted our business operations.
RSP-3365,CUST-1871,2025-12-19,North America,SMB,Technology,Email,Product,8,4,3,Yes,"Decent features for SMBs, but needs better reporting tools."
RSP-3366,CUST-3108,2025-11-17,North America,Mid-Market,Retail,Phone,Quality,5,1,4,No,Frequent downtime impacted our business operations.
RSP-3367,CUST-2688,2025-08-15,Latin America,SMB,Healthcare,Web,Delivery,4,2,4,Yes,Pricing is way too high for the features provided.
RSP-3368,CUST-3656,2025-05-18,North America,SMB,Healthcare,Email,Pricing,4,1,7,No,Pricing is way too high for the features provided.
RSP-3369,CUST-4239,2025-03-21,North America,Mid-Market,Technology,Phone,Product,6,2,14,No,Billing error was not resolved on time.
RSP-3370,CUST-2898,2025-08-11,Latin America,Mid-Market,Technology,Email,Pricing,6,3,4,Yes,"Issue took over a week to resolve, very frustrating."
RSP-3371,CUST-2215,2025-09-03,North America,Mid-Market,Technology,Phone,Customer Support,6,1,10,Yes,Product keeps crashing after the latest update.
RSP-3372,CUST-5062,2025-04-03,Europe,Mid-Market,Retail,Phone,Pricing,5,1,5,Yes,Billing error was not resolved on time.
RSP-3373,CUST-2515,2025-04-01,Europe,Mid-Market,Technology,Phone,Quality,8,4,5,Yes,"Pricing is fair, but onboarding was slightly confusing."
RSP-3374,CUST-5018,2025-04-03,North America,SMB,Technology,Web,Product,0,1,5,Yes,Quality has visibly degraded over the last few months.
RSP-3375,CUST-1172,2025-06-08,North America,SMB,Finance,Web,Quality,6,3,7,Yes,No feedback provided
RSP-3376,CUST-2455,2025-07-21,Asia-Pacific,Enterprise,Retail,Phone,Product,3,1,14,No,Frequent downtime impacted our business operations.
RSP-3377,CUST-2538,2025-02-05,North America,Mid-Market,Technology,Web,Product,10,5,2,Yes,Super fast delivery and pristine quality. Highly recommended!
RSP-3378,CUST-1590,2025-08-07,Asia-Pacific,Mid-Market,Retail,Web,Customer Support,8,5,5,Yes,"Pricing is fair, but onboarding was slightly confusing."
RSP-3379,CUST-4727,2025-11-27,North America,Enterprise,Retail,Email,Product,5,2,7,Yes,Customer service agent was rude and transferred me three times.
RSP-3380,CUST-1821,2025-09-27,North America,SMB,Manufacturing,Email,Product,8,4,4,Yes,"Average experience, nothing exceptional to report."
RSP-3381,CUST-1096,2025-11-05,Latin America,Enterprise,Technology,Phone,Quality,7,5,4,Yes,"Support resolved the issue, but communication could be better."
RSP-3382,CUST-4095,2025-07-16,North America,Enterprise,Retail,Email,Product,10,5,1,Yes,Exceptional customer support! Issue resolved within an hour.
RSP-3383,CUST-1901,2025-01-07,North America,Mid-Market,Finance,Web,Product,6,1,21,No,Support response was extremely slow and unhelpful.
RSP-3384,CUST-2082,2025-05-08,Europe,Enterprise,Finance,Phone,Quality,4,3,5,Yes,Product keeps crashing after the latest update.
RSP-3385,CUST-3192,2025-03-15,North America,Mid-Market,Manufacturing,Web,Customer Support,4,1,7,No,Frequent downtime impacted our business operations.
RSP-3386,CUST-1110,2025-01-05,Asia-Pacific,Enterprise,Technology,Email,Pricing,5,3,5,Yes,Product keeps crashing after the latest update.
RSP-3387,CUST-3772,2025-12-29,Europe,SMB,Manufacturing,Phone,Product,9,5,1,Yes,Fantastic product! Has significantly improved our team productivity.
RSP-3388,CUST-2657,2025-03-13,Asia-Pacific,Mid-Market,Finance,Web,Customer Support,0,1,4,No,Billing error was not resolved on time.
RSP-3389,CUST-4639,2025-03-25,Europe,Mid-Market,Retail,Email,Customer Support,7,4,3,No,"Delivery was on time, product packaging was slightly damaged."
RSP-3390,CUST-3717,2025-09-03,Asia-Pacific,Enterprise,Manufacturing,Web,Product,2,1,7,Yes,Delivery took twice as long as promised.
RSP-3391,CUST-2997,2025-01-29,North America,Mid-Market,Technology,Email,Delivery,3,2,14,Yes,Platform UI is slow and unintuitive.
RSP-3392,CUST-3191,2025-11-18,North America,Enterprise,Healthcare,Web,Customer Support,8,4,3,Yes,"Support resolved the issue, but communication could be better."
RSP-3393,CUST-1173,2025-01-23,Europe,Enterprise,Retail,Phone,Product,8,5,2,Yes,"Support resolved the issue, but communication could be better."
RSP-3394,CUST-3430,2025-02-22,Europe,Mid-Market,Technology,In-App,Customer Support,10,5,2,Yes,Top-tier enterprise platform with excellent security features.
RSP-3395,CUST-2161,2025-01-01,North America,SMB,Technology,In-App,Delivery,10,5,2,Yes,Great value for money and outstanding service reliability.
RSP-3396,CUST-1196,2025-04-27,Europe,SMB,Retail,Email,Delivery,4,1,5,No,Customer service agent was rude and transferred me three times.
RSP-3397,CUST-4157,2025-03-17,North America,Mid-Market,Manufacturing,Email,Customer Support,9,5,2,Yes,Smooth experience from purchase to setup. Very satisfied!
RSP-3398,CUST-3349,2025-04-26,North America,Mid-Market,Retail,Email,Product,9,5,1,Yes,Top-tier enterprise platform with excellent security features.
RSP-3399,CUST-1920,2025-09-09,Asia-Pacific,SMB,Manufacturing,Phone,Customer Support,9,5,2,Yes,Super fast delivery and pristine quality. Highly recommended!
RSP-3400,CUST-1902,2025-04-25,North America,Mid-Market,Retail,Web,Delivery,5,2,5,Yes,Product keeps crashing after the latest update.
RSP-3401,CUST-3308,2025-07-02,Europe,SMB,Retail,Email,Product,8,4,3,Yes,"Support resolved the issue, but communication could be better."
RSP-3402,CUST-3733,2025-03-02,North America,SMB,Technology,Email,Quality,10,5,1,Yes,Smooth experience from purchase to setup. Very satisfied!
RSP-3403,CUST-1694,2025-01-23,North America,Enterprise,Unknown,Email,Quality,3,2,7,Yes,Frequent downtime impacted our business operations.
RSP-3404,CUST-2237,2025-04-02,North America,SMB,Healthcare,Web,Customer Support,3,2,7,No,Customer service agent was rude and transferred me three times.
RSP-3405,CUST-3743,2025-11-04,Latin America,Enterprise,Technology,Email,Pricing,0,2,7,Yes,Delivery took twice as long as promised.
RSP-3406,CUST-4483,2025-03-18,North America,Enterprise,Healthcare,Email,Product,2,2,5,Yes,Quality has visibly degraded over the last few months.
RSP-3407,CUST-3351,2025-06-28,North America,Enterprise,Healthcare,Email,Customer Support,3,3,4,No,Product keeps crashing after the latest update.
RSP-3408,CUST-3220,2025-09-13,Asia-Pacific,Mid-Market,Manufacturing,Email,Product,6,1,5,Yes,"Issue took over a week to resolve, very frustrating."
RSP-3409,CUST-3174,2025-12-31,North America,Mid-Market,Technology,Phone,Pricing,5,1,5,No,Product keeps crashing after the latest update.
RSP-3410,CUST-1017,2025-03-18,North America,SMB,Healthcare,Email,Pricing,9,5,1,Yes,Super fast delivery and pristine quality. Highly recommended!
RSP-3411,CUST-3623,2025-03-17,North America,Mid-Market,Technology,Phone,Customer Support,6,3,4,Yes,Customer service agent was rude and transferred me three times.
RSP-3412,CUST-4659,2025-09-02,Europe,SMB,Manufacturing,Web,Product,10,5,1,Yes,Fantastic product! Has significantly improved our team productivity.
RSP-3413,CUST-1927,2025-10-23,Europe,Mid-Market,Manufacturing,Email,Customer Support,5,2,10,Yes,Customer service agent was rude and transferred me three times.
RSP-3414,CUST-3281,2025-03-16,North America,SMB,Finance,Phone,Product,7,4,4,Yes,"Support resolved the issue, but communication could be better."
RSP-3415,CUST-3646,2025-03-07,Europe,Enterprise,Technology,Phone,Product,2,2,7,No,Delivery took twice as long as promised.
RSP-3416,CUST-4154,2025-06-30,Europe,SMB,Technology,Email,Customer Support,5,2,7,Yes,"Issue took over a week to resolve, very frustrating."
RSP-3417,CUST-5048,2025-08-06,Europe,SMB,Technology,Email,Quality,2,1,5,Yes,Billing error was not resolved on time.
RSP-3418,CUST-4391,2025-11-05,Europe,Mid-Market,Manufacturing,Web,Pricing,4,1,21,Yes,"Issue took over a week to resolve, very frustrating."
RSP-3419,CUST-2132,2025-12-01,Asia-Pacific,Enterprise,Finance,In-App,Delivery,2,1,7,Yes,Pricing is way too high for the features provided.
RSP-3420,CUST-4139,2025-08-03,Europe,Mid-Market,Technology,Phone,Customer Support,4,2,14,Yes,Platform UI is slow and unintuitive.
RSP-3421,CUST-5072,2025-10-03,North America,SMB,Technology,Email,Customer Support,5,1,21,Yes,Platform UI is slow and unintuitive.
RSP-3422,CUST-5035,2025-09-30,Latin America,Enterprise,Retail,Phone,Product,9,5,1,Yes,Great value for money and outstanding service reliability.
RSP-3423,CUST-4150,2025-02-12,Europe,SMB,Finance,Email,Product,7,5,3,Yes,"Decent features for SMBs, but needs better reporting tools."
RSP-3424,CUST-2796,2025-12-26,North America,SMB,Finance,Web,Pricing,1,1,21,Yes,No feedback provided
RSP-3425,CUST-2926,2025-07-05,Asia-Pacific,SMB,Finance,Email,Product,9,4,1,Yes,Exceptional customer support! Issue resolved within an hour.
RSP-3426,CUST-2665,2025-01-09,North America,Mid-Market,Manufacturing,Phone,Customer Support,10,5,3,Yes,Smooth experience from purchase to setup. Very satisfied!
RSP-3427,CUST-4882,2025-03-10,Asia-Pacific,Mid-Market,Retail,Web,Product,7,4,2,Yes,"Support resolved the issue, but communication could be better."
RSP-3428,CUST-1488,2025-06-28,North America,SMB,Technology,Phone,Product,6,1,7,Yes,"Issue took over a week to resolve, very frustrating."
RSP-3429,CUST-2141,2025-05-31,Latin America,Enterprise,Retail,Phone,Customer Support,5,2,7,Yes,Billing error was not resolved on time.
RSP-3430,CUST-2180,2025-10-10,North America,Enterprise,Technology,Email,Product,9,5,1,Yes,Top-tier enterprise platform with excellent security features.
RSP-3431,CUST-2986,2025-04-18,Europe,Mid-Market,Finance,Web,Customer Support,6,2,5,No,Pricing is way too high for the features provided.
RSP-3432,CUST-1457,2025-03-12,Asia-Pacific,Mid-Market,Manufacturing,Phone,Delivery,0,2,14,No,Product keeps crashing after the latest update.
RSP-3433,CUST-2172,2025-07-13,Europe,Mid-Market,Finance,Web,Delivery,4,2,14,No,Support response was extremely slow and unhelpful.
RSP-3434,CUST-4479,2025-07-10,North America,Enterprise,Retail,Web,Delivery,5,3,14,No,Support response was extremely slow and unhelpful.
RSP-3435,CUST-1868,2025-12-06,North America,SMB,Technology,In-App,Product,9,5,2,Yes,Fantastic product! Has significantly improved our team productivity.
RSP-3436,CUST-4906,2025-11-01,North America,SMB,Healthcare,Email,Pricing,5,2,7,No,Delivery took twice as long as promised.
RSP-3437,CUST-1247,2025-03-17,Asia-Pacific,Mid-Market,Manufacturing,Phone,Customer Support,9,5,1,Yes,Smooth experience from purchase to setup. Very satisfied!
RSP-3438,CUST-2157,2025-02-10,North America,Mid-Market,Healthcare,Email,Quality,4,1,10,Yes,Pricing is way too high for the features provided.
RSP-3439,CUST-1631,2025-01-07,Europe,SMB,Retail,Web,Product,2,1,4,Yes,Frequent downtime impacted our business operations.
RSP-3440,CUST-4411,2025-03-18,North America,Mid-Market,Technology,Phone,Delivery,2,2,7,No,Delivery took twice as long as promised.
RSP-3441,CUST-4848,2025-03-13,Latin America,SMB,Finance,Email,Product,9,5,1,Yes,The team went above and beyond to help us with our migration.
RSP-3442,CUST-4851,2025-07-30,North America,SMB,Technology,Phone,Product,9,5,1,Yes,Smooth experience from purchase to setup. Very satisfied!
RSP-3443,CUST-4637,2025-11-27,North America,Mid-Market,Finance,In-App,Product,2,1,4,Yes,Support response was extremely slow and unhelpful.
RSP-3444,CUST-3349,2025-02-26,North America,Mid-Market,Manufacturing,Email,Pricing,7,5,5,Yes,"Average experience, nothing exceptional to report."
RSP-3445,CUST-1491,2025-11-25,Asia-Pacific,Mid-Market,Healthcare,In-App,Delivery,0,2,7,No,Support response was extremely slow and unhelpful.
RSP-3446,CUST-2421,2025-09-15,North America,Mid-Market,Technology,In-App,Product,10,4,1,Yes,Super fast delivery and pristine quality. Highly recommended!
RSP-3447,CUST-1089,2025-07-22,North America,Mid-Market,Technology,Phone,Product,10,4,1,Yes,Top-tier enterprise platform with excellent security features.
RSP-3448,CUST-4721,2025-10-11,Latin America,SMB,Retail,Email,Quality,8,5,3,No,"Delivery was on time, product packaging was slightly damaged."
RSP-3449,CUST-5111,2025-06-06,Europe,Mid-Market,Healthcare,Phone,Customer Support,7,4,3,Yes,"Pricing is fair, but onboarding was slightly confusing."
RSP-3450,CUST-4470,2025-03-22,North America,SMB,Finance,Email,Customer Support,4,1,7,Yes,Quality has visibly degraded over the last few months.
RSP-3451,CUST-1753,2025-09-25,North America,Mid-Market,Manufacturing,Email,Product,10,5,1,Yes,Top-tier enterprise platform with excellent security features.
RSP-3452,CUST-2025,2025-04-19,Europe,Mid-Market,Manufacturing,Phone,Customer Support,10,5,1,Yes,Top-tier enterprise platform with excellent security features.
RSP-3453,CUST-1458,2025-04-23,North America,Mid-Market,Healthcare,Email,Product,8,4,2,Yes,"Decent features for SMBs, but needs better reporting tools."
RSP-3454,CUST-2504,2025-10-14,Middle East & Africa,SMB,Healthcare,In-App,Customer Support,3,2,4,No,Frequent downtime impacted our business operations.
RSP-3455,CUST-1632,2025-12-21,Middle East & Africa,Mid-Market,Healthcare,Phone,Product,9,5,1,Yes,Best customer service team in the industry. Kudos!
RSP-3456,CUST-4910,2025-06-10,North America,SMB,Healthcare,Phone,Product,7,4,3,No,"Decent features for SMBs, but needs better reporting tools."
RSP-3457,CUST-4116,2025-03-26,Europe,SMB,Manufacturing,Phone,Customer Support,10,5,2,Yes,Exceptional customer support! Issue resolved within an hour.
RSP-3458,CUST-4043,2025-11-28,Asia-Pacific,Enterprise,Finance,Email,Quality,6,1,21,No,Customer service agent was rude and transferred me three times.
RSP-3459,CUST-2595,2025-05-19,Middle East & Africa,Mid-Market,Finance,Phone,Customer Support,1,1,14,Yes,Product keeps crashing after the latest update.
RSP-3460,CUST-1855,2025-02-09,Middle East & Africa,Enterprise,Manufacturing,Web,Quality,5,3,7,No,"Issue took over a week to resolve, very frustrating."
RSP-3461,CUST-3748,2025-01-15,North America,Mid-Market,Retail,Email,Customer Support,0,3,21,Yes,Pricing is way too high for the features provided.
RSP-3462,CUST-3311,2025-03-25,North America,Mid-Market,Technology,Phone,Product,7,3,2,Yes,"Support resolved the issue, but communication could be better."
RSP-3463,CUST-1535,2025-04-19,Europe,Mid-Market,Technology,Phone,Quality,4,2,7,Yes,Frequent downtime impacted our business operations.
RSP-3464,CUST-1089,2025-06-08,North America,Mid-Market,Finance,Email,Pricing,6,1,4,Yes,Pricing is way too high for the features provided.
RSP-3465,CUST-2652,2025-11-23,Europe,Mid-Market,Finance,Web,Product,8,3,3,Yes,"Product works fine, but missing key integrations."
RSP-3466,CUST-2968,2025-05-18,North America,SMB,Manufacturing,Phone,Product,7,3,3,Yes,"Support resolved the issue, but communication could be better."
RSP-3467,CUST-1367,2025-10-16,Europe,SMB,Retail,Web,Product,10,5,1,No,Best customer service team in the industry. Kudos!
RSP-3468,CUST-1374,2025-01-25,Middle East & Africa,Mid-Market,Retail,Email,Delivery,1,2,7,Yes,"Issue took over a week to resolve, very frustrating."
RSP-3469,CUST-1763,2025-06-08,Europe,Enterprise,Technology,Email,Delivery,3,1,5,Yes,Support response was extremely slow and unhelpful.
RSP-3470,CUST-3921,2025-05-25,Europe,SMB,Technology,Web,Product,7,4,5,Yes,"Decent features for SMBs, but needs better reporting tools."
RSP-3471,CUST-5097,2025-04-10,Asia-Pacific,Mid-Market,Technology,In-App,Delivery,0,1,5,Yes,"Issue took over a week to resolve, very frustrating."
RSP-3472,CUST-4200,2025-07-02,Europe,Mid-Market,Finance,Email,Pricing,1,2,10,Yes,Delivery took twice as long as promised.
RSP-3473,CUST-1797,2025-06-19,North America,Enterprise,Technology,Email,Customer Support,7,4,2,Yes,"Decent features for SMBs, but needs better reporting tools."
RSP-3474,CUST-5125,2025-02-21,North America,Mid-Market,Technology,Email,Customer Support,9,5,1,Yes,Super fast delivery and pristine quality. Highly recommended!
RSP-3475,CUST-1194,2025-10-28,Europe,Mid-Market,Technology,Email,Customer Support,6,2,5,No,Customer service agent was rude and transferred me three times.
RSP-3476,CUST-4907,2025-10-28,Middle East & Africa,Mid-Market,Retail,Web,Pricing,3,2,5,Yes,Support response was extremely slow and unhelpful.
RSP-3477,CUST-3376,2025-03-24,Asia-Pacific,SMB,Technology,Web,Delivery,2,2,14,No,Delivery took twice as long as promised.
RSP-3478,CUST-4793,2025-02-10,Asia-Pacific,Enterprise,Technology,Email,Product,7,4,2,No,"Support resolved the issue, but communication could be better."
RSP-3479,CUST-2897,2025-04-21,Europe,SMB,Healthcare,Email,Delivery,4,2,7,No,Delivery took twice as long as promised.
RSP-3480,CUST-2319,2025-09-14,Latin America,Mid-Market,Technology,In-App,Customer Support,8,4,2,Yes,"Acceptable response time, issue was eventually fixed."
RSP-3481,CUST-4665,2025-03-09,North America,Enterprise,Healthcare,Email,Quality,7,4,2,Yes,"Acceptable response time, issue was eventually fixed."
RSP-3482,CUST-3382,2025-07-04,North America,SMB,Retail,Phone,Product,9,5,1,Yes,Top-tier enterprise platform with excellent security features.
RSP-3483,CUST-1327,2025-12-31,Latin America,Mid-Market,Manufacturing,Email,Product,9,4,1,Yes,Top-tier enterprise platform with excellent security features.
RSP-3484,CUST-2958,2025-04-17,North America,Mid-Market,Finance,Web,Pricing,7,4,3,No,"Support resolved the issue, but communication could be better."
RSP-3485,CUST-2248,2025-10-18,North America,Mid-Market,Finance,Email,Pricing,5,1,10,Yes,Billing error was not resolved on time.
RSP-3486,CUST-1797,2025-01-08,Middle East & Africa,SMB,Finance,Email,Product,8,5,2,Yes,"Average experience, nothing exceptional to report."
RSP-3487,CUST-3535,2025-10-08,North America,Mid-Market,Retail,Email,Product,9,5,2,Yes,Fantastic product! Has significantly improved our team productivity.
RSP-3488,CUST-5087,2025-02-18,North America,Mid-Market,Manufacturing,In-App,Customer Support,9,3,1,Yes,Best customer service team in the industry. Kudos!
RSP-3489,CUST-3569,2025-03-28,Europe,SMB,Finance,Web,Delivery,0,1,21,Yes,Quality has visibly degraded over the last few months.
RSP-3490,CUST-2322,2025-02-04,North America,SMB,Healthcare,Web,Customer Support,3,2,21,Yes,Quality has visibly degraded over the last few months.
RSP-3491,CUST-3976,2025-06-30,Asia-Pacific,Enterprise,Healthcare,Email,Quality,6,1,10,Yes,Product keeps crashing after the latest update.
RSP-3492,CUST-1582,2025-04-02,North America,Enterprise,Finance,Phone,Quality,6,1,10,Yes,Billing error was not resolved on time.
RSP-3493,CUST-3113,2025-08-31,Latin America,Mid-Market,Technology,Phone,Product,1,2,5,Yes,Quality has visibly degraded over the last few months.
RSP-3494,CUST-4621,2025-11-29,North America,Mid-Market,Healthcare,Email,Customer Support,9,5,1,Yes,Super fast delivery and pristine quality. Highly recommended!
RSP-3495,CUST-2015,2025-10-19,Europe,SMB,Healthcare,Email,Product,10,5,1,Yes,Best customer service team in the industry. Kudos!
RSP-3496,CUST-1324,2025-07-06,Latin America,Enterprise,Healthcare,Web,Delivery,0,1,14,Yes,Quality has visibly degraded over the last few months.
RSP-3497,CUST-4284,2025-07-29,Asia-Pacific,Mid-Market,Manufacturing,In-App,Delivery,3,2,7,Yes,Frequent downtime impacted our business operations.
RSP-3498,CUST-2056,2025-08-14,Asia-Pacific,Enterprise,Technology,Web,Product,7,5,3,No,"Acceptable response time, issue was eventually fixed."
RSP-3499,CUST-5198,2025-11-16,Asia-Pacific,SMB,Finance,Email,Delivery,2,3,5,Yes,No feedback provided
RSP-3500,CUST-4061,2025-02-12,Europe,Mid-Market,Technology,Email,Quality,6,1,7,Yes,Customer service agent was rude and transferred me three times.
RSP-3501,CUST-5144,2025-08-19,North America,SMB,Healthcare,Email,Pricing,7,4,3,Yes,"Delivery was on time, product packaging was slightly damaged."
RSP-3502,CUST-1349,2025-11-14,North America,Mid-Market,Healthcare,Email,Customer Support,7,3,4,Yes,"Product works fine, but missing key integrations."
RSP-3503,CUST-3005,2025-12-25,Europe,Mid-Market,Finance,Email,Customer Support,3,2,10,No,Platform UI is slow and unintuitive.
RSP-3504,CUST-1065,2025-03-21,Europe,Mid-Market,Technology,Email,Customer Support,5,3,14,Yes,Product keeps crashing after the latest update.
RSP-3505,CUST-3381,2025-07-12,Europe,SMB,Technology,Phone,Delivery,2,2,21,Yes,Delivery took twice as long as promised.
RSP-3506,CUST-4270,2025-02-07,Europe,Mid-Market,Retail,Web,Product,10,4,1,Yes,Great value for money and outstanding service reliability.
RSP-3507,CUST-4180,2025-08-25,North America,Mid-Market,Finance,Email,Product,7,4,2,Yes,"Support resolved the issue, but communication could be better."
RSP-3508,CUST-3858,2025-08-27,Asia-Pacific,SMB,Technology,Email,Customer Support,10,3,2,Yes,Best customer service team in the industry. Kudos!
RSP-3509,CUST-4808,2025-02-25,Middle East & Africa,Enterprise,Manufacturing,Phone,Pricing,4,2,10,No,Product keeps crashing after the latest update.
RSP-3510,CUST-2476,2025-02-25,Europe,Mid-Market,Retail,In-App,Product,8,5,3,Yes,"Decent features for SMBs, but needs better reporting tools."
RSP-3511,CUST-4548,2025-04-13,Latin America,SMB,Finance,In-App,Quality,9,4,1,Yes,Top-tier enterprise platform with excellent security features.
RSP-3512,CUST-3692,2025-02-03,Asia-Pacific,Mid-Market,Technology,Email,Quality,9,5,1,Yes,Smooth experience from purchase to setup. Very satisfied!
RSP-3513,CUST-3805,2025-11-06,Europe,Mid-Market,Finance,Email,Product,7,3,2,Yes,"Service is okay, expecting more frequent software updates."
RSP-3514,CUST-2741,2025-12-26,North America,Mid-Market,Technology,Phone,Pricing,5,2,14,Yes,Billing error was not resolved on time.
RSP-3515,CUST-1936,2025-05-23,North America,Mid-Market,Healthcare,Phone,Product,10,4,3,Yes,Best customer service team in the industry. Kudos!
RSP-3516,CUST-1313,2025-10-07,Middle East & Africa,SMB,Technology,Web,Product,10,5,1,Yes,Super fast delivery and pristine quality. Highly recommended!
RSP-3517,CUST-4849,2025-03-16,North America,Enterprise,Healthcare,Web,Customer Support,9,5,1,Yes,Great value for money and outstanding service reliability.
RSP-3518,CUST-3622,2025-10-18,Asia-Pacific,Mid-Market,Healthcare,Email,Product,3,1,4,Yes,Support response was extremely slow and unhelpful.
RSP-3519,CUST-4115,2025-02-01,North America,SMB,Retail,Email,Delivery,9,5,3,Yes,Smooth experience from purchase to setup. Very satisfied!
RSP-3520,CUST-4523,2025-08-31,Latin America,Mid-Market,Technology,In-App,Pricing,4,3,4,No,Pricing is way too high for the features provided.
RSP-3521,CUST-1443,2025-04-19,North America,Enterprise,Retail,Email,Product,7,3,3,Yes,"Product works fine, but missing key integrations."
RSP-3522,CUST-4464,2025-05-19,Asia-Pacific,Mid-Market,Healthcare,Email,Customer Support,3,2,5,No,Quality has visibly degraded over the last few months.
RSP-3523,CUST-2442,2025-02-12,North America,SMB,Technology,Email,Product,3,2,21,Yes,Delivery took twice as long as promised.
RSP-3524,CUST-1567,2025-05-21,Europe,Mid-Market,Technology,Email,Quality,0,2,5,Yes,Customer service agent was rude and transferred me three times.
RSP-3525,CUST-1669,2025-06-02,Europe,Mid-Market,Technology,Email,Product,9,4,2,Yes,Best customer service team in the industry. Kudos!
RSP-3526,CUST-4438,2025-09-26,Latin America,Mid-Market,Technology,In-App,Product,8,4,3,No,"Pricing is fair, but onboarding was slightly confusing."
RSP-3527,CUST-3125,2025-04-05,Asia-Pacific,SMB,Manufacturing,Phone,Product,9,5,1,Yes,Exceptional customer support! Issue resolved within an hour.
RSP-3528,CUST-1757,2025-08-08,Latin America,Enterprise,Retail,Email,Product,10,5,1,Yes,Smooth experience from purchase to setup. Very satisfied!
RSP-3529,CUST-3432,2025-03-26,North America,SMB,Technology,Email,Customer Support,7,4,4,No,"Pricing is fair, but onboarding was slightly confusing."
RSP-3530,CUST-3861,2025-08-03,Latin America,Mid-Market,Manufacturing,Web,Product,8,3,4,Yes,"Service is okay, expecting more frequent software updates."
RSP-3531,CUST-4895,2025-10-02,Asia-Pacific,Enterprise,Finance,Email,Pricing,6,1,4,No,Delivery took twice as long as promised.
RSP-3532,CUST-4578,2025-07-01,Europe,SMB,Technology,Phone,Product,8,5,3,Yes,"Decent features for SMBs, but needs better reporting tools."
RSP-3533,CUST-1081,2025-10-15,Middle East & Africa,Enterprise,Finance,Phone,Product,4,1,14,No,Frequent downtime impacted our business operations.
RSP-3534,CUST-2626,2025-02-09,Europe,Enterprise,Retail,Phone,Delivery,4,1,7,Yes,Frequent downtime impacted our business operations.
RSP-3535,CUST-2184,2025-06-15,Europe,SMB,Technology,Phone,Product,9,4,1,Yes,Smooth experience from purchase to setup. Very satisfied!
RSP-3536,CUST-1116,2025-03-19,North America,Mid-Market,Manufacturing,Phone,Product,6,2,5,No,Billing error was not resolved on time.
RSP-3537,CUST-2208,2025-09-13,Asia-Pacific,Mid-Market,Retail,Email,Delivery,6,1,5,No,"Issue took over a week to resolve, very frustrating."
RSP-3538,CUST-1930,2025-12-12,Europe,Mid-Market,Retail,Phone,Quality,8,4,3,Yes,"Decent features for SMBs, but needs better reporting tools."
RSP-3539,CUST-3152,2025-09-24,Latin America,Enterprise,Healthcare,Email,Product,9,4,1,Yes,Exceptional customer support! Issue resolved within an hour.
RSP-3540,CUST-4690,2025-03-06,Middle East & Africa,Enterprise,Finance,In-App,Product,7,5,2,No,"Service is okay, expecting more frequent software updates."
RSP-3541,CUST-1798,2025-01-19,Europe,Enterprise,Healthcare,Email,Product,8,4,3,Yes,"Pricing is fair, but onboarding was slightly confusing."
RSP-3542,CUST-2537,2025-08-04,Asia-Pacific,Mid-Market,Retail,Web,Delivery,0,3,10,Yes,Platform UI is slow and unintuitive.
RSP-3543,CUST-2360,2025-11-04,Asia-Pacific,Enterprise,Technology,Phone,Product,10,5,1,Yes,Top-tier enterprise platform with excellent security features.
RSP-3544,CUST-2770,2025-06-28,North America,Mid-Market,Healthcare,Email,Customer Support,7,5,5,Yes,"Pricing is fair, but onboarding was slightly confusing."
RSP-3545,CUST-2565,2025-12-14,Europe,Enterprise,Technology,In-App,Customer Support,4,2,14,Yes,Frequent downtime impacted our business operations.
RSP-3546,CUST-1117,2025-07-09,North America,SMB,Healthcare,Email,Product,10,5,1,Yes,Smooth experience from purchase to setup. Very satisfied!
RSP-3547,CUST-1132,2025-06-04,Europe,Enterprise,Technology,Email,Product,10,4,1,Yes,The team went above and beyond to help us with our migration.
RSP-3548,CUST-5113,2025-03-05,Asia-Pacific,Enterprise,Healthcare,Web,Pricing,6,1,4,No,Billing error was not resolved on time.
RSP-3549,CUST-4735,2025-07-31,North America,Mid-Market,Manufacturing,Web,Quality,9,5,2,Yes,Top-tier enterprise platform with excellent security features.
RSP-3550,CUST-3881,2025-06-30,Middle East & Africa,Mid-Market,Finance,Email,Product,8,4,3,Yes,"Decent features for SMBs, but needs better reporting tools."
RSP-3551,CUST-3751,2025-02-28,Europe,Enterprise,Healthcare,Web,Delivery,4,2,14,No,Delivery took twice as long as promised.
RSP-3552,CUST-4758,2025-08-08,North America,SMB,Retail,Web,Delivery,7,4,4,No,"Acceptable response time, issue was eventually fixed."
RSP-3553,CUST-2449,2025-10-11,Latin America,Mid-Market,Retail,Email,Product,8,4,2,Yes,"Average experience, nothing exceptional to report."
RSP-3554,CUST-4570,2025-07-15,North America,Mid-Market,Retail,Web,Delivery,10,5,2,Yes,The team went above and beyond to help us with our migration.
RSP-3555,CUST-4583,2025-11-21,Middle East & Africa,SMB,Healthcare,Email,Customer Support,8,4,3,Yes,"Delivery was on time, product packaging was slightly damaged."
RSP-3556,CUST-1812,2025-02-14,Europe,SMB,Finance,Email,Product,0,1,5,No,Product keeps crashing after the latest update.
RSP-3557,CUST-1734,2025-11-29,Latin America,Mid-Market,Finance,Web,Pricing,9,4,1,Yes,Exceptional customer support! Issue resolved within an hour.
RSP-3558,CUST-4369,2025-02-23,Europe,SMB,Technology,Web,Delivery,10,4,1,Yes,Best customer service team in the industry. Kudos!
RSP-3559,CUST-1816,2025-11-21,North America,SMB,Technology,Web,Product,6,2,21,Yes,Billing error was not resolved on time.
RSP-3560,CUST-5123,2025-10-25,Middle East & Africa,Mid-Market,Healthcare,Web,Product,6,2,5,Yes,Support response was extremely slow and unhelpful.
RSP-3561,CUST-3374,2025-08-04,North America,SMB,Finance,Email,Quality,6,2,14,No,Pricing is way too high for the features provided.
RSP-3562,CUST-2825,2025-08-21,Europe,Mid-Market,Healthcare,Phone,Product,7,3,2,Yes,"Decent features for SMBs, but needs better reporting tools."
RSP-3563,CUST-1937,2025-04-11,Latin America,Enterprise,Technology,Phone,Customer Support,4,1,7,No,Billing error was not resolved on time.
RSP-3564,CUST-2019,2025-06-29,North America,Mid-Market,Finance,Email,Product,8,5,2,Yes,"Service is okay, expecting more frequent software updates."
RSP-3565,CUST-4382,2025-11-27,North America,SMB,Technology,Phone,Quality,10,5,1,Yes,Top-tier enterprise platform with excellent security features.
RSP-3566,CUST-1062,2025-07-11,North America,Mid-Market,Finance,Web,Delivery,6,3,14,No,Pricing is way too high for the features provided.
RSP-3567,CUST-5157,2025-05-26,Europe,Mid-Market,Technology,Email,Delivery,1,2,7,Yes,Quality has visibly degraded over the last few months.
RSP-3568,CUST-3166,2025-06-07,North America,Enterprise,Technology,Email,Pricing,3,1,4,Yes,Customer service agent was rude and transferred me three times.
RSP-3569,CUST-2978,2025-01-03,Europe,Enterprise,Manufacturing,Web,Product,8,4,3,Yes,"Decent features for SMBs, but needs better reporting tools."
RSP-3570,CUST-1267,2025-01-08,North America,Mid-Market,Healthcare,Phone,Quality,3,1,7,Yes,Support response was extremely slow and unhelpful.
RSP-3571,CUST-2256,2025-07-11,North America,Mid-Market,Technology,Email,Product,2,2,4,No,Platform UI is slow and unintuitive.
RSP-3572,CUST-3600,2025-06-21,North America,Mid-Market,Retail,Email,Customer Support,10,5,3,Yes,Super fast delivery and pristine quality. Highly recommended!
RSP-3573,CUST-4522,2025-05-04,North America,SMB,Technology,Web,Quality,10,5,3,Yes,Top-tier enterprise platform with excellent security features.
RSP-3574,CUST-2578,2025-11-12,North America,Mid-Market,Finance,Phone,Customer Support,7,4,5,Yes,"Decent features for SMBs, but needs better reporting tools."
RSP-3575,CUST-1422,2025-10-23,North America,SMB,Technology,Web,Product,7,3,2,Yes,"Decent features for SMBs, but needs better reporting tools."
RSP-3576,CUST-2055,2025-11-22,North America,SMB,Healthcare,Email,Customer Support,8,4,3,Yes,"Decent features for SMBs, but needs better reporting tools."
RSP-3577,CUST-2423,2025-07-26,Europe,Mid-Market,Healthcare,In-App,Delivery,6,1,4,Yes,"Issue took over a week to resolve, very frustrating."
RSP-3578,CUST-2297,2025-08-12,Europe,Mid-Market,Healthcare,Web,Product,6,2,14,Yes,Pricing is way too high for the features provided.
RSP-3579,CUST-1815,2025-12-30,Latin America,Enterprise,Technology,Web,Pricing,2,1,4,Yes,Delivery took twice as long as promised.
RSP-3580,CUST-5130,2025-03-02,Asia-Pacific,Mid-Market,Healthcare,Phone,Quality,1,2,14,Yes,Frequent downtime impacted our business operations.
RSP-3581,CUST-4211,2025-11-18,Asia-Pacific,Mid-Market,Technology,Email,Customer Support,8,4,2,Yes,"Delivery was on time, product packaging was slightly damaged."
RSP-3582,CUST-2302,2025-06-15,North America,Mid-Market,Healthcare,Web,Product,5,1,4,Yes,Pricing is way too high for the features provided.
RSP-3583,CUST-1763,2025-02-17,Europe,SMB,Finance,Phone,Product,10,4,1,Yes,Exceptional customer support! Issue resolved within an hour.
RSP-3584,CUST-4583,2025-01-06,Asia-Pacific,Enterprise,Technology,Email,Customer Support,8,4,2,Yes,"Average experience, nothing exceptional to report."
RSP-3585,CUST-1227,2025-11-13,Asia-Pacific,Enterprise,Technology,Phone,Delivery,1,1,10,Yes,Platform UI is slow and unintuitive.
RSP-3586,CUST-1645,2025-10-20,North America,SMB,Finance,Phone,Delivery,5,2,21,Yes,Customer service agent was rude and transferred me three times.
RSP-3587,CUST-1207,2025-03-08,North America,Enterprise,Finance,Phone,Product,7,3,3,No,"Service is okay, expecting more frequent software updates."
RSP-3588,CUST-3933,2025-04-06,Asia-Pacific,Enterprise,Technology,Email,Customer Support,7,5,4,Yes,"Pricing is fair, but onboarding was slightly confusing."
RSP-3589,CUST-2816,2025-06-02,Asia-Pacific,SMB,Technology,Phone,Customer Support,7,3,2,Yes,"Pricing is fair, but onboarding was slightly confusing."
RSP-3590,CUST-3009,2025-07-13,North America,SMB,Finance,Web,Customer Support,9,5,1,Yes,The team went above and beyond to help us with our migration.
RSP-3591,CUST-1423,2025-05-21,North America,SMB,Retail,In-App,Product,6,1,7,Yes,Product keeps crashing after the latest update.
RSP-3592,CUST-2177,2025-11-18,North America,SMB,Technology,Web,Product,7,4,3,Yes,"Product works fine, but missing key integrations."
RSP-3593,CUST-1847,2025-02-26,Asia-Pacific,Mid-Market,Retail,Web,Customer Support,10,5,3,Yes,Best customer service team in the industry. Kudos!
RSP-3594,CUST-2005,2025-02-24,Asia-Pacific,Mid-Market,Technology,In-App,Customer Support,6,1,7,Yes,Delivery took twice as long as promised.
RSP-3595,CUST-3313,2025-05-15,North America,Enterprise,Finance,Email,Delivery,7,4,2,Yes,"Average experience, nothing exceptional to report."
RSP-3596,CUST-1760,2025-02-09,Europe,SMB,Technology,Email,Quality,10,5,1,Yes,Best customer service team in the industry. Kudos!
RSP-3597,CUST-3960,2025-04-17,North America,Enterprise,Healthcare,Phone,Product,10,5,1,No,Top-tier enterprise platform with excellent security features.
RSP-3598,CUST-1824,2025-09-09,Europe,SMB,Technology,Email,Delivery,5,1,7,Yes,Support response was extremely slow and unhelpful.
RSP-3599,CUST-4389,2025-02-07,Asia-Pacific,Mid-Market,Finance,Phone,Pricing,3,3,4,No,Billing error was not resolved on time.
RSP-3600,CUST-1625,2025-04-18,Europe,SMB,Retail,Web,Product,9,5,1,Yes,Top-tier enterprise platform with excellent security features.
RSP-3601,CUST-4074,2025-06-10,Europe,SMB,Technology,Email,Customer Support,10,5,1,Yes,No feedback provided
RSP-3602,CUST-2319,2025-04-03,Asia-Pacific,SMB,Healthcare,Email,Quality,10,4,1,Yes,The team went above and beyond to help us with our migration.
RSP-3603,CUST-1083,2025-04-02,Europe,Mid-Market,Finance,Email,Delivery,10,5,2,Yes,Exceptional customer support! Issue resolved within an hour.
RSP-3604,CUST-1960,2025-06-25,Europe,SMB,Technology,Phone,Customer Support,8,3,2,Yes,"Acceptable response time, issue was eventually fixed."
RSP-3605,CUST-4964,2025-11-11,Europe,SMB,Manufacturing,Email,Delivery,0,1,10,No,Frequent downtime impacted our business operations.
RSP-3606,CUST-1041,2025-03-23,North America,Mid-Market,Technology,Email,Quality,7,4,3,Yes,"Delivery was on time, product packaging was slightly damaged."
RSP-3607,CUST-1996,2025-04-09,North America,Enterprise,Retail,Web,Customer Support,2,2,4,Yes,Frequent downtime impacted our business operations.
RSP-3608,CUST-1242,2025-10-02,Europe,Mid-Market,Retail,Web,Product,5,1,4,Yes,Support response was extremely slow and unhelpful.
RSP-3609,CUST-5192,2025-03-20,Asia-Pacific,Enterprise,Retail,Phone,Delivery,4,2,7,Yes,Pricing is way too high for the features provided.
RSP-3610,CUST-3989,2025-02-28,Latin America,Enterprise,Manufacturing,Email,Quality,7,4,2,Yes,"Pricing is fair, but onboarding was slightly confusing."
RSP-3611,CUST-1241,2025-06-17,Asia-Pacific,SMB,Healthcare,Email,Product,9,5,1,Yes,Super fast delivery and pristine quality. Highly recommended!
RSP-3612,CUST-2800,2025-02-12,Europe,Enterprise,Technology,Web,Product,10,5,1,Yes,Super fast delivery and pristine quality. Highly recommended!
RSP-3613,CUST-3192,2025-05-21,Europe,Mid-Market,Healthcare,Email,Customer Support,7,4,3,Yes,"Service is okay, expecting more frequent software updates."
RSP-3614,CUST-2632,2025-02-17,Asia-Pacific,Mid-Market,Healthcare,Email,Product,9,3,1,Yes,Smooth experience from purchase to setup. Very satisfied!
RSP-3615,CUST-3411,2025-08-28,Europe,Mid-Market,Technology,Email,Customer Support,2,2,21,No,Billing error was not resolved on time.
RSP-3616,CUST-4572,2025-09-20,Europe,Mid-Market,Technology,In-App,Pricing,6,1,5,Yes,Customer service agent was rude and transferred me three times.
RSP-3617,CUST-2581,2025-05-09,Europe,Enterprise,Finance,Phone,Product,9,4,2,Yes,Super fast delivery and pristine quality. Highly recommended!
RSP-3618,CUST-2621,2025-12-18,North America,Enterprise,Manufacturing,Phone,Delivery,0,2,5,No,Quality has visibly degraded over the last few months.
RSP-3619,CUST-4218,2025-02-22,Middle East & Africa,SMB,Manufacturing,Email,Product,6,1,21,Yes,Frequent downtime impacted our business operations.
RSP-3620,CUST-3552,2025-03-26,Asia-Pacific,SMB,Healthcare,Email,Product,5,2,7,Yes,Pricing is way too high for the features provided.
RSP-3621,CUST-4996,2025-08-10,Asia-Pacific,Mid-Market,Technology,Web,Delivery,3,2,14,No,Billing error was not resolved on time.
RSP-3622,CUST-4471,2025-11-02,North America,Mid-Market,Technology,In-App,Product,5,3,21,No,Quality has visibly degraded over the last few months.
RSP-3623,CUST-3611,2025-11-15,North America,Mid-Market,Retail,Phone,Product,4,3,7,No,Product keeps crashing after the latest update.
RSP-3624,CUST-4137,2025-08-08,North America,Mid-Market,Manufacturing,Email,Customer Support,4,1,10,No,Pricing is way too high for the features provided.
RSP-3625,CUST-3891,2025-07-11,Europe,Enterprise,Technology,In-App,Product,9,5,3,Yes,Fantastic product! Has significantly improved our team productivity.
RSP-3626,CUST-4681,2025-03-27,North America,SMB,Technology,Email,Delivery,5,1,7,Yes,Support response was extremely slow and unhelpful.
RSP-3627,CUST-5189,2025-05-10,North America,Mid-Market,Healthcare,Web,Customer Support,10,5,1,Yes,Top-tier enterprise platform with excellent security features.
RSP-3628,CUST-3404,2025-11-06,Europe,Mid-Market,Finance,Email,Product,9,5,1,Yes,Smooth experience from purchase to setup. Very satisfied!
RSP-3629,CUST-4262,2025-01-16,Europe,Mid-Market,Technology,In-App,Customer Support,7,3,2,Yes,No feedback provided
RSP-3630,CUST-2473,2025-06-15,North America,Enterprise,Healthcare,Phone,Customer Support,8,5,2,Yes,"Decent features for SMBs, but needs better reporting tools."
RSP-3631,CUST-2523,2025-07-03,North America,Mid-Market,Finance,Email,Delivery,8,3,3,No,"Pricing is fair, but onboarding was slightly confusing."
RSP-3632,CUST-1595,2025-04-21,Europe,SMB,Retail,Email,Product,9,5,1,Yes,Smooth experience from purchase to setup. Very satisfied!
RSP-3633,CUST-4047,2025-03-16,North America,SMB,Healthcare,In-App,Pricing,7,4,3,Yes,"Acceptable response time, issue was eventually fixed."
RSP-3634,CUST-2001,2025-01-05,Europe,Mid-Market,Healthcare,Web,Delivery,7,4,2,Yes,"Acceptable response time, issue was eventually fixed."
RSP-3635,CUST-1089,2025-06-18,Middle East & Africa,SMB,Technology,Email,Pricing,1,1,5,Yes,Pricing is way too high for the features provided.
RSP-3636,CUST-4812,2025-10-18,Europe,Enterprise,Finance,Email,Customer Support,8,4,2,Yes,"Acceptable response time, issue was eventually fixed."
RSP-3637,CUST-2905,2025-10-15,Europe,Mid-Market,Finance,Phone,Product,3,1,7,Yes,Product keeps crashing after the latest update.
RSP-3638,CUST-4158,2025-05-26,Asia-Pacific,SMB,Retail,Email,Delivery,8,3,3,Yes,"Pricing is fair, but onboarding was slightly confusing."
RSP-3639,CUST-2781,2025-02-22,Latin America,Mid-Market,Technology,Web,Product,10,5,1,Yes,The team went above and beyond to help us with our migration.
RSP-3640,CUST-1612,2025-10-21,Asia-Pacific,SMB,Retail,Web,Product,10,5,2,Yes,Top-tier enterprise platform with excellent security features.
RSP-3641,CUST-4565,2025-06-12,North America,Mid-Market,Technology,Web,Delivery,1,3,14,No,"Issue took over a week to resolve, very frustrating."
RSP-3642,CUST-2623,2025-04-11,Asia-Pacific,Mid-Market,Finance,Email,Pricing,8,4,5,Yes,"Product works fine, but missing key integrations."
RSP-3643,CUST-5046,2025-09-13,Europe,SMB,Healthcare,Phone,Delivery,6,2,7,Yes,Support response was extremely slow and unhelpful.
RSP-3644,CUST-3248,2025-08-04,North America,Mid-Market,Manufacturing,Email,Product,3,3,7,No,Product keeps crashing after the latest update.
RSP-3645,CUST-2016,2025-08-20,Europe,Mid-Market,Retail,Email,Delivery,4,1,5,Yes,Delivery took twice as long as promised.
RSP-3646,CUST-3677,2025-10-30,North America,Mid-Market,Retail,Email,Delivery,0,2,7,No,Customer service agent was rude and transferred me three times.
RSP-3647,CUST-2936,2025-10-23,Asia-Pacific,Mid-Market,Technology,Email,Pricing,6,1,4,Yes,Support response was extremely slow and unhelpful.
RSP-3648,CUST-3335,2025-01-10,North America,SMB,Finance,Phone,Delivery,2,2,10,Yes,Frequent downtime impacted our business operations.
RSP-3649,CUST-1038,2025-08-25,Europe,SMB,Technology,Phone,Delivery,6,1,7,Yes,Quality has visibly degraded over the last few months.
RSP-3650,CUST-2073,2025-07-26,North America,SMB,Finance,In-App,Delivery,5,2,5,Yes,Support response was extremely slow and unhelpful.
RSP-3651,CUST-1320,2025-06-22,North America,Enterprise,Technology,In-App,Quality,10,5,1,Yes,Exceptional customer support! Issue resolved within an hour.
RSP-3652,CUST-1568,2025-08-29,Europe,SMB,Healthcare,Phone,Product,7,4,3,No,"Support resolved the issue, but communication could be better."
RSP-3653,CUST-4400,2025-06-04,North America,SMB,Technology,In-App,Customer Support,9,4,1,Yes,The team went above and beyond to help us with our migration.
RSP-3654,CUST-3598,2025-06-27,North America,Enterprise,Technology,Email,Product,9,5,1,Yes,Top-tier enterprise platform with excellent security features.
RSP-3655,CUST-1653,2025-10-12,Europe,Enterprise,Finance,Email,Delivery,3,3,10,Yes,"Issue took over a week to resolve, very frustrating."
RSP-3656,CUST-5045,2025-11-10,Europe,Mid-Market,Manufacturing,In-App,Delivery,3,2,7,Yes,Support response was extremely slow and unhelpful.
RSP-3657,CUST-4222,2025-06-02,Europe,Mid-Market,Finance,Email,Customer Support,9,5,2,Yes,Best customer service team in the industry. Kudos!
RSP-3658,CUST-5041,2025-11-25,North America,Enterprise,Technology,Email,Customer Support,7,3,4,Yes,"Support resolved the issue, but communication could be better."
RSP-3659,CUST-4063,2025-11-13,Europe,Enterprise,Technology,Phone,Quality,3,2,21,Yes,Product keeps crashing after the latest update.
RSP-3660,CUST-1239,2025-04-25,Europe,SMB,Retail,Phone,Quality,6,2,21,Yes,Support response was extremely slow and unhelpful.
RSP-3661,CUST-1085,2025-03-13,Europe,Mid-Market,Retail,Web,Product,9,5,2,Yes,Fantastic product! Has significantly improved our team productivity.
RSP-3662,CUST-3644,2025-12-19,North America,Mid-Market,Retail,In-App,Product,8,4,4,Yes,"Decent features for SMBs, but needs better reporting tools."
RSP-3663,CUST-2854,2025-03-29,North America,SMB,Retail,Web,Customer Support,7,5,4,Yes,"Support resolved the issue, but communication could be better."
RSP-3664,CUST-2565,2025-07-08,Latin America,SMB,Retail,Phone,Customer Support,6,1,7,Yes,Platform UI is slow and unintuitive.
RSP-3665,CUST-1040,2025-12-19,North America,SMB,Finance,Phone,Delivery,0,3,5,Yes,Support response was extremely slow and unhelpful.
RSP-3666,CUST-3127,2025-01-23,Europe,Mid-Market,Healthcare,Email,Product,8,4,3,Yes,"Support resolved the issue, but communication could be better."
RSP-3667,CUST-1393,2025-06-05,North America,Mid-Market,Healthcare,Email,Customer Support,5,2,5,No,Product keeps crashing after the latest update.
RSP-3668,CUST-3160,2025-06-18,North America,Mid-Market,Manufacturing,Email,Customer Support,6,1,7,No,Frequent downtime impacted our business operations.
RSP-3669,CUST-4109,2025-05-19,Europe,Mid-Market,Finance,Email,Customer Support,6,1,5,No,Delivery took twice as long as promised.
RSP-3670,CUST-2128,2025-10-26,North America,Mid-Market,Technology,Email,Customer Support,9,5,1,Yes,Best customer service team in the industry. Kudos!
RSP-3671,CUST-1982,2025-03-06,North America,SMB,Finance,Web,Pricing,7,4,3,Yes,"Acceptable response time, issue was eventually fixed."
RSP-3672,CUST-2212,2025-10-27,North America,SMB,Technology,Web,Customer Support,10,5,2,Yes,Top-tier enterprise platform with excellent security features.
RSP-3673,CUST-4660,2025-12-09,Asia-Pacific,Mid-Market,Manufacturing,Email,Delivery,5,2,10,Yes,Product keeps crashing after the latest update.
RSP-3674,CUST-2970,2025-10-23,North America,Mid-Market,Healthcare,Phone,Delivery,6,1,14,Yes,Billing error was not resolved on time.
RSP-3675,CUST-5014,2025-05-24,Europe,Mid-Market,Technology,Email,Delivery,1,2,5,Yes,"Issue took over a week to resolve, very frustrating."
RSP-3676,CUST-4954,2025-04-26,Europe,Mid-Market,Technology,Email,Customer Support,9,5,1,Yes,Fantastic product! Has significantly improved our team productivity.
RSP-3677,CUST-3161,2025-06-01,North America,Mid-Market,Finance,Email,Quality,8,5,2,Yes,"Support resolved the issue, but communication could be better."
RSP-3678,CUST-3891,2025-10-13,North America,Enterprise,Manufacturing,Email,Customer Support,6,1,4,Yes,Pricing is way too high for the features provided.
RSP-3679,CUST-2686,2025-12-22,Europe,SMB,Finance,Phone,Product,10,3,3,Yes,Fantastic product! Has significantly improved our team productivity.
RSP-3680,CUST-1615,2025-09-11,North America,Mid-Market,Manufacturing,Email,Product,3,2,4,No,Support response was extremely slow and unhelpful.
RSP-3681,CUST-2740,2025-01-07,Latin America,SMB,Technology,Phone,Product,8,4,3,Yes,"Pricing is fair, but onboarding was slightly confusing."
RSP-3682,CUST-4835,2025-07-17,Asia-Pacific,Mid-Market,Finance,Email,Delivery,2,3,5,No,Pricing is way too high for the features provided.
RSP-3683,CUST-4994,2025-02-23,Asia-Pacific,SMB,Finance,Email,Customer Support,8,4,2,Yes,"Acceptable response time, issue was eventually fixed."
RSP-3684,CUST-2709,2025-10-30,Latin America,Mid-Market,Healthcare,Email,Product,5,2,14,Yes,Platform UI is slow and unintuitive.
RSP-3685,CUST-3567,2025-06-09,North America,Mid-Market,Healthcare,In-App,Delivery,5,2,10,Yes,Billing error was not resolved on time.
RSP-3686,CUST-2261,2025-09-16,North America,Enterprise,Manufacturing,Web,Product,9,5,1,Yes,Fantastic product! Has significantly improved our team productivity.
RSP-3687,CUST-2065,2025-04-23,Asia-Pacific,Enterprise,Finance,Email,Quality,0,1,5,Yes,"Issue took over a week to resolve, very frustrating."
RSP-3688,CUST-4158,2025-08-20,Europe,Mid-Market,Manufacturing,Phone,Customer Support,5,1,4,No,Frequent downtime impacted our business operations.
RSP-3689,CUST-2663,2025-07-24,North America,SMB,Healthcare,In-App,Product,0,2,21,Yes,Pricing is way too high for the features provided.
RSP-3690,CUST-1562,2025-05-23,North America,Mid-Market,Manufacturing,Email,Product,9,5,2,No,Top-tier enterprise platform with excellent security features.
RSP-3691,CUST-2345,2025-12-18,North America,Mid-Market,Finance,Web,Quality,10,5,1,Yes,The team went above and beyond to help us with our migration.
RSP-3692,CUST-1836,2025-03-17,Europe,Enterprise,Retail,Email,Product,8,4,3,Yes,"Service is okay, expecting more frequent software updates."
RSP-3693,CUST-1877,2025-02-26,Europe,Enterprise,Technology,Web,Delivery,9,5,1,Yes,Great value for money and outstanding service reliability.
RSP-3694,CUST-1135,2025-08-24,North America,Mid-Market,Finance,Web,Product,6,1,5,Yes,Delivery took twice as long as promised.
RSP-3695,CUST-3185,2025-01-15,Middle East & Africa,Mid-Market,Retail,Email,Product,6,1,7,Yes,Billing error was not resolved on time.
RSP-3696,CUST-4708,2025-06-30,Asia-Pacific,SMB,Technology,Web,Customer Support,5,3,4,No,Quality has visibly degraded over the last few months.
RSP-3697,CUST-1969,2025-10-09,North America,Mid-Market,Healthcare,Web,Product,1,1,4,No,Product keeps crashing after the latest update.
RSP-3698,CUST-3903,2025-08-09,Asia-Pacific,SMB,Finance,In-App,Customer Support,10,4,1,No,Great value for money and outstanding service reliability.
RSP-3699,CUST-2233,2025-07-23,Asia-Pacific,SMB,Technology,Web,Customer Support,4,1,5,No,Platform UI is slow and unintuitive.
RSP-3700,CUST-4529,2025-09-18,Europe,SMB,Healthcare,In-App,Delivery,2,1,21,Yes,"Issue took over a week to resolve, very frustrating."
RSP-3701,CUST-1435,2025-08-14,North America,Enterprise,Technology,In-App,Customer Support,8,5,3,Yes,"Delivery was on time, product packaging was slightly damaged."
RSP-3702,CUST-4029,2025-02-20,North America,SMB,Technology,Web,Customer Support,5,1,5,Yes,Support response was extremely slow and unhelpful.
RSP-3703,CUST-4133,2025-08-05,Europe,SMB,Finance,Phone,Product,3,2,21,No,Pricing is way too high for the features provided.
RSP-3704,CUST-3408,2025-04-07,North America,Mid-Market,Finance,Web,Customer Support,9,4,3,Yes,Top-tier enterprise platform with excellent security features.
RSP-3705,CUST-2447,2025-11-01,Europe,SMB,Healthcare,Email,Product,8,3,3,Yes,"Delivery was on time, product packaging was slightly damaged."
RSP-3706,CUST-5043,2025-09-23,Asia-Pacific,Enterprise,Finance,Email,Customer Support,5,2,7,Yes,Customer service agent was rude and transferred me three times.
RSP-3707,CUST-1894,2025-12-15,Asia-Pacific,SMB,Technology,Phone,Customer Support,0,1,21,Yes,Support response was extremely slow and unhelpful.
RSP-3708,CUST-3039,2025-02-26,Latin America,Mid-Market,Technology,Email,Customer Support,8,3,3,Yes,"Pricing is fair, but onboarding was slightly confusing."
RSP-3709,CUST-1943,2025-01-28,Asia-Pacific,Enterprise,Technology,In-App,Quality,5,2,4,Yes,Support response was extremely slow and unhelpful.
RSP-3710,CUST-3180,2025-05-03,North America,Enterprise,Retail,Phone,Product,10,5,1,Yes,Fantastic product! Has significantly improved our team productivity.
RSP-3711,CUST-1827,2025-05-22,Asia-Pacific,SMB,Finance,Email,Delivery,8,5,2,Yes,"Pricing is fair, but onboarding was slightly confusing."
RSP-3712,CUST-4314,2025-07-20,Asia-Pacific,Mid-Market,Technology,Email,Delivery,3,2,4,No,Customer service agent was rude and transferred me three times.
RSP-3713,CUST-1829,2025-04-23,Latin America,SMB,Retail,Phone,Product,1,1,5,Yes,Quality has visibly degraded over the last few months.
RSP-3714,CUST-5056,2025-04-16,Middle East & Africa,Mid-Market,Healthcare,Web,Product,10,5,1,Yes,Super fast delivery and pristine quality. Highly recommended!
RSP-3715,CUST-2667,2025-06-27,Europe,Mid-Market,Finance,Web,Product,10,5,1,Yes,The team went above and beyond to help us with our migration.
RSP-3716,CUST-3359,2025-01-02,Asia-Pacific,Mid-Market,Unknown,Web,Delivery,6,2,4,No,Product keeps crashing after the latest update.
RSP-3717,CUST-2516,2025-09-15,Europe,SMB,Technology,Phone,Customer Support,10,5,2,Yes,Best customer service team in the industry. Kudos!
RSP-3718,CUST-3501,2025-12-19,Asia-Pacific,Enterprise,Technology,Email,Quality,2,1,5,Yes,Pricing is way too high for the features provided.
RSP-3719,CUST-2394,2025-06-11,Latin America,Mid-Market,Healthcare,Email,Product,3,1,7,Yes,Product keeps crashing after the latest update.
RSP-3720,CUST-2365,2025-04-06,Asia-Pacific,SMB,Technology,Email,Quality,3,1,5,No,"Issue took over a week to resolve, very frustrating."
RSP-3721,CUST-4729,2025-03-14,Europe,Enterprise,Technology,Email,Delivery,4,2,5,Yes,Support response was extremely slow and unhelpful.
RSP-3722,CUST-4887,2025-08-08,North America,Enterprise,Manufacturing,Email,Product,3,2,14,Yes,"Issue took over a week to resolve, very frustrating."
RSP-3723,CUST-1170,2025-04-01,Europe,Enterprise,Retail,Phone,Customer Support,7,5,3,Yes,"Delivery was on time, product packaging was slightly damaged."
RSP-3724,CUST-1630,2025-03-29,Asia-Pacific,Mid-Market,Technology,Email,Product,7,4,2,Yes,"Product works fine, but missing key integrations."
RSP-3725,CUST-3884,2025-08-31,Latin America,Mid-Market,Technology,In-App,Customer Support,3,1,7,Yes,Frequent downtime impacted our business operations.
RSP-3726,CUST-1008,2025-09-08,Europe,Mid-Market,Retail,Email,Customer Support,10,5,2,Yes,Great value for money and outstanding service reliability.
RSP-3727,CUST-4871,2025-02-26,North America,SMB,Technology,Email,Delivery,4,2,4,Yes,Support response was extremely slow and unhelpful.
RSP-3728,CUST-1142,2025-10-18,North America,Mid-Market,Finance,Phone,Customer Support,5,2,4,Yes,Quality has visibly degraded over the last few months.
RSP-3729,CUST-2870,2025-09-26,Asia-Pacific,Mid-Market,Healthcare,Email,Delivery,3,3,5,Yes,Platform UI is slow and unintuitive.
RSP-3730,CUST-2370,2025-03-17,Latin America,Mid-Market,Finance,Phone,Delivery,7,3,4,Yes,"Support resolved the issue, but communication could be better."
RSP-3731,CUST-1819,2025-06-05,Asia-Pacific,Enterprise,Retail,Email,Customer Support,7,4,3,Yes,"Acceptable response time, issue was eventually fixed."
RSP-3732,CUST-4707,2025-09-09,Europe,Mid-Market,Finance,Web,Product,8,4,2,No,"Acceptable response time, issue was eventually fixed."
RSP-3733,CUST-3108,2025-12-06,Europe,Enterprise,Technology,Phone,Delivery,2,1,7,Yes,Billing error was not resolved on time.
RSP-3734,CUST-3076,2025-07-06,North America,Mid-Market,Manufacturing,In-App,Quality,9,5,1,Yes,Best customer service team in the industry. Kudos!
RSP-3735,CUST-1111,2025-06-30,Europe,SMB,Technology,Phone,Customer Support,7,4,2,No,"Delivery was on time, product packaging was slightly damaged."
RSP-3736,CUST-3733,2025-09-23,Europe,Mid-Market,Unknown,Phone,Product,5,1,4,Yes,Frequent downtime impacted our business operations.
RSP-3737,CUST-4967,2025-02-27,North America,SMB,Technology,Email,Quality,2,1,4,No,Quality has visibly degraded over the last few months.
RSP-3738,CUST-1169,2025-03-17,Asia-Pacific,Mid-Market,Finance,Phone,Pricing,0,2,4,Yes,Customer service agent was rude and transferred me three times.
RSP-3739,CUST-2804,2025-12-04,North America,SMB,Finance,Phone,Customer Support,8,4,2,Yes,"Average experience, nothing exceptional to report."
RSP-3740,CUST-3926,2025-09-12,North America,Mid-Market,Finance,Web,Customer Support,6,2,5,No,Support response was extremely slow and unhelpful.
RSP-3741,CUST-3001,2025-10-23,North America,Mid-Market,Finance,In-App,Delivery,3,1,5,No,Customer service agent was rude and transferred me three times.
RSP-3742,CUST-3944,2025-04-16,Latin America,Enterprise,Finance,In-App,Product,8,5,5,Yes,"Support resolved the issue, but communication could be better."
RSP-3743,CUST-2587,2025-07-13,North America,Enterprise,Finance,Email,Product,9,5,2,Yes,Fantastic product! Has significantly improved our team productivity.
RSP-3744,CUST-3243,2025-11-17,North America,SMB,Finance,Web,Pricing,8,4,3,Yes,"Service is okay, expecting more frequent software updates."
RSP-3745,CUST-2433,2025-05-16,Europe,Mid-Market,Retail,Email,Quality,0,2,14,Yes,"Issue took over a week to resolve, very frustrating."
RSP-3746,CUST-3713,2025-07-20,Europe,Enterprise,Retail,Web,Pricing,8,4,2,Yes,No feedback provided
RSP-3747,CUST-3263,2025-06-08,Europe,Mid-Market,Retail,Email,Product,8,3,3,Yes,"Pricing is fair, but onboarding was slightly confusing."
RSP-3748,CUST-1336,2025-10-24,Asia-Pacific,Enterprise,Manufacturing,Email,Delivery,6,1,4,Yes,Platform UI is slow and unintuitive.
RSP-3749,CUST-3812,2025-11-10,Europe,SMB,Finance,Phone,Delivery,0,1,14,Yes,Product keeps crashing after the latest update.
RSP-3750,CUST-4550,2025-08-21,Middle East & Africa,Enterprise,Finance,In-App,Delivery,7,4,3,Yes,"Acceptable response time, issue was eventually fixed."
RSP-3751,CUST-3362,2025-02-26,Asia-Pacific,Mid-Market,Technology,In-App,Delivery,4,3,5,Yes,Support response was extremely slow and unhelpful.
RSP-3752,CUST-5087,2025-12-17,Asia-Pacific,Mid-Market,Technology,Phone,Customer Support,1,1,5,Yes,Delivery took twice as long as promised.
RSP-3753,CUST-4820,2025-12-15,Europe,Mid-Market,Finance,Phone,Product,6,1,4,Yes,Delivery took twice as long as promised.
RSP-3754,CUST-3373,2025-11-16,Europe,Enterprise,Finance,In-App,Product,8,4,2,Yes,"Average experience, nothing exceptional to report."
RSP-3755,CUST-3487,2025-09-07,Middle East & Africa,Enterprise,Retail,Email,Product,8,3,3,Yes,"Delivery was on time, product packaging was slightly damaged."
RSP-3756,CUST-1529,2025-05-31,Asia-Pacific,Mid-Market,Healthcare,Email,Delivery,1,2,4,Yes,Support response was extremely slow and unhelpful.
RSP-3757,CUST-4718,2025-01-21,North America,Mid-Market,Healthcare,Phone,Customer Support,7,4,4,Yes,"Pricing is fair, but onboarding was slightly confusing."
RSP-3758,CUST-3318,2025-10-31,Latin America,SMB,Healthcare,Email,Customer Support,7,4,3,Yes,"Support resolved the issue, but communication could be better."
RSP-3759,CUST-1435,2025-09-08,Europe,Mid-Market,Technology,Email,Customer Support,7,4,2,Yes,"Delivery was on time, product packaging was slightly damaged."
RSP-3760,CUST-1041,2025-08-09,Europe,Mid-Market,Technology,Email,Product,1,1,7,No,"Issue took over a week to resolve, very frustrating."
RSP-3761,CUST-1005,2025-01-26,North America,Enterprise,Finance,Web,Product,7,3,2,Yes,"Delivery was on time, product packaging was slightly damaged."
RSP-3762,CUST-2128,2025-06-29,Middle East & Africa,Mid-Market,Manufacturing,Phone,Quality,3,1,10,Yes,Quality has visibly degraded over the last few months.
RSP-3763,CUST-5112,2025-12-07,North America,Mid-Market,Technology,Phone,Product,9,5,1,Yes,Super fast delivery and pristine quality. Highly recommended!
RSP-3764,CUST-1704,2025-05-19,Asia-Pacific,Mid-Market,Technology,Email,Product,8,4,2,Yes,"Average experience, nothing exceptional to report."
RSP-3765,CUST-2611,2025-08-10,Latin America,Enterprise,Healthcare,Phone,Customer Support,0,1,4,Yes,Frequent downtime impacted our business operations.
RSP-3766,CUST-1661,2025-05-29,Europe,Enterprise,Technology,Email,Quality,3,2,10,No,Pricing is way too high for the features provided.
RSP-3767,CUST-1263,2025-08-31,Europe,Mid-Market,Retail,Web,Customer Support,2,1,7,No,"Issue took over a week to resolve, very frustrating."
RSP-3768,CUST-3037,2025-12-14,Asia-Pacific,SMB,Healthcare,Email,Customer Support,9,5,3,Yes,Top-tier enterprise platform with excellent security features.
RSP-3769,CUST-4461,2025-07-24,North America,SMB,Technology,Web,Quality,5,2,5,No,Product keeps crashing after the latest update.
RSP-3770,CUST-3140,2025-06-04,North America,Mid-Market,Finance,Phone,Customer Support,10,5,3,Yes,The team went above and beyond to help us with our migration.
RSP-3772,CUST-3641,2025-10-24,Latin America,Mid-Market,Retail,Phone,Delivery,4,1,5,Yes,Delivery took twice as long as promised.
RSP-3773,CUST-2634,2025-05-09,North America,Mid-Market,Finance,Email,Customer Support,10,5,1,Yes,Super fast delivery and pristine quality. Highly recommended!
RSP-3774,CUST-4410,2025-10-11,North America,SMB,Technology,Email,Delivery,7,4,5,No,"Pricing is fair, but onboarding was slightly confusing."
RSP-3775,CUST-3466,2025-06-06,North America,Enterprise,Healthcare,Phone,Delivery,1,1,4,No,Product keeps crashing after the latest update.
RSP-3776,CUST-3435,2025-10-18,Latin America,Enterprise,Technology,Email,Quality,10,5,1,Yes,Best customer service team in the industry. Kudos!
RSP-3777,CUST-2502,2025-07-12,Europe,Mid-Market,Healthcare,In-App,Product,9,5,1,Yes,Top-tier enterprise platform with excellent security features.
RSP-3778,CUST-1786,2025-03-12,Latin America,SMB,Retail,Web,Delivery,7,4,3,Yes,"Service is okay, expecting more frequent software updates."
RSP-3779,CUST-3566,2025-09-15,Asia-Pacific,SMB,Technology,Web,Quality,4,2,4,Yes,"Issue took over a week to resolve, very frustrating."
RSP-3780,CUST-4836,2025-07-01,Europe,SMB,Technology,Web,Delivery,8,4,4,Yes,"Decent features for SMBs, but needs better reporting tools."
RSP-3781,CUST-4821,2025-08-04,Asia-Pacific,Enterprise,Technology,Email,Customer Support,4,1,14,No,Customer service agent was rude and transferred me three times.
RSP-3782,CUST-4778,2025-01-15,Latin America,Enterprise,Healthcare,Email,Product,6,1,4,Yes,Platform UI is slow and unintuitive.
RSP-3783,CUST-1216,2025-08-04,North America,Enterprise,Finance,Web,Quality,6,3,14,Yes,Product keeps crashing after the latest update.
RSP-3784,CUST-2151,2025-11-11,Europe,Enterprise,Finance,Phone,Pricing,5,3,14,No,Quality has visibly degraded over the last few months.
RSP-3785,CUST-2987,2025-10-25,North America,Enterprise,Retail,Web,Product,9,5,1,Yes,Smooth experience from purchase to setup. Very satisfied!
RSP-3786,CUST-2042,2025-11-14,Latin America,Mid-Market,Retail,Email,Customer Support,10,5,1,Yes,The team went above and beyond to help us with our migration.
RSP-3787,CUST-1438,2025-07-21,Latin America,Enterprise,Healthcare,Email,Delivery,5,3,5,Yes,Delivery took twice as long as promised.
RSP-3788,CUST-4300,2025-12-10,Latin America,Mid-Market,Finance,Web,Delivery,1,2,5,Yes,Support response was extremely slow and unhelpful.
RSP-3789,CUST-4791,2025-09-23,Middle East & Africa,Mid-Market,Retail,Email,Pricing,7,4,3,Yes,"Service is okay, expecting more frequent software updates."
RSP-3790,CUST-1445,2025-02-13,Europe,SMB,Retail,Email,Pricing,9,5,1,Yes,Exceptional customer support! Issue resolved within an hour.
RSP-3791,CUST-3213,2025-11-29,Europe,SMB,Retail,Email,Customer Support,8,5,2,Yes,"Support resolved the issue, but communication could be better."
RSP-3792,CUST-3731,2025-11-01,Latin America,Enterprise,Finance,Email,Customer Support,8,4,5,Yes,"Support resolved the issue, but communication could be better."
RSP-3793,CUST-3380,2025-10-17,North America,Mid-Market,Finance,Email,Product,10,5,1,Yes,Best customer service team in the industry. Kudos!
RSP-3794,CUST-3714,2025-02-01,North America,Enterprise,Technology,Email,Product,7,4,3,Yes,"Support resolved the issue, but communication could be better."
RSP-3795,CUST-5184,2025-01-28,Latin America,SMB,Unknown,Email,Customer Support,4,2,4,Yes,Pricing is way too high for the features provided.
RSP-3796,CUST-2180,2025-10-15,Europe,Mid-Market,Finance,Email,Delivery,9,5,1,Yes,Best customer service team in the industry. Kudos!
RSP-3797,CUST-2117,2025-04-25,North America,Enterprise,Technology,Phone,Customer Support,7,3,3,Yes,"Average experience, nothing exceptional to report."
RSP-3798,CUST-3464,2025-11-18,Asia-Pacific,Enterprise,Healthcare,Web,Product,2,2,4,Yes,Quality has visibly degraded over the last few months.
RSP-3799,CUST-1052,2025-09-06,Asia-Pacific,Mid-Market,Healthcare,In-App,Delivery,10,4,2,Yes,Great value for money and outstanding service reliability.
RSP-3800,CUST-1939,2025-02-04,Latin America,Enterprise,Technology,Email,Pricing,4,3,5,Yes,Support response was extremely slow and unhelpful.
RSP-3801,CUST-2253,2025-11-06,North America,Mid-Market,Retail,Email,Pricing,2,2,10,Yes,Product keeps crashing after the latest update.
RSP-3802,CUST-1793,2025-05-07,North America,Mid-Market,Technology,In-App,Pricing,7,4,2,Yes,"Pricing is fair, but onboarding was slightly confusing."
RSP-3803,CUST-1848,2025-08-31,Asia-Pacific,Mid-Market,Finance,Web,Delivery,1,2,7,No,Support response was extremely slow and unhelpful.
RSP-3804,CUST-5143,2025-08-16,Europe,Enterprise,Unknown,Web,Customer Support,7,4,3,Yes,"Decent features for SMBs, but needs better reporting tools."
RSP-3805,CUST-1455,2025-03-04,North America,Mid-Market,Healthcare,Phone,Product,7,4,2,No,"Delivery was on time, product packaging was slightly damaged."
RSP-3806,CUST-4314,2025-09-05,North America,Mid-Market,Technology,Web,Pricing,4,2,5,Yes,Delivery took twice as long as promised.
RSP-3807,CUST-2924,2025-10-07,North America,Mid-Market,Healthcare,Email,Delivery,6,1,4,Yes,Quality has visibly degraded over the last few months.
RSP-3808,CUST-4597,2025-12-03,Europe,Enterprise,Technology,Phone,Product,10,4,1,Yes,Fantastic product! Has significantly improved our team productivity.
RSP-3809,CUST-4541,2025-03-16,Middle East & Africa,Mid-Market,Healthcare,Email,Delivery,2,2,7,Yes,Support response was extremely slow and unhelpful.
RSP-3810,CUST-2513,2025-03-14,North America,SMB,Finance,Web,Product,9,4,1,Yes,Great value for money and outstanding service reliability.
RSP-3811,CUST-2398,2025-09-19,Asia-Pacific,Mid-Market,Retail,Web,Delivery,8,4,3,Yes,"Pricing is fair, but onboarding was slightly confusing."
RSP-3812,CUST-4900,2025-09-03,Europe,SMB,Technology,Email,Quality,9,5,1,Yes,The team went above and beyond to help us with our migration.
RSP-3813,CUST-3371,2025-12-08,North America,Mid-Market,Technology,Phone,Product,8,4,3,Yes,"Support resolved the issue, but communication could be better."
RSP-3814,CUST-5038,2025-07-08,North America,Mid-Market,Healthcare,Phone,Product,9,5,1,Yes,The team went above and beyond to help us with our migration.
RSP-3815,CUST-4204,2025-07-17,Asia-Pacific,SMB,Manufacturing,Email,Pricing,0,1,7,Yes,Product keeps crashing after the latest update.
RSP-3816,CUST-4800,2025-08-02,Europe,Enterprise,Retail,Phone,Pricing,0,2,5,Yes,Customer service agent was rude and transferred me three times.
RSP-3817,CUST-2213,2025-01-15,Asia-Pacific,Enterprise,Technology,Web,Customer Support,5,2,7,No,Quality has visibly degraded over the last few months.
RSP-3818,CUST-4744,2025-03-03,North America,Mid-Market,Finance,Web,Quality,6,1,4,Yes,Frequent downtime impacted our business operations.
RSP-3819,CUST-4190,2025-01-06,North America,SMB,Retail,Email,Product,3,3,14,Yes,Frequent downtime impacted our business operations.
RSP-3820,CUST-3480,2025-01-18,Europe,Mid-Market,Technology,Email,Customer Support,4,1,4,Yes,Frequent downtime impacted our business operations.
RSP-3821,CUST-4641,2025-01-22,Europe,Enterprise,Retail,Email,Delivery,2,1,4,Yes,"Issue took over a week to resolve, very frustrating."
RSP-3822,CUST-2141,2025-08-28,Asia-Pacific,Mid-Market,Retail,Email,Delivery,2,2,21,No,Billing error was not resolved on time.
RSP-3823,CUST-3268,2025-01-05,North America,Mid-Market,Technology,Email,Product,6,1,5,Yes,Delivery took twice as long as promised.
RSP-3824,CUST-3930,2025-09-14,Asia-Pacific,Enterprise,Technology,Phone,Customer Support,4,3,5,Yes,Platform UI is slow and unintuitive.
RSP-3825,CUST-2726,2025-06-28,Europe,Mid-Market,Finance,Email,Product,10,5,1,Yes,Top-tier enterprise platform with excellent security features.
RSP-3826,CUST-1514,2025-03-31,Europe,Enterprise,Finance,Web,Product,2,3,14,Yes,Delivery took twice as long as promised.
RSP-3827,CUST-3882,2025-12-02,Europe,SMB,Technology,Phone,Delivery,7,3,3,Yes,"Acceptable response time, issue was eventually fixed."
RSP-3828,CUST-4764,2025-03-13,Asia-Pacific,Mid-Market,Retail,In-App,Delivery,1,2,14,Yes,Quality has visibly degraded over the last few months.
RSP-3829,CUST-3481,2025-07-21,Europe,Enterprise,Technology,Web,Customer Support,8,5,2,Yes,"Support resolved the issue, but communication could be better."
RSP-3830,CUST-4962,2025-07-12,Latin America,Mid-Market,Technology,Web,Quality,8,4,2,Yes,"Service is okay, expecting more frequent software updates."
RSP-3831,CUST-2477,2025-10-22,Latin America,Mid-Market,Technology,Phone,Customer Support,5,2,4,Yes,Platform UI is slow and unintuitive.
RSP-3832,CUST-3123,2025-03-08,Europe,Enterprise,Technology,Web,Customer Support,8,3,3,Yes,"Acceptable response time, issue was eventually fixed."
RSP-3833,CUST-3851,2025-10-27,North America,Mid-Market,Healthcare,Phone,Product,3,3,21,Yes,Frequent downtime impacted our business operations.
RSP-3834,CUST-4307,2025-02-04,Asia-Pacific,Mid-Market,Technology,Email,Delivery,5,2,14,No,Support response was extremely slow and unhelpful.
RSP-3835,CUST-1241,2025-03-23,Asia-Pacific,SMB,Retail,Email,Product,8,4,3,Yes,"Pricing is fair, but onboarding was slightly confusing."
RSP-3836,CUST-1790,2025-12-07,Middle East & Africa,Mid-Market,Healthcare,Web,Product,3,2,10,Yes,Product keeps crashing after the latest update.
RSP-3837,CUST-5091,2025-12-14,Latin America,Mid-Market,Finance,Phone,Product,6,3,4,Yes,Billing error was not resolved on time.
RSP-3838,CUST-3651,2025-04-29,Europe,Enterprise,Retail,Email,Customer Support,7,4,3,Yes,"Pricing is fair, but onboarding was slightly confusing."
RSP-3839,CUST-1863,2025-03-31,Middle East & Africa,Enterprise,Finance,In-App,Customer Support,9,4,1,Yes,Top-tier enterprise platform with excellent security features.
RSP-3840,CUST-4441,2025-02-02,Middle East & Africa,SMB,Technology,Email,Product,6,1,10,No,Support response was extremely slow and unhelpful.
RSP-3841,CUST-3051,2025-02-28,Asia-Pacific,Mid-Market,Finance,Web,Delivery,3,1,7,No,No feedback provided
RSP-3842,CUST-1597,2025-08-15,Europe,SMB,Technology,Web,Quality,7,5,3,Yes,"Acceptable response time, issue was eventually fixed."
RSP-3843,CUST-1241,2025-03-31,North America,Mid-Market,Manufacturing,Email,Customer Support,9,4,1,Yes,Smooth experience from purchase to setup. Very satisfied!
RSP-3844,CUST-1881,2025-12-24,North America,Enterprise,Technology,Email,Customer Support,9,5,1,Yes,Best customer service team in the industry. Kudos!
RSP-3845,CUST-4093,2025-03-10,Latin America,SMB,Healthcare,Web,Customer Support,7,3,3,Yes,"Pricing is fair, but onboarding was slightly confusing."
RSP-3846,CUST-2603,2025-05-10,North America,Mid-Market,Finance,In-App,Customer Support,9,5,1,Yes,Best customer service team in the industry. Kudos!
RSP-3847,CUST-4584,2025-12-14,Asia-Pacific,Mid-Market,Healthcare,Phone,Quality,10,5,1,Yes,The team went above and beyond to help us with our migration.
RSP-3848,CUST-2847,2025-04-14,Latin America,Mid-Market,Technology,Email,Customer Support,7,3,2,Yes,"Average experience, nothing exceptional to report."
RSP-3849,CUST-4555,2025-09-28,Middle East & Africa,SMB,Finance,Web,Product,8,3,4,No,"Pricing is fair, but onboarding was slightly confusing."
RSP-3850,CUST-1704,2025-10-26,Latin America,Mid-Market,Retail,In-App,Product,9,5,2,Yes,Exceptional customer support! Issue resolved within an hour.
RSP-3851,CUST-1788,2025-04-15,North America,SMB,Technology,Email,Customer Support,10,5,2,Yes,Exceptional customer support! Issue resolved within an hour.
RSP-3852,CUST-2151,2025-01-03,Europe,Mid-Market,Technology,Email,Product,4,1,5,No,"Issue took over a week to resolve, very frustrating."
RSP-3853,CUST-4342,2025-10-18,Europe,SMB,Technology,Email,Customer Support,0,2,7,Yes,Platform UI is slow and unintuitive.
RSP-3854,CUST-1589,2025-06-24,North America,Mid-Market,Healthcare,Email,Product,8,3,4,Yes,"Average experience, nothing exceptional to report."
RSP-3855,CUST-5064,2025-04-08,North America,Enterprise,Healthcare,Email,Product,6,1,10,No,Pricing is way too high for the features provided.
RSP-3856,CUST-4880,2025-09-14,North America,Enterprise,Finance,Web,Pricing,0,1,10,No,"Issue took over a week to resolve, very frustrating."
RSP-3857,CUST-3920,2025-11-13,North America,Mid-Market,Technology,Email,Delivery,1,2,10,No,Platform UI is slow and unintuitive.
RSP-3858,CUST-2129,2025-02-04,North America,Enterprise,Technology,Phone,Customer Support,7,4,3,Yes,"Service is okay, expecting more frequent software updates."
RSP-3859,CUST-4502,2025-11-17,Europe,Mid-Market,Retail,Web,Product,8,4,2,Yes,"Decent features for SMBs, but needs better reporting tools."
RSP-3860,CUST-1580,2025-10-19,North America,Mid-Market,Manufacturing,Phone,Delivery,0,1,7,Yes,Product keeps crashing after the latest update.
RSP-3861,CUST-2041,2025-09-22,North America,SMB,Technology,Phone,Customer Support,8,4,3,No,"Delivery was on time, product packaging was slightly damaged."
RSP-3862,CUST-1826,2025-03-02,Europe,Mid-Market,Finance,Email,Quality,6,2,10,No,Billing error was not resolved on time.
RSP-3863,CUST-2888,2025-01-27,North America,SMB,Technology,Phone,Product,0,1,5,Yes,Frequent downtime impacted our business operations.
RSP-3864,CUST-3710,2025-01-12,Europe,Mid-Market,Unknown,Email,Product,7,4,2,No,"Pricing is fair, but onboarding was slightly confusing."
RSP-3865,CUST-3374,2025-05-09,North America,SMB,Technology,Web,Delivery,9,5,1,Yes,Top-tier enterprise platform with excellent security features.
RSP-3866,CUST-3931,2025-02-04,Europe,Enterprise,Technology,Web,Product,8,4,3,Yes,"Average experience, nothing exceptional to report."
RSP-3867,CUST-3359,2025-02-08,Europe,Enterprise,Technology,Phone,Pricing,1,1,7,Yes,Platform UI is slow and unintuitive.
RSP-3868,CUST-2977,2025-09-23,Europe,SMB,Manufacturing,Email,Delivery,9,4,1,Yes,The team went above and beyond to help us with our migration.
RSP-3869,CUST-4270,2025-11-13,North America,SMB,Finance,Email,Quality,6,3,5,Yes,Support response was extremely slow and unhelpful.
RSP-3870,CUST-1908,2025-10-26,North America,Mid-Market,Technology,Email,Pricing,9,5,2,Yes,Best customer service team in the industry. Kudos!
RSP-3871,CUST-3154,2025-12-01,Europe,Mid-Market,Retail,Phone,Product,7,4,5,Yes,"Product works fine, but missing key integrations."
RSP-3872,CUST-1264,2025-06-23,Latin America,SMB,Technology,Web,Product,7,4,3,Yes,"Decent features for SMBs, but needs better reporting tools."
RSP-3873,CUST-3137,2025-04-13,North America,SMB,Technology,Phone,Delivery,5,1,5,No,"Issue took over a week to resolve, very frustrating."
RSP-3874,CUST-1486,2025-03-13,Europe,Mid-Market,Healthcare,In-App,Pricing,3,1,7,Yes,Pricing is way too high for the features provided.
RSP-3875,CUST-3700,2025-12-06,North America,Enterprise,Technology,Phone,Delivery,1,3,14,No,Support response was extremely slow and unhelpful.
RSP-3876,CUST-2930,2025-09-10,North America,Enterprise,Technology,Email,Product,10,5,2,Yes,Fantastic product! Has significantly improved our team productivity.
RSP-3877,CUST-1289,2025-06-27,Europe,SMB,Manufacturing,Phone,Product,4,2,5,No,Product keeps crashing after the latest update.
RSP-3878,CUST-4409,2025-11-03,Europe,Mid-Market,Technology,Phone,Delivery,6,1,21,No,Frequent downtime impacted our business operations.
RSP-3879,CUST-1660,2025-10-10,Europe,SMB,Manufacturing,Email,Quality,3,2,4,Yes,Billing error was not resolved on time.
RSP-3880,CUST-2060,2025-05-19,Europe,Mid-Market,Finance,Phone,Product,10,5,1,No,Exceptional customer support! Issue resolved within an hour.
RSP-3881,CUST-1852,2025-01-19,North America,Mid-Market,Finance,Email,Delivery,7,3,3,Yes,"Service is okay, expecting more frequent software updates."
RSP-3882,CUST-5158,2025-04-26,Europe,SMB,Retail,Email,Customer Support,9,5,3,Yes,Smooth experience from purchase to setup. Very satisfied!
RSP-3883,CUST-4534,2025-09-02,North America,Mid-Market,Finance,Phone,Quality,8,4,2,Yes,"Delivery was on time, product packaging was slightly damaged."
RSP-3884,CUST-2865,2025-01-11,Europe,SMB,Finance,Email,Delivery,4,2,10,Yes,Support response was extremely slow and unhelpful.
RSP-3885,CUST-1215,2025-04-11,North America,Mid-Market,Technology,Web,Product,7,4,5,No,"Decent features for SMBs, but needs better reporting tools."
RSP-3886,CUST-1148,2025-10-10,Middle East & Africa,SMB,Finance,Web,Quality,10,5,1,Yes,Best customer service team in the industry. Kudos!
RSP-3887,CUST-1427,2025-07-18,Europe,SMB,Retail,Phone,Delivery,10,5,1,Yes,Top-tier enterprise platform with excellent security features.
RSP-3888,CUST-2025,2025-08-09,North America,Mid-Market,Technology,Email,Customer Support,7,4,2,Yes,"Decent features for SMBs, but needs better reporting tools."
RSP-3889,CUST-2128,2025-03-01,North America,Mid-Market,Technology,Phone,Delivery,5,3,14,Yes,Billing error was not resolved on time.
RSP-3890,CUST-1966,2025-11-12,North America,Mid-Market,Technology,Web,Delivery,8,5,3,Yes,"Acceptable response time, issue was eventually fixed."
RSP-3891,CUST-3881,2025-04-10,Europe,Enterprise,Manufacturing,Phone,Product,9,5,1,Yes,Smooth experience from purchase to setup. Very satisfied!
RSP-3892,CUST-4576,2025-01-30,Europe,Mid-Market,Finance,Email,Delivery,3,3,4,Yes,Pricing is way too high for the features provided.
RSP-3893,CUST-2900,2025-02-17,Latin America,SMB,Retail,Email,Customer Support,7,4,2,Yes,"Product works fine, but missing key integrations."
RSP-3894,CUST-2860,2025-07-31,Europe,Enterprise,Finance,Web,Customer Support,7,5,2,Yes,"Product works fine, but missing key integrations."
RSP-3895,CUST-1122,2025-05-08,Europe,Enterprise,Technology,Email,Pricing,9,5,1,Yes,Exceptional customer support! Issue resolved within an hour.
RSP-3896,CUST-1627,2025-01-30,North America,Enterprise,Technology,Web,Customer Support,6,2,10,Yes,Delivery took twice as long as promised.
RSP-3897,CUST-4592,2025-04-03,North America,SMB,Finance,Email,Customer Support,7,4,3,Yes,"Delivery was on time, product packaging was slightly damaged."
RSP-3898,CUST-1358,2025-06-10,Asia-Pacific,Mid-Market,Technology,Email,Delivery,4,1,7,Yes,"Issue took over a week to resolve, very frustrating."
RSP-3899,CUST-3000,2025-05-30,Asia-Pacific,SMB,Technology,Phone,Pricing,2,3,7,Yes,Delivery took twice as long as promised.
RSP-3900,CUST-4258,2025-09-03,North America,SMB,Healthcare,Web,Quality,7,4,2,Yes,"Support resolved the issue, but communication could be better."
RSP-3901,CUST-1629,2025-02-09,Latin America,Enterprise,Healthcare,Email,Quality,6,3,10,No,Quality has visibly degraded over the last few months.
RSP-3902,CUST-2686,2025-09-11,North America,Mid-Market,Technology,Phone,Customer Support,4,1,7,Yes,"Issue took over a week to resolve, very frustrating."
RSP-3903,CUST-2804,2025-08-16,Europe,Enterprise,Finance,Phone,Customer Support,6,1,10,No,Quality has visibly degraded over the last few months.
RSP-3904,CUST-4005,2025-10-10,Europe,Mid-Market,Technology,Web,Customer Support,8,5,2,Yes,"Delivery was on time, product packaging was slightly damaged."
RSP-3905,CUST-3000,2025-09-27,Middle East & Africa,Mid-Market,Technology,Web,Product,10,4,1,Yes,The team went above and beyond to help us with our migration.
RSP-3906,CUST-3612,2025-12-24,North America,SMB,Finance,Email,Product,9,5,2,Yes,Fantastic product! Has significantly improved our team productivity.
RSP-3907,CUST-1442,2025-06-27,North America,SMB,Finance,Phone,Delivery,5,2,10,No,Customer service agent was rude and transferred me three times.
RSP-3908,CUST-4983,2025-05-24,Europe,Mid-Market,Retail,Email,Delivery,6,3,4,Yes,Product keeps crashing after the latest update.
RSP-3909,CUST-2667,2025-03-12,North America,Mid-Market,Technology,Phone,Quality,7,3,4,Yes,"Pricing is fair, but onboarding was slightly confusing."
RSP-3910,CUST-3498,2025-10-11,North America,Mid-Market,Retail,Web,Customer Support,4,2,5,No,Pricing is way too high for the features provided.
RSP-3911,CUST-2005,2025-07-10,Europe,Mid-Market,Technology,Email,Product,4,2,7,Yes,Delivery took twice as long as promised.
RSP-3912,CUST-1293,2025-05-01,Europe,SMB,Manufacturing,Email,Customer Support,2,1,7,Yes,Billing error was not resolved on time.
RSP-3913,CUST-4717,2025-02-28,Asia-Pacific,Mid-Market,Technology,Web,Product,4,1,21,Yes,Support response was extremely slow and unhelpful.
RSP-3914,CUST-5087,2025-01-18,Europe,SMB,Finance,Web,Delivery,10,5,1,Yes,The team went above and beyond to help us with our migration.
RSP-3915,CUST-3277,2025-10-29,Latin America,Mid-Market,Finance,Web,Customer Support,4,1,7,Yes,Customer service agent was rude and transferred me three times.
RSP-3917,CUST-3286,2025-11-09,North America,Mid-Market,Technology,Web,Delivery,5,3,4,Yes,Customer service agent was rude and transferred me three times.
RSP-3918,CUST-5057,2025-01-10,North America,Enterprise,Finance,Phone,Product,4,1,21,No,Customer service agent was rude and transferred me three times.
RSP-3919,CUST-4151,2025-08-16,Europe,Mid-Market,Healthcare,Email,Pricing,7,4,3,Yes,"Product works fine, but missing key integrations."
RSP-3920,CUST-2838,2025-04-16,North America,Enterprise,Healthcare,Email,Product,8,5,5,Yes,"Decent features for SMBs, but needs better reporting tools."
RSP-3921,CUST-2510,2025-12-04,North America,Mid-Market,Retail,In-App,Quality,8,3,2,Yes,"Decent features for SMBs, but needs better reporting tools."
RSP-3922,CUST-1428,2025-12-05,Europe,Enterprise,Finance,Web,Product,10,5,3,Yes,The team went above and beyond to help us with our migration.
RSP-3923,CUST-1256,2025-10-05,North America,Mid-Market,Technology,Web,Delivery,9,5,1,No,Smooth experience from purchase to setup. Very satisfied!
RSP-3924,CUST-1212,2025-11-08,Europe,Enterprise,Finance,Email,Product,7,4,4,Yes,"Acceptable response time, issue was eventually fixed."
RSP-3925,CUST-3150,2025-10-30,Asia-Pacific,Enterprise,Technology,Email,Product,7,4,5,Yes,"Pricing is fair, but onboarding was slightly confusing."
RSP-3926,CUST-1224,2025-06-24,North America,Enterprise,Retail,Web,Quality,2,1,4,No,Frequent downtime impacted our business operations.
RSP-3927,CUST-4555,2025-08-07,North America,Mid-Market,Healthcare,Phone,Product,8,3,5,Yes,"Product works fine, but missing key integrations."
RSP-3928,CUST-1894,2025-10-11,North America,Mid-Market,Retail,Email,Delivery,0,1,7,Yes,Customer service agent was rude and transferred me three times.
RSP-3929,CUST-3354,2025-10-01,Asia-Pacific,SMB,Retail,Email,Delivery,9,5,1,Yes,Best customer service team in the industry. Kudos!
RSP-3930,CUST-4472,2025-10-21,Latin America,Mid-Market,Retail,Phone,Product,4,1,4,No,Frequent downtime impacted our business operations.
RSP-3931,CUST-3130,2025-03-25,Europe,SMB,Finance,Email,Product,10,5,1,No,Top-tier enterprise platform with excellent security features.
RSP-3932,CUST-4828,2025-05-02,North America,SMB,Retail,Email,Product,10,5,1,Yes,Super fast delivery and pristine quality. Highly recommended!
RSP-3933,CUST-1124,2025-05-24,Europe,SMB,Unknown,In-App,Pricing,0,2,5,Yes,Quality has visibly degraded over the last few months.
RSP-3934,CUST-1700,2025-05-08,Asia-Pacific,Mid-Market,Manufacturing,Email,Quality,2,1,7,Yes,Platform UI is slow and unintuitive.
RSP-3935,CUST-3423,2025-06-22,Europe,SMB,Finance,Email,Product,7,4,3,Yes,"Decent features for SMBs, but needs better reporting tools."
RSP-3936,CUST-1316,2025-11-12,Asia-Pacific,Enterprise,Finance,Phone,Product,9,5,1,Yes,The team went above and beyond to help us with our migration.
RSP-3937,CUST-3963,2025-05-18,Latin America,Mid-Market,Healthcare,Email,Product,4,3,5,No,Quality has visibly degraded over the last few months.
RSP-3938,CUST-1101,2025-03-05,North America,Mid-Market,Manufacturing,Email,Customer Support,10,5,2,Yes,The team went above and beyond to help us with our migration.
RSP-3939,CUST-3629,2025-05-16,Europe,Enterprise,Finance,In-App,Customer Support,6,2,7,Yes,Delivery took twice as long as promised.
RSP-3940,CUST-4635,2025-08-25,Asia-Pacific,Mid-Market,Finance,Email,Product,8,4,3,Yes,"Product works fine, but missing key integrations."
RSP-3941,CUST-4603,2025-01-05,North America,Mid-Market,Manufacturing,Web,Quality,6,2,5,No,Billing error was not resolved on time.
RSP-3942,CUST-1303,2025-07-03,Europe,SMB,Healthcare,Email,Product,9,5,1,Yes,Best customer service team in the industry. Kudos!
RSP-3943,CUST-2784,2025-07-29,Europe,Enterprise,Technology,Email,Customer Support,9,5,2,Yes,Exceptional customer support! Issue resolved within an hour.
RSP-3944,CUST-1651,2025-05-22,North America,SMB,Technology,In-App,Customer Support,2,2,7,No,Frequent downtime impacted our business operations.
RSP-3945,CUST-3572,2025-02-02,Europe,Mid-Market,Technology,Phone,Product,2,3,5,Yes,Billing error was not resolved on time.
RSP-3946,CUST-2472,2025-05-13,Asia-Pacific,SMB,Technology,Email,Product,1,2,7,No,Quality has visibly degraded over the last few months.
RSP-3947,CUST-3126,2025-09-11,Europe,SMB,Healthcare,In-App,Delivery,7,4,3,Yes,"Average experience, nothing exceptional to report."
RSP-3948,CUST-2863,2025-11-19,North America,Mid-Market,Finance,Web,Customer Support,7,4,5,Yes,"Average experience, nothing exceptional to report."
RSP-3949,CUST-2203,2025-11-13,Asia-Pacific,Enterprise,Technology,Email,Customer Support,6,1,4,Yes,Support response was extremely slow and unhelpful.
RSP-3950,CUST-2906,2025-02-28,North America,Enterprise,Finance,Email,Delivery,10,5,3,Yes,Exceptional customer support! Issue resolved within an hour.
RSP-3951,CUST-2509,2025-12-17,Europe,Mid-Market,Healthcare,Phone,Product,9,5,1,Yes,Best customer service team in the industry. Kudos!
RSP-3952,CUST-3599,2025-01-22,Asia-Pacific,Mid-Market,Technology,Web,Pricing,0,3,5,No,Platform UI is slow and unintuitive.
RSP-3953,CUST-2867,2025-02-01,Europe,SMB,Retail,Email,Product,8,3,3,No,"Delivery was on time, product packaging was slightly damaged."
RSP-3954,CUST-3108,2025-01-09,North America,Mid-Market,Healthcare,Phone,Product,6,3,10,No,"Issue took over a week to resolve, very frustrating."
RSP-3955,CUST-1366,2025-11-04,Asia-Pacific,Mid-Market,Finance,Email,Product,7,3,3,Yes,"Pricing is fair, but onboarding was slightly confusing."
RSP-3956,CUST-3864,2025-02-25,Europe,Mid-Market,Finance,Phone,Pricing,0,2,7,No,Product keeps crashing after the latest update.
RSP-3957,CUST-5152,2025-08-16,North America,Mid-Market,Technology,Email,Delivery,8,4,2,Yes,"Support resolved the issue, but communication could be better."
RSP-3958,CUST-5186,2025-02-09,North America,SMB,Retail,Email,Product,10,4,1,Yes,Great value for money and outstanding service reliability.
RSP-3959,CUST-2671,2025-06-16,Europe,Enterprise,Technology,In-App,Product,7,4,4,Yes,"Acceptable response time, issue was eventually fixed."
RSP-3960,CUST-4407,2025-02-06,North America,Mid-Market,Technology,Email,Quality,2,1,5,Yes,Customer service agent was rude and transferred me three times.
RSP-3961,CUST-3319,2025-03-15,Asia-Pacific,SMB,Finance,Phone,Customer Support,6,1,7,Yes,Support response was extremely slow and unhelpful.
RSP-3962,CUST-3675,2025-11-07,North America,Mid-Market,Healthcare,Phone,Customer Support,7,5,3,Yes,"Acceptable response time, issue was eventually fixed."
RSP-3963,CUST-3744,2025-07-28,North America,Mid-Market,Retail,Email,Product,8,3,3,Yes,"Acceptable response time, issue was eventually fixed."
RSP-3964,CUST-4855,2025-05-31,North America,SMB,Unknown,Phone,Customer Support,9,5,1,Yes,Exceptional customer support! Issue resolved within an hour.
RSP-3965,CUST-2313,2025-07-08,North America,Enterprise,Technology,Email,Quality,7,4,3,Yes,"Product works fine, but missing key integrations."
RSP-3966,CUST-3382,2025-03-18,North America,Mid-Market,Technology,Phone,Delivery,4,1,7,Yes,Frequent downtime impacted our business operations.
RSP-3967,CUST-1209,2025-02-24,Europe,Enterprise,Finance,Web,Customer Support,10,4,1,Yes,Great value for money and outstanding service reliability.
RSP-3968,CUST-3564,2025-09-19,North America,Enterprise,Healthcare,Email,Product,10,5,1,Yes,Smooth experience from purchase to setup. Very satisfied!
RSP-3969,CUST-2760,2025-07-13,Asia-Pacific,SMB,Technology,Email,Customer Support,6,3,7,Yes,Frequent downtime impacted our business operations.
RSP-3970,CUST-1267,2025-12-03,Asia-Pacific,Mid-Market,Technology,Email,Customer Support,4,1,4,No,Delivery took twice as long as promised.
RSP-3971,CUST-4121,2025-11-29,North America,Enterprise,Finance,Web,Quality,5,2,7,Yes,Product keeps crashing after the latest update.
RSP-3972,CUST-1633,2025-04-25,Asia-Pacific,Mid-Market,Finance,In-App,Customer Support,0,3,5,Yes,Frequent downtime impacted our business operations.
RSP-3973,CUST-5124,2025-10-22,North America,Mid-Market,Finance,Phone,Customer Support,9,5,1,Yes,Top-tier enterprise platform with excellent security features.
RSP-3974,CUST-1993,2025-09-28,Asia-Pacific,Mid-Market,Healthcare,Email,Delivery,3,2,4,No,Support response was extremely slow and unhelpful.
RSP-3975,CUST-4869,2025-12-04,Asia-Pacific,Mid-Market,Technology,Web,Customer Support,10,5,1,Yes,Best customer service team in the industry. Kudos!
RSP-3976,CUST-3596,2025-05-18,North America,SMB,Technology,Web,Product,9,5,3,Yes,Great value for money and outstanding service reliability.
RSP-3977,CUST-3400,2025-05-05,North America,Enterprise,Retail,Phone,Customer Support,3,2,5,Yes,"Issue took over a week to resolve, very frustrating."
RSP-3978,CUST-2991,2025-07-05,Asia-Pacific,Enterprise,Finance,Web,Pricing,7,4,3,Yes,"Pricing is fair, but onboarding was slightly confusing."
RSP-3979,CUST-4734,2025-06-11,North America,Mid-Market,Retail,Email,Product,8,3,3,Yes,"Support resolved the issue, but communication could be better."
RSP-3980,CUST-2974,2025-08-16,North America,Mid-Market,Retail,Web,Quality,4,3,5,No,Customer service agent was rude and transferred me three times.
RSP-3981,CUST-3964,2025-02-10,Europe,Mid-Market,Technology,Phone,Product,10,5,1,Yes,Smooth experience from purchase to setup. Very satisfied!
RSP-3982,CUST-5142,2025-02-09,North America,Mid-Market,Finance,Web,Product,10,5,3,Yes,Smooth experience from purchase to setup. Very satisfied!
RSP-3983,CUST-4966,2025-11-06,Asia-Pacific,Mid-Market,Healthcare,Email,Customer Support,0,2,7,No,Pricing is way too high for the features provided.
RSP-3984,CUST-4677,2025-08-03,Middle East & Africa,Mid-Market,Technology,Email,Customer Support,10,5,3,Yes,Great value for money and outstanding service reliability.
RSP-3985,CUST-2026,2025-10-03,Middle East & Africa,Mid-Market,Manufacturing,Web,Product,1,1,10,Yes,Pricing is way too high for the features provided.
RSP-3986,CUST-4339,2025-12-12,North America,SMB,Technology,Web,Quality,10,4,3,Yes,Super fast delivery and pristine quality. Highly recommended!
RSP-3987,CUST-3132,2025-05-27,Europe,Mid-Market,Finance,In-App,Customer Support,10,5,1,Yes,Smooth experience from purchase to setup. Very satisfied!
RSP-3988,CUST-3571,2025-03-02,North America,SMB,Finance,Phone,Customer Support,7,3,3,Yes,"Support resolved the issue, but communication could be better."
RSP-3989,CUST-4346,2025-08-04,Middle East & Africa,Enterprise,Healthcare,Email,Product,8,3,4,Yes,"Average experience, nothing exceptional to report."
RSP-3990,CUST-5048,2025-11-20,North America,Mid-Market,Technology,Web,Product,0,2,21,No,Pricing is way too high for the features provided.
RSP-3991,CUST-2473,2025-08-21,North America,Enterprise,Finance,Web,Delivery,4,1,4,Yes,Support response was extremely slow and unhelpful.
RSP-3992,CUST-2366,2025-03-03,North America,Enterprise,Technology,Phone,Product,8,5,2,Yes,"Decent features for SMBs, but needs better reporting tools."
RSP-3993,CUST-3157,2025-10-11,Asia-Pacific,Mid-Market,Technology,Email,Customer Support,8,3,4,Yes,"Service is okay, expecting more frequent software updates."
RSP-3994,CUST-1827,2025-03-06,North America,SMB,Technology,Web,Product,9,5,1,Yes,Exceptional customer support! Issue resolved within an hour.
RSP-3995,CUST-4534,2025-01-13,Asia-Pacific,Enterprise,Technology,Email,Product,9,5,2,Yes,Super fast delivery and pristine quality. Highly recommended!
RSP-3996,CUST-1598,2025-03-09,North America,Enterprise,Finance,In-App,Customer Support,7,3,2,Yes,"Decent features for SMBs, but needs better reporting tools."
RSP-3997,CUST-4459,2025-07-01,Asia-Pacific,Enterprise,Retail,In-App,Quality,10,4,3,Yes,Super fast delivery and pristine quality. Highly recommended!
RSP-3998,CUST-4295,2025-12-23,Latin America,Enterprise,Healthcare,Email,Product,10,5,1,Yes,Great value for money and outstanding service reliability.
RSP-3999,CUST-3403,2025-03-02,Asia-Pacific,Mid-Market,Finance,Phone,Customer Support,10,5,1,Yes,Smooth experience from purchase to setup. Very satisfied!
RSP-4000,CUST-3757,2025-10-30,Latin America,SMB,Finance,Email,Product,1,2,5,Yes,Frequent downtime impacted our business operations.
RSP-4001,CUST-1882,2025-01-24,Latin America,SMB,Technology,Email,Quality,7,4,4,Yes,"Support resolved the issue, but communication could be better."
RSP-4002,CUST-3907,2025-08-18,North America,Mid-Market,Finance,Email,Quality,9,5,3,Yes,Top-tier enterprise platform with excellent security features.
RSP-4003,CUST-4684,2025-08-12,Latin America,Enterprise,Technology,Email,Delivery,1,3,5,No,Quality has visibly degraded over the last few months.
RSP-4004,CUST-4908,2025-12-25,Europe,Enterprise,Healthcare,In-App,Customer Support,0,3,5,No,Delivery took twice as long as promised.
RSP-4005,CUST-2502,2025-10-29,Europe,Mid-Market,Technology,In-App,Pricing,5,1,4,Yes,Platform UI is slow and unintuitive.
RSP-4006,CUST-1686,2025-03-19,Europe,Mid-Market,Technology,Phone,Customer Support,10,5,2,Yes,Exceptional customer support! Issue resolved within an hour.
RSP-4007,CUST-4030,2025-12-12,Europe,SMB,Finance,Phone,Customer Support,10,5,1,Yes,Best customer service team in the industry. Kudos!
RSP-4008,CUST-4107,2025-06-14,North America,Mid-Market,Manufacturing,Email,Product,8,3,3,Yes,"Service is okay, expecting more frequent software updates."
RSP-4009,CUST-2447,2025-09-18,Europe,Mid-Market,Healthcare,Email,Product,7,4,2,Yes,"Delivery was on time, product packaging was slightly damaged."
RSP-4010,CUST-1793,2025-04-29,Asia-Pacific,Mid-Market,Technology,Email,Customer Support,5,1,5,No,Quality has visibly degraded over the last few months.
RSP-4011,CUST-5041,2025-06-24,Asia-Pacific,SMB,Unknown,Email,Product,10,5,1,Yes,Exceptional customer support! Issue resolved within an hour.
RSP-4012,CUST-5163,2025-08-07,Asia-Pacific,Mid-Market,Healthcare,In-App,Delivery,5,2,10,Yes,Quality has visibly degraded over the last few months.
RSP-4013,CUST-3644,2025-07-16,North America,SMB,Healthcare,In-App,Customer Support,8,3,4,Yes,"Acceptable response time, issue was eventually fixed."
RSP-4014,CUST-2461,2025-03-15,Europe,Mid-Market,Manufacturing,Email,Product,10,5,1,Yes,Exceptional customer support! Issue resolved within an hour.
RSP-4015,CUST-2725,2025-08-09,North America,Enterprise,Finance,Email,Pricing,8,4,4,Yes,"Delivery was on time, product packaging was slightly damaged."
RSP-4016,CUST-3575,2025-02-20,Europe,SMB,Retail,Email,Product,5,2,7,Yes,"Issue took over a week to resolve, very frustrating."
RSP-4017,CUST-3333,2025-03-26,Europe,SMB,Healthcare,Email,Pricing,2,2,4,Yes,Product keeps crashing after the latest update.
RSP-4018,CUST-3358,2025-05-21,Europe,Mid-Market,Healthcare,Email,Delivery,4,1,21,No,Billing error was not resolved on time.
RSP-4019,CUST-4595,2025-04-25,Latin America,Mid-Market,Technology,Phone,Quality,0,2,5,Yes,Delivery took twice as long as promised.
RSP-4020,CUST-3363,2025-05-13,North America,SMB,Finance,Email,Customer Support,5,3,14,Yes,Frequent downtime impacted our business operations.
RSP-4021,CUST-1869,2025-04-29,Asia-Pacific,Mid-Market,Healthcare,Web,Quality,7,5,4,Yes,"Delivery was on time, product packaging was slightly damaged."
RSP-4022,CUST-2155,2025-02-19,Asia-Pacific,Mid-Market,Healthcare,Phone,Delivery,8,3,2,No,"Pricing is fair, but onboarding was slightly confusing."
RSP-4023,CUST-5167,2025-03-28,North America,Enterprise,Healthcare,Web,Customer Support,10,5,2,Yes,Exceptional customer support! Issue resolved within an hour.
RSP-4024,CUST-1325,2025-10-04,North America,Mid-Market,Technology,Email,Delivery,1,3,5,No,Platform UI is slow and unintuitive.
RSP-4025,CUST-2598,2025-01-04,Latin America,Enterprise,Healthcare,Phone,Quality,9,5,1,Yes,Best customer service team in the industry. Kudos!
RSP-4026,CUST-1211,2025-07-09,Latin America,SMB,Retail,Web,Product,10,5,1,Yes,Great value for money and outstanding service reliability.
RSP-4027,CUST-3308,2025-10-20,Europe,SMB,Healthcare,Email,Delivery,3,1,7,No,Customer service agent was rude and transferred me three times.
RSP-4028,CUST-4644,2025-09-24,Europe,Mid-Market,Finance,Phone,Delivery,3,1,14,No,Delivery took twice as long as promised.
RSP-4029,CUST-4717,2025-06-01,Europe,SMB,Retail,In-App,Product,9,5,2,Yes,Fantastic product! Has significantly improved our team productivity.
RSP-4030,CUST-1982,2025-08-16,Asia-Pacific,Mid-Market,Retail,Web,Product,4,2,7,Yes,Customer service agent was rude and transferred me three times.
RSP-4031,CUST-5040,2025-05-15,Asia-Pacific,SMB,Technology,Phone,Quality,9,5,1,Yes,Fantastic product! Has significantly improved our team productivity.
RSP-4032,CUST-2120,2025-05-23,Latin America,Mid-Market,Healthcare,Email,Product,9,5,1,Yes,Fantastic product! Has significantly improved our team productivity.
RSP-4033,CUST-3897,2025-02-10,North America,SMB,Technology,In-App,Product,4,2,14,Yes,Pricing is way too high for the features provided.
RSP-4034,CUST-1609,2025-06-17,Europe,Mid-Market,Technology,Email,Pricing,1,2,21,Yes,Delivery took twice as long as promised.
RSP-4035,CUST-5153,2025-06-21,North America,Enterprise,Technology,Email,Customer Support,9,5,3,Yes,The team went above and beyond to help us with our migration.
RSP-4036,CUST-4714,2025-11-19,North America,Mid-Market,Technology,Email,Delivery,8,5,2,Yes,"Support resolved the issue, but communication could be better."
RSP-4037,CUST-3578,2025-01-20,Asia-Pacific,Mid-Market,Technology,In-App,Customer Support,10,5,1,Yes,Top-tier enterprise platform with excellent security features.
RSP-4038,CUST-1822,2025-12-28,Middle East & Africa,Mid-Market,Technology,Phone,Delivery,2,2,5,Yes,Platform UI is slow and unintuitive.
RSP-4039,CUST-3601,2025-04-08,North America,Mid-Market,Technology,Email,Customer Support,6,1,7,Yes,Platform UI is slow and unintuitive.
RSP-4040,CUST-1291,2025-11-21,North America,Mid-Market,Finance,Web,Delivery,4,2,4,Yes,Support response was extremely slow and unhelpful.
RSP-4041,CUST-3014,2025-03-12,Europe,Mid-Market,Finance,Email,Delivery,8,4,3,Yes,"Decent features for SMBs, but needs better reporting tools."
RSP-4042,CUST-2803,2025-12-11,North America,Enterprise,Healthcare,In-App,Quality,7,5,3,Yes,"Pricing is fair, but onboarding was slightly confusing."
RSP-4043,CUST-3173,2025-08-29,North America,Mid-Market,Technology,Email,Quality,2,1,5,Yes,Delivery took twice as long as promised.
RSP-4044,CUST-4969,2025-04-06,North America,Mid-Market,Technology,Phone,Product,10,5,2,Yes,Best customer service team in the industry. Kudos!
RSP-4045,CUST-3315,2025-03-09,Europe,Enterprise,Healthcare,Web,Delivery,0,1,5,Yes,Pricing is way too high for the features provided.
RSP-4046,CUST-1726,2025-09-22,Latin America,Enterprise,Healthcare,Web,Quality,6,1,5,Yes,Pricing is way too high for the features provided.
RSP-4047,CUST-1026,2025-08-11,North America,Mid-Market,Technology,In-App,Product,7,5,3,Yes,"Support resolved the issue, but communication could be better."
RSP-4048,CUST-5019,2025-10-13,North America,SMB,Technology,Web,Quality,0,2,21,Yes,Frequent downtime impacted our business operations.
RSP-4049,CUST-2708,2025-12-30,Europe,SMB,Finance,Web,Customer Support,1,1,4,Yes,Delivery took twice as long as promised.
RSP-4050,CUST-1317,2025-08-03,North America,Mid-Market,Technology,Web,Customer Support,8,4,2,Yes,"Delivery was on time, product packaging was slightly damaged."
RSP-4051,CUST-4115,2025-11-20,Europe,SMB,Technology,Web,Customer Support,8,3,3,Yes,"Pricing is fair, but onboarding was slightly confusing."
RSP-4052,CUST-3856,2025-09-05,Europe,Mid-Market,Technology,Email,Product,5,1,5,Yes,Platform UI is slow and unintuitive.
RSP-4053,CUST-2475,2025-06-03,Asia-Pacific,SMB,Technology,Email,Quality,7,4,4,Yes,"Pricing is fair, but onboarding was slightly confusing."
RSP-4054,CUST-3393,2025-12-09,Europe,SMB,Technology,In-App,Delivery,5,2,10,Yes,Billing error was not resolved on time.
RSP-4055,CUST-5015,2025-11-19,Europe,SMB,Healthcare,Email,Product,9,5,1,Yes,Top-tier enterprise platform with excellent security features.
RSP-4056,CUST-3925,2025-10-06,North America,Mid-Market,Technology,Phone,Pricing,7,3,3,Yes,"Service is okay, expecting more frequent software updates."
RSP-4057,CUST-3420,2025-02-19,North America,Enterprise,Technology,Web,Delivery,9,5,1,Yes,Great value for money and outstanding service reliability.
RSP-4058,CUST-1920,2025-05-28,North America,SMB,Healthcare,In-App,Delivery,2,1,14,Yes,Customer service agent was rude and transferred me three times.
RSP-4059,CUST-4663,2025-06-16,Middle East & Africa,Mid-Market,Technology,Phone,Product,2,2,5,Yes,Pricing is way too high for the features provided.
RSP-4060,CUST-4480,2025-03-01,North America,Enterprise,Healthcare,Phone,Customer Support,8,4,2,Yes,"Average experience, nothing exceptional to report."
RSP-4061,CUST-4807,2025-06-13,North America,SMB,Finance,Email,Product,9,5,2,Yes,Fantastic product! Has significantly improved our team productivity.
RSP-4062,CUST-3847,2025-12-23,Europe,SMB,Technology,Phone,Delivery,2,3,14,Yes,Customer service agent was rude and transferred me three times.
RSP-4063,CUST-2049,2025-09-05,North America,SMB,Technology,Email,Delivery,5,1,7,Yes,Billing error was not resolved on time.
RSP-4064,CUST-4375,2025-12-18,Latin America,SMB,Finance,Phone,Product,9,5,1,Yes,Great value for money and outstanding service reliability.
RSP-4065,CUST-1237,2025-05-29,North America,Mid-Market,Healthcare,In-App,Product,8,5,3,Yes,"Delivery was on time, product packaging was slightly damaged."
RSP-4066,CUST-5157,2025-04-21,North America,SMB,Technology,In-App,Product,7,4,3,Yes,"Decent features for SMBs, but needs better reporting tools."
RSP-4067,CUST-1498,2025-10-15,Middle East & Africa,Mid-Market,Finance,Email,Quality,7,5,3,Yes,"Acceptable response time, issue was eventually fixed."
RSP-4068,CUST-3143,2025-12-12,North America,SMB,Finance,Web,Product,8,5,2,Yes,"Acceptable response time, issue was eventually fixed."
RSP-4069,CUST-4368,2025-07-20,Asia-Pacific,Mid-Market,Finance,Phone,Pricing,8,4,2,Yes,"Service is okay, expecting more frequent software updates."
RSP-4070,CUST-4483,2025-07-24,Latin America,Mid-Market,Retail,Phone,Product,7,3,4,Yes,"Delivery was on time, product packaging was slightly damaged."
RSP-4071,CUST-1447,2025-05-18,North America,Mid-Market,Retail,Web,Delivery,3,3,5,No,Billing error was not resolved on time.
RSP-4072,CUST-2793,2025-06-23,Asia-Pacific,SMB,Manufacturing,Web,Product,5,1,4,Yes,Support response was extremely slow and unhelpful.
RSP-4073,CUST-3527,2025-08-18,Europe,Enterprise,Healthcare,In-App,Customer Support,10,5,1,Yes,Top-tier enterprise platform with excellent security features.
RSP-4074,CUST-2812,2025-10-21,Europe,Mid-Market,Technology,Email,Customer Support,9,5,1,Yes,Super fast delivery and pristine quality. Highly recommended!
RSP-4075,CUST-2689,2025-11-17,North America,SMB,Retail,Email,Product,8,3,5,Yes,"Support resolved the issue, but communication could be better."
RSP-4076,CUST-3700,2025-03-08,North America,Enterprise,Retail,Phone,Customer Support,6,1,7,Yes,Frequent downtime impacted our business operations.
RSP-4077,CUST-1163,2025-01-11,North America,Enterprise,Finance,Web,Product,9,4,1,Yes,Top-tier enterprise platform with excellent security features.
RSP-4078,CUST-1739,2025-12-27,Europe,Mid-Market,Technology,Email,Quality,1,1,5,Yes,"Issue took over a week to resolve, very frustrating."
RSP-4079,CUST-3889,2025-10-11,Asia-Pacific,Enterprise,Healthcare,Email,Delivery,1,1,5,No,Product keeps crashing after the latest update.
RSP-4080,CUST-1403,2025-09-23,Asia-Pacific,Mid-Market,Technology,Email,Delivery,8,5,3,Yes,"Pricing is fair, but onboarding was slightly confusing."
RSP-4081,CUST-3966,2025-10-02,Asia-Pacific,Mid-Market,Finance,Email,Product,2,1,7,No,Pricing is way too high for the features provided.
RSP-4082,CUST-2286,2025-10-02,Asia-Pacific,SMB,Technology,Phone,Customer Support,9,5,1,Yes,Top-tier enterprise platform with excellent security features.
RSP-4083,CUST-2878,2025-05-29,Middle East & Africa,SMB,Healthcare,Web,Product,6,2,5,Yes,Delivery took twice as long as promised.
RSP-4084,CUST-4062,2025-06-19,Latin America,Mid-Market,Manufacturing,Email,Delivery,3,3,5,Yes,Customer service agent was rude and transferred me three times.
RSP-4085,CUST-2766,2025-10-11,North America,SMB,Technology,Email,Delivery,4,1,4,No,Pricing is way too high for the features provided.
RSP-4086,CUST-1111,2025-01-19,North America,Enterprise,Technology,In-App,Product,9,5,1,Yes,Exceptional customer support! Issue resolved within an hour.
RSP-4087,CUST-1839,2025-09-14,Europe,SMB,Retail,Web,Product,9,4,1,Yes,Top-tier enterprise platform with excellent security features.
RSP-4088,CUST-4972,2025-01-22,North America,Enterprise,Technology,Phone,Quality,7,4,2,Yes,"Average experience, nothing exceptional to report."
RSP-4089,CUST-3319,2025-06-04,North America,Mid-Market,Healthcare,In-App,Delivery,5,1,4,Yes,Support response was extremely slow and unhelpful.
RSP-4090,CUST-2884,2025-11-20,Asia-Pacific,Mid-Market,Technology,Phone,Customer Support,2,2,10,Yes,Pricing is way too high for the features provided.
RSP-4091,CUST-1276,2025-05-20,Asia-Pacific,Enterprise,Finance,In-App,Delivery,2,1,5,Yes,Product keeps crashing after the latest update.
RSP-4092,CUST-4095,2025-12-02,Europe,Enterprise,Technology,Web,Customer Support,2,2,14,Yes,Customer service agent was rude and transferred me three times.
RSP-4093,CUST-2074,2025-05-19,Europe,SMB,Finance,Email,Product,9,3,2,Yes,Fantastic product! Has significantly improved our team productivity.
RSP-4094,CUST-1626,2025-02-07,Europe,SMB,Finance,In-App,Product,9,4,1,Yes,Top-tier enterprise platform with excellent security features.
RSP-4095,CUST-1165,2025-01-08,North America,Enterprise,Manufacturing,Phone,Pricing,10,5,1,Yes,Super fast delivery and pristine quality. Highly recommended!
RSP-4096,CUST-1782,2025-10-29,Europe,Mid-Market,Healthcare,Email,Product,7,3,4,Yes,"Decent features for SMBs, but needs better reporting tools."
RSP-4097,CUST-2591,2025-11-07,North America,Enterprise,Retail,Email,Product,8,5,5,Yes,"Delivery was on time, product packaging was slightly damaged."
RSP-4098,CUST-3651,2025-08-06,Asia-Pacific,Enterprise,Technology,Phone,Product,9,5,1,Yes,Exceptional customer support! Issue resolved within an hour.
RSP-4099,CUST-3475,2025-05-21,Europe,Mid-Market,Manufacturing,In-App,Customer Support,6,2,5,No,Billing error was not resolved on time.
RSP-4100,CUST-2660,2025-02-21,North America,Mid-Market,Technology,Email,Customer Support,9,5,1,Yes,The team went above and beyond to help us with our migration.
RSP-4101,CUST-4861,2025-07-12,Latin America,SMB,Technology,Web,Pricing,6,1,7,Yes,Quality has visibly degraded over the last few months.
RSP-4102,CUST-4518,2025-02-17,Europe,Mid-Market,Manufacturing,Phone,Product,9,5,1,Yes,Great value for money and outstanding service reliability.
RSP-4103,CUST-4328,2025-10-15,North America,SMB,Healthcare,Web,Product,9,5,1,No,The team went above and beyond to help us with our migration.
RSP-4104,CUST-4959,2025-05-26,Europe,Mid-Market,Technology,Email,Quality,8,4,5,Yes,"Pricing is fair, but onboarding was slightly confusing."
RSP-4105,CUST-4132,2025-01-09,Europe,Mid-Market,Finance,Email,Delivery,10,4,1,Yes,Best customer service team in the industry. Kudos!
RSP-4106,CUST-4224,2025-07-10,North America,Mid-Market,Technology,Phone,Customer Support,9,5,1,Yes,Fantastic product! Has significantly improved our team productivity.
RSP-4107,CUST-4704,2025-04-25,North America,SMB,Finance,Email,Product,9,5,1,Yes,Exceptional customer support! Issue resolved within an hour.
RSP-4108,CUST-4255,2025-04-29,Europe,SMB,Retail,Web,Customer Support,9,5,1,Yes,Best customer service team in the industry. Kudos!
RSP-4109,CUST-4029,2025-09-02,Europe,Mid-Market,Manufacturing,In-App,Customer Support,1,1,14,Yes,Frequent downtime impacted our business operations.
RSP-4110,CUST-1892,2025-11-26,Middle East & Africa,Enterprise,Finance,Phone,Product,10,5,1,Yes,The team went above and beyond to help us with our migration.
RSP-4111,CUST-3723,2025-03-15,Asia-Pacific,Mid-Market,Retail,Email,Product,4,1,5,No,Product keeps crashing after the latest update.
RSP-4112,CUST-1781,2025-10-15,North America,Enterprise,Technology,Phone,Customer Support,9,4,1,Yes,Super fast delivery and pristine quality. Highly recommended!
RSP-4113,CUST-2701,2025-09-08,Europe,Mid-Market,Retail,Email,Product,6,1,5,Yes,Frequent downtime impacted our business operations.
RSP-4114,CUST-3047,2025-02-12,Latin America,Mid-Market,Healthcare,Web,Customer Support,7,4,4,Yes,"Average experience, nothing exceptional to report."
RSP-4115,CUST-4302,2025-11-12,North America,Enterprise,Manufacturing,Email,Product,7,5,3,Yes,"Service is okay, expecting more frequent software updates."
RSP-4116,CUST-2904,2025-01-31,Europe,Mid-Market,Retail,Email,Pricing,8,5,4,Yes,"Service is okay, expecting more frequent software updates."
RSP-4117,CUST-3064,2025-07-30,North America,Mid-Market,Technology,Email,Customer Support,3,1,10,No,Quality has visibly degraded over the last few months.
RSP-4118,CUST-3767,2025-03-19,Asia-Pacific,SMB,Finance,In-App,Delivery,10,4,2,Yes,Exceptional customer support! Issue resolved within an hour.
RSP-4119,CUST-3633,2025-12-19,Europe,SMB,Retail,Web,Product,5,1,4,Yes,Frequent downtime impacted our business operations.
RSP-4120,CUST-4330,2025-01-03,Asia-Pacific,Mid-Market,Finance,Phone,Customer Support,3,2,10,Yes,Quality has visibly degraded over the last few months.
RSP-4121,CUST-2713,2025-10-15,North America,Enterprise,Retail,Web,Customer Support,5,1,4,Yes,Billing error was not resolved on time.
RSP-4122,CUST-5094,2025-06-10,North America,Enterprise,Finance,Email,Delivery,5,2,7,Yes,Pricing is way too high for the features provided.
RSP-4123,CUST-3636,2025-08-25,Asia-Pacific,SMB,Technology,Email,Quality,10,4,1,Yes,Best customer service team in the industry. Kudos!
RSP-4124,CUST-1667,2025-02-23,North America,SMB,Technology,Web,Product,6,3,5,Yes,Customer service agent was rude and transferred me three times.
RSP-4125,CUST-1634,2025-07-12,Asia-Pacific,Enterprise,Technology,Email,Customer Support,9,5,1,Yes,Super fast delivery and pristine quality. Highly recommended!
RSP-4126,CUST-1111,2025-03-24,North America,SMB,Finance,In-App,Pricing,3,2,7,Yes,Platform UI is slow and unintuitive.
RSP-4127,CUST-1995,2025-03-27,North America,SMB,Healthcare,Phone,Customer Support,9,4,1,Yes,Great value for money and outstanding service reliability.
RSP-4128,CUST-4584,2025-02-28,Latin America,Mid-Market,Manufacturing,Email,Pricing,8,4,3,Yes,"Product works fine, but missing key integrations."
RSP-4129,CUST-4474,2025-09-11,Asia-Pacific,Mid-Market,Healthcare,Phone,Customer Support,0,1,4,Yes,Delivery took twice as long as promised.
RSP-4130,CUST-4991,2025-03-13,Europe,SMB,Healthcare,Email,Delivery,10,5,3,Yes,Top-tier enterprise platform with excellent security features.
RSP-4131,CUST-4271,2025-01-05,North America,SMB,Healthcare,Web,Quality,4,2,7,No,Quality has visibly degraded over the last few months.
RSP-4132,CUST-1963,2025-08-11,Europe,Enterprise,Finance,In-App,Product,5,1,10,Yes,Quality has visibly degraded over the last few months.
RSP-4133,CUST-3220,2025-09-25,North America,Mid-Market,Technology,Email,Delivery,3,1,4,Yes,"Issue took over a week to resolve, very frustrating."
RSP-4134,CUST-4044,2025-10-16,Asia-Pacific,Mid-Market,Finance,Email,Product,10,5,1,Yes,Super fast delivery and pristine quality. Highly recommended!
RSP-4135,CUST-2159,2025-05-29,Asia-Pacific,SMB,Finance,Email,Pricing,9,5,2,Yes,Great value for money and outstanding service reliability.
RSP-4136,CUST-4041,2025-09-23,Asia-Pacific,Enterprise,Healthcare,Email,Customer Support,5,2,7,No,Frequent downtime impacted our business operations.
RSP-4137,CUST-3058,2025-08-30,North America,SMB,Healthcare,Web,Delivery,8,4,3,Yes,"Service is okay, expecting more frequent software updates."
RSP-4138,CUST-2725,2025-06-19,Middle East & Africa,SMB,Healthcare,Email,Quality,10,5,3,Yes,Super fast delivery and pristine quality. Highly recommended!
RSP-4139,CUST-2345,2025-09-26,Middle East & Africa,SMB,Technology,Email,Customer Support,8,5,4,Yes,"Service is okay, expecting more frequent software updates."
RSP-4140,CUST-1080,2025-06-12,Latin America,Mid-Market,Retail,Web,Pricing,0,2,7,Yes,Customer service agent was rude and transferred me three times.
RSP-4141,CUST-2468,2025-03-18,Europe,SMB,Technology,Phone,Product,6,2,4,Yes,Billing error was not resolved on time.
RSP-4142,CUST-1549,2025-01-03,Europe,Enterprise,Technology,Web,Quality,5,1,14,Yes,Quality has visibly degraded over the last few months.
RSP-4143,CUST-2537,2025-04-13,Europe,Mid-Market,Retail,In-App,Delivery,4,2,21,No,Product keeps crashing after the latest update.
RSP-4144,CUST-4756,2025-06-19,Europe,SMB,Technology,Email,Product,4,2,14,Yes,Product keeps crashing after the latest update.
RSP-4145,CUST-1500,2025-11-16,Europe,Enterprise,Finance,Phone,Customer Support,6,2,5,Yes,Billing error was not resolved on time.
RSP-4146,CUST-2281,2025-02-04,North America,Mid-Market,Healthcare,Web,Customer Support,10,5,1,Yes,Smooth experience from purchase to setup. Very satisfied!
RSP-4147,CUST-2851,2025-06-26,Europe,Enterprise,Finance,Email,Product,9,5,2,Yes,Exceptional customer support! Issue resolved within an hour.
RSP-4148,CUST-2578,2025-05-21,Latin America,SMB,Retail,Web,Customer Support,3,2,7,Yes,Quality has visibly degraded over the last few months.
RSP-4149,CUST-4491,2025-10-27,Asia-Pacific,Mid-Market,Finance,Email,Product,5,2,5,Yes,Quality has visibly degraded over the last few months.
RSP-4150,CUST-4008,2025-11-16,Middle East & Africa,Enterprise,Finance,In-App,Customer Support,9,5,2,Yes,Top-tier enterprise platform with excellent security features.
RSP-4151,CUST-3086,2025-10-15,North America,Mid-Market,Retail,Web,Quality,7,4,3,Yes,"Pricing is fair, but onboarding was slightly confusing."
RSP-4152,CUST-1634,2025-10-31,Asia-Pacific,Mid-Market,Technology,Web,Product,10,4,3,Yes,Super fast delivery and pristine quality. Highly recommended!
RSP-4153,CUST-1843,2025-04-21,North America,Mid-Market,Retail,Phone,Customer Support,10,5,2,Yes,The team went above and beyond to help us with our migration.
RSP-4154,CUST-2460,2025-05-15,Europe,Mid-Market,Healthcare,Email,Delivery,4,2,7,Yes,Frequent downtime impacted our business operations.
RSP-4155,CUST-1838,2025-03-06,North America,SMB,Healthcare,Email,Customer Support,9,4,1,Yes,Top-tier enterprise platform with excellent security features.
RSP-4156,CUST-3704,2025-10-22,Europe,Mid-Market,Manufacturing,Email,Customer Support,7,3,2,Yes,"Delivery was on time, product packaging was slightly damaged."
RSP-4157,CUST-4878,2025-04-18,North America,Mid-Market,Manufacturing,Web,Delivery,1,2,5,No,Delivery took twice as long as promised.
RSP-4158,CUST-1021,2025-04-29,Middle East & Africa,Mid-Market,Technology,In-App,Quality,6,1,5,No,Pricing is way too high for the features provided.
RSP-4159,CUST-1748,2025-11-11,North America,SMB,Technology,In-App,Delivery,2,1,7,Yes,Delivery took twice as long as promised.
RSP-4160,CUST-2174,2025-03-26,Europe,Mid-Market,Technology,Phone,Customer Support,7,4,3,Yes,"Service is okay, expecting more frequent software updates."
RSP-4161,CUST-1002,2025-06-15,North America,Enterprise,Technology,Web,Customer Support,7,4,3,Yes,"Support resolved the issue, but communication could be better."
RSP-4162,CUST-1427,2025-03-12,North America,SMB,Finance,Web,Quality,8,4,3,Yes,"Service is okay, expecting more frequent software updates."
RSP-4163,CUST-4484,2025-12-07,Latin America,SMB,Healthcare,Email,Quality,5,1,7,Yes,Billing error was not resolved on time.
RSP-4164,CUST-3679,2025-06-04,North America,SMB,Technology,In-App,Pricing,7,5,3,Yes,"Support resolved the issue, but communication could be better."
RSP-4165,CUST-2972,2025-10-14,Asia-Pacific,Mid-Market,Healthcare,Phone,Customer Support,9,5,2,Yes,Top-tier enterprise platform with excellent security features.
RSP-4166,CUST-4090,2025-07-17,Europe,Enterprise,Retail,Email,Pricing,8,4,5,Yes,"Service is okay, expecting more frequent software updates."
RSP-4167,CUST-3908,2025-06-09,North America,Mid-Market,Technology,Email,Delivery,7,4,3,Yes,"Acceptable response time, issue was eventually fixed."
RSP-4168,CUST-1640,2025-11-06,Europe,Enterprise,Technology,Web,Delivery,0,1,7,No,Pricing is way too high for the features provided.
RSP-4169,CUST-2360,2025-11-21,Middle East & Africa,SMB,Healthcare,Email,Product,8,4,3,Yes,"Delivery was on time, product packaging was slightly damaged."
RSP-4170,CUST-2170,2025-08-12,North America,Mid-Market,Retail,Email,Customer Support,1,2,4,Yes,Platform UI is slow and unintuitive.
RSP-4171,CUST-4617,2025-09-08,North America,Mid-Market,Technology,Web,Product,2,2,7,Yes,Quality has visibly degraded over the last few months.
RSP-4172,CUST-1985,2025-10-13,Europe,SMB,Technology,Phone,Product,0,3,5,Yes,Customer service agent was rude and transferred me three times.
RSP-4173,CUST-3852,2025-04-02,Middle East & Africa,SMB,Finance,Web,Customer Support,9,4,1,Yes,Exceptional customer support! Issue resolved within an hour.
RSP-4174,CUST-3995,2025-08-27,North America,Mid-Market,Finance,Email,Delivery,6,2,14,No,"Issue took over a week to resolve, very frustrating."
RSP-4175,CUST-4474,2025-04-20,Middle East & Africa,Mid-Market,Finance,Web,Quality,8,4,2,Yes,"Pricing is fair, but onboarding was slightly confusing."
RSP-4176,CUST-4133,2025-07-11,Asia-Pacific,SMB,Technology,Email,Delivery,8,5,2,Yes,"Average experience, nothing exceptional to report."
RSP-4177,CUST-1087,2025-04-11,North America,Mid-Market,Healthcare,Web,Quality,5,2,7,Yes,Billing error was not resolved on time.
RSP-4178,CUST-3957,2025-09-27,Middle East & Africa,SMB,Technology,Phone,Product,8,4,2,Yes,"Pricing is fair, but onboarding was slightly confusing."
RSP-4179,CUST-1045,2025-10-28,Europe,SMB,Technology,Web,Quality,2,1,14,Yes,Quality has visibly degraded over the last few months.
RSP-4180,CUST-3690,2025-02-18,Europe,SMB,Technology,Phone,Customer Support,8,4,3,Yes,"Acceptable response time, issue was eventually fixed."
RSP-4181,CUST-3078,2025-09-15,Europe,Mid-Market,Technology,Web,Delivery,10,4,1,Yes,Exceptional customer support! Issue resolved within an hour.
RSP-4182,CUST-3236,2025-01-18,Europe,Enterprise,Finance,In-App,Product,4,3,5,Yes,Quality has visibly degraded over the last few months.
RSP-4183,CUST-4921,2025-07-23,North America,Mid-Market,Technology,Phone,Delivery,7,4,3,Yes,"Product works fine, but missing key integrations."
RSP-4184,CUST-3072,2025-05-21,Latin America,Mid-Market,Technology,Email,Product,0,2,5,No,Support response was extremely slow and unhelpful.
RSP-4185,CUST-1249,2025-08-30,North America,SMB,Technology,Email,Pricing,7,4,3,No,"Service is okay, expecting more frequent software updates."
RSP-4186,CUST-5016,2025-03-30,Europe,Enterprise,Unknown,Phone,Customer Support,9,4,3,Yes,Best customer service team in the industry. Kudos!
RSP-4187,CUST-1851,2025-01-20,Europe,Enterprise,Manufacturing,Phone,Customer Support,10,5,1,Yes,Smooth experience from purchase to setup. Very satisfied!
RSP-4188,CUST-1236,2025-11-10,Asia-Pacific,Enterprise,Technology,Email,Customer Support,9,5,2,Yes,Super fast delivery and pristine quality. Highly recommended!
RSP-4189,CUST-2449,2025-03-09,Europe,SMB,Retail,Email,Quality,10,4,3,Yes,Fantastic product! Has significantly improved our team productivity.
RSP-4190,CUST-4437,2025-03-03,Europe,SMB,Retail,Web,Customer Support,9,5,1,Yes,Exceptional customer support! Issue resolved within an hour.
RSP-4191,CUST-4632,2025-11-23,Asia-Pacific,Mid-Market,Healthcare,Email,Customer Support,5,2,5,Yes,Support response was extremely slow and unhelpful.
RSP-4192,CUST-3574,2025-02-19,Europe,Mid-Market,Healthcare,Email,Pricing,0,3,10,Yes,Platform UI is slow and unintuitive.
RSP-4193,CUST-3273,2025-04-10,Europe,SMB,Finance,Email,Delivery,4,2,14,Yes,Frequent downtime impacted our business operations.
RSP-4194,CUST-1136,2025-06-20,North America,Mid-Market,Manufacturing,Phone,Quality,6,2,5,No,"Issue took over a week to resolve, very frustrating."
RSP-4195,CUST-2386,2025-10-28,Europe,SMB,Technology,Web,Delivery,0,1,7,Yes,"Issue took over a week to resolve, very frustrating."
RSP-4196,CUST-1116,2025-12-07,North America,Mid-Market,Technology,Phone,Delivery,1,1,10,Yes,Customer service agent was rude and transferred me three times.
RSP-4197,CUST-4410,2025-12-08,Europe,Mid-Market,Manufacturing,Email,Quality,6,1,5,Yes,Support response was extremely slow and unhelpful.
RSP-4198,CUST-1532,2025-04-09,North America,Mid-Market,Manufacturing,Email,Delivery,7,4,2,Yes,"Average experience, nothing exceptional to report."
RSP-4199,CUST-3184,2025-02-12,Europe,Enterprise,Technology,Email,Delivery,2,1,7,No,Delivery took twice as long as promised.
RSP-4200,CUST-4632,2025-01-23,Europe,Mid-Market,Retail,Web,Quality,2,1,7,Yes,Quality has visibly degraded over the last few months.
RSP-4201,CUST-2627,2025-12-19,North America,Mid-Market,Manufacturing,Email,Delivery,0,2,5,Yes,Platform UI is slow and unintuitive.
RSP-4202,CUST-4352,2025-03-30,Middle East & Africa,SMB,Finance,In-App,Delivery,6,1,7,Yes,Support response was extremely slow and unhelpful.
RSP-4203,CUST-3549,2025-05-21,North America,Mid-Market,Technology,Phone,Customer Support,8,3,2,Yes,"Acceptable response time, issue was eventually fixed."
RSP-4204,CUST-1964,2025-06-24,Europe,Enterprise,Healthcare,Web,Product,7,4,5,Yes,"Service is okay, expecting more frequent software updates."
RSP-4205,CUST-1705,2025-10-17,North America,SMB,Technology,Phone,Product,10,5,1,Yes,Best customer service team in the industry. Kudos!
RSP-4206,CUST-1722,2025-03-01,North America,Mid-Market,Technology,Phone,Customer Support,10,5,1,Yes,Fantastic product! Has significantly improved our team productivity.
RSP-4207,CUST-2495,2025-02-14,Europe,SMB,Technology,Web,Pricing,3,1,4,Yes,Delivery took twice as long as promised.
RSP-4208,CUST-3600,2025-10-30,Europe,Enterprise,Finance,Web,Pricing,5,2,14,Yes,Support response was extremely slow and unhelpful.
RSP-4209,CUST-2387,2025-01-06,Europe,Mid-Market,Healthcare,Email,Product,7,4,4,Yes,"Pricing is fair, but onboarding was slightly confusing."
RSP-4210,CUST-4068,2025-08-24,North America,Mid-Market,Technology,Email,Product,6,1,5,No,Product keeps crashing after the latest update.
RSP-4211,CUST-3021,2025-06-07,North America,Enterprise,Manufacturing,Phone,Product,2,2,7,Yes,Pricing is way too high for the features provided.
RSP-4212,CUST-2087,2025-06-08,North America,SMB,Finance,Phone,Product,3,1,14,Yes,Support response was extremely slow and unhelpful.
RSP-4213,CUST-4107,2025-12-28,Middle East & Africa,Enterprise,Healthcare,Email,Customer Support,8,4,3,Yes,"Delivery was on time, product packaging was slightly damaged."
RSP-4215,CUST-3584,2025-07-31,Europe,Enterprise,Retail,In-App,Product,10,5,1,Yes,Great value for money and outstanding service reliability.
RSP-4216,CUST-2542,2025-05-20,Europe,Mid-Market,Technology,Email,Customer Support,0,2,14,Yes,Pricing is way too high for the features provided.
RSP-4217,CUST-2450,2025-06-01,North America,Mid-Market,Technology,Web,Delivery,5,1,4,Yes,Quality has visibly degraded over the last few months.
RSP-4218,CUST-4601,2025-05-16,North America,Mid-Market,Finance,Email,Product,8,4,3,Yes,"Support resolved the issue, but communication could be better."
RSP-4219,CUST-5013,2025-07-01,Latin America,SMB,Technology,Phone,Delivery,9,5,3,Yes,Smooth experience from purchase to setup. Very satisfied!
RSP-4220,CUST-3857,2025-11-25,North America,SMB,Retail,Web,Quality,8,4,3,Yes,"Service is okay, expecting more frequent software updates."
RSP-4221,CUST-2396,2025-01-19,Europe,Mid-Market,Healthcare,Email,Product,10,4,1,Yes,Top-tier enterprise platform with excellent security features.
RSP-4222,CUST-2275,2025-10-03,North America,Mid-Market,Technology,Email,Quality,8,3,3,Yes,"Pricing is fair, but onboarding was slightly confusing."
RSP-4223,CUST-4554,2025-06-27,Asia-Pacific,Mid-Market,Technology,Phone,Delivery,2,1,10,Yes,Quality has visibly degraded over the last few months.
RSP-4224,CUST-2699,2025-06-25,North America,SMB,Retail,Phone,Delivery,6,1,7,No,Platform UI is slow and unintuitive.
RSP-4225,CUST-3203,2025-02-16,North America,Enterprise,Technology,Phone,Product,7,4,2,Yes,"Pricing is fair, but onboarding was slightly confusing."
RSP-4226,CUST-3115,2025-04-22,Europe,Mid-Market,Technology,Email,Quality,8,4,2,Yes,"Service is okay, expecting more frequent software updates."
RSP-4227,CUST-3136,2025-01-17,Europe,SMB,Retail,Web,Product,9,5,1,Yes,Fantastic product! Has significantly improved our team productivity.
RSP-4228,CUST-2527,2025-09-01,Europe,Enterprise,Healthcare,In-App,Quality,10,5,1,Yes,Super fast delivery and pristine quality. Highly recommended!
RSP-4229,CUST-4827,2025-10-28,Europe,Enterprise,Finance,Email,Product,0,3,5,Yes,"Issue took over a week to resolve, very frustrating."
RSP-4230,CUST-4049,2025-10-16,Middle East & Africa,Mid-Market,Technology,Phone,Product,2,3,5,No,Customer service agent was rude and transferred me three times.
RSP-4231,CUST-1277,2025-06-15,Europe,Enterprise,Healthcare,Email,Delivery,5,1,7,Yes,Product keeps crashing after the latest update.
RSP-4232,CUST-3939,2025-01-05,Europe,SMB,Healthcare,Web,Customer Support,10,5,3,Yes,Super fast delivery and pristine quality. Highly recommended!
RSP-4233,CUST-4452,2025-09-01,Asia-Pacific,SMB,Finance,Web,Customer Support,8,4,2,Yes,"Acceptable response time, issue was eventually fixed."
RSP-4234,CUST-3758,2025-11-28,Middle East & Africa,SMB,Finance,Phone,Delivery,1,1,4,No,Product keeps crashing after the latest update.
RSP-4235,CUST-2532,2025-07-03,Asia-Pacific,Mid-Market,Technology,Email,Product,7,4,3,No,"Delivery was on time, product packaging was slightly damaged."
RSP-4236,CUST-2333,2025-08-28,North America,SMB,Finance,Email,Quality,7,3,2,Yes,"Average experience, nothing exceptional to report."
RSP-4237,CUST-1178,2025-08-13,Europe,Mid-Market,Technology,Email,Quality,9,5,1,Yes,Best customer service team in the industry. Kudos!
RSP-4238,CUST-4563,2025-07-24,Europe,SMB,Technology,Phone,Quality,5,2,7,Yes,Billing error was not resolved on time.
RSP-4239,CUST-2995,2025-05-10,Asia-Pacific,Enterprise,Finance,In-App,Pricing,7,4,3,Yes,"Acceptable response time, issue was eventually fixed."
RSP-4240,CUST-3767,2025-09-05,North America,Enterprise,Finance,Email,Pricing,4,1,5,No,Customer service agent was rude and transferred me three times.
RSP-4241,CUST-3459,2025-01-21,Latin America,Enterprise,Retail,Phone,Customer Support,9,5,1,Yes,Great value for money and outstanding service reliability.
RSP-4242,CUST-5153,2025-02-25,North America,Enterprise,Technology,Phone,Product,8,4,5,Yes,"Decent features for SMBs, but needs better reporting tools."
RSP-4243,CUST-4488,2025-05-18,Middle East & Africa,Enterprise,Finance,Email,Customer Support,7,4,3,Yes,"Decent features for SMBs, but needs better reporting tools."
RSP-4244,CUST-1233,2025-03-25,Asia-Pacific,SMB,Technology,In-App,Product,9,5,1,Yes,Super fast delivery and pristine quality. Highly recommended!
RSP-4245,CUST-3462,2025-11-02,North America,Mid-Market,Finance,Phone,Pricing,1,2,5,No,Platform UI is slow and unintuitive.
RSP-4246,CUST-2625,2025-10-18,North America,SMB,Healthcare,Phone,Delivery,8,4,3,Yes,"Average experience, nothing exceptional to report."
RSP-4247,CUST-2064,2025-12-06,North America,Enterprise,Retail,Email,Quality,7,4,3,Yes,"Acceptable response time, issue was eventually fixed."
RSP-4248,CUST-1440,2025-02-16,Asia-Pacific,SMB,Technology,In-App,Delivery,8,3,2,Yes,"Delivery was on time, product packaging was slightly damaged."
RSP-4249,CUST-2158,2025-06-27,North America,SMB,Technology,Email,Product,5,2,7,Yes,Billing error was not resolved on time.
RSP-4250,CUST-4243,2025-03-26,North America,Enterprise,Unknown,Web,Quality,8,5,4,Yes,"Service is okay, expecting more frequent software updates."
RSP-4251,CUST-1006,2025-12-04,Europe,SMB,Finance,Email,Customer Support,10,5,1,Yes,Super fast delivery and pristine quality. Highly recommended!
RSP-4252,CUST-2641,2025-03-30,Middle East & Africa,Enterprise,Retail,In-App,Product,9,5,1,Yes,The team went above and beyond to help us with our migration.
RSP-4253,CUST-3519,2025-02-11,Europe,Mid-Market,Manufacturing,In-App,Product,10,4,1,Yes,Super fast delivery and pristine quality. Highly recommended!
RSP-4254,CUST-2934,2025-04-15,Asia-Pacific,SMB,Technology,Email,Pricing,0,1,10,Yes,Customer service agent was rude and transferred me three times.
RSP-4255,CUST-1738,2025-05-06,North America,Enterprise,Retail,In-App,Product,8,4,4,Yes,"Average experience, nothing exceptional to report."
RSP-4256,CUST-4065,2025-01-03,Asia-Pacific,Mid-Market,Healthcare,Web,Delivery,8,4,2,Yes,"Service is okay, expecting more frequent software updates."
RSP-4257,CUST-2305,2025-06-26,Europe,Mid-Market,Unknown,Phone,Quality,6,1,4,No,Product keeps crashing after the latest update.
RSP-4258,CUST-4856,2025-10-09,North America,Enterprise,Technology,Phone,Customer Support,0,2,5,No,Customer service agent was rude and transferred me three times.
RSP-4259,CUST-2740,2025-08-30,Asia-Pacific,Mid-Market,Healthcare,Email,Quality,5,3,14,No,Customer service agent was rude and transferred me three times.
RSP-4260,CUST-4796,2025-12-28,Latin America,SMB,Retail,Web,Product,10,5,1,Yes,Great value for money and outstanding service reliability.
RSP-4261,CUST-1784,2025-07-18,North America,SMB,Finance,Email,Product,10,5,1,Yes,Super fast delivery and pristine quality. Highly recommended!
RSP-4262,CUST-3607,2025-03-10,North America,Enterprise,Finance,Phone,Delivery,5,1,14,Yes,Customer service agent was rude and transferred me three times.
RSP-4263,CUST-3679,2025-05-25,North America,Enterprise,Technology,Email,Delivery,7,4,3,No,"Decent features for SMBs, but needs better reporting tools."
RSP-4264,CUST-4226,2025-10-01,North America,SMB,Technology,Email,Delivery,2,3,4,Yes,Product keeps crashing after the latest update.
RSP-4265,CUST-3841,2025-09-08,Europe,Enterprise,Finance,Phone,Customer Support,9,5,1,Yes,Exceptional customer support! Issue resolved within an hour.
RSP-4266,CUST-2816,2025-11-08,North America,Enterprise,Manufacturing,Phone,Product,0,1,4,Yes,Delivery took twice as long as promised.
RSP-4267,CUST-2926,2025-07-08,North America,Enterprise,Finance,In-App,Delivery,8,3,4,Yes,"Acceptable response time, issue was eventually fixed."
RSP-4268,CUST-3784,2025-09-14,Asia-Pacific,SMB,Retail,Web,Customer Support,6,2,5,Yes,Support response was extremely slow and unhelpful.
RSP-4269,CUST-4261,2025-02-09,Europe,Mid-Market,Technology,Phone,Customer Support,4,1,21,No,Pricing is way too high for the features provided.
RSP-4270,CUST-2131,2025-09-13,Europe,Mid-Market,Technology,Email,Product,10,5,2,Yes,Great value for money and outstanding service reliability.
RSP-4271,CUST-1362,2025-04-19,North America,Mid-Market,Finance,Phone,Customer Support,9,5,1,Yes,The team went above and beyond to help us with our migration.
RSP-4272,CUST-4566,2025-02-17,North America,Mid-Market,Technology,Email,Product,5,3,5,No,"Issue took over a week to resolve, very frustrating."
RSP-4273,CUST-4146,2025-12-01,North America,Enterprise,Finance,Email,Customer Support,7,4,3,Yes,"Average experience, nothing exceptional to report."
RSP-4274,CUST-4487,2025-03-19,North America,SMB,Finance,Email,Product,8,5,2,Yes,"Delivery was on time, product packaging was slightly damaged."
RSP-4275,CUST-3548,2025-07-18,Europe,Mid-Market,Manufacturing,Phone,Quality,6,3,7,No,Billing error was not resolved on time.
RSP-4276,CUST-1285,2025-05-14,Asia-Pacific,Enterprise,Technology,Phone,Customer Support,5,1,10,No,Customer service agent was rude and transferred me three times.
RSP-4277,CUST-2470,2025-03-25,Asia-Pacific,SMB,Technology,Web,Customer Support,10,5,1,Yes,Top-tier enterprise platform with excellent security features.
RSP-4278,CUST-1871,2025-08-27,Latin America,SMB,Finance,Email,Customer Support,9,5,1,Yes,Fantastic product! Has significantly improved our team productivity.
RSP-4279,CUST-3836,2025-12-18,Europe,Mid-Market,Manufacturing,Phone,Customer Support,10,4,1,Yes,Fantastic product! Has significantly improved our team productivity.
RSP-4280,CUST-4313,2025-01-07,North America,Mid-Market,Retail,Phone,Product,6,1,7,Yes,Delivery took twice as long as promised.
RSP-4281,CUST-3613,2025-03-07,Asia-Pacific,Mid-Market,Technology,Email,Customer Support,7,4,5,Yes,"Decent features for SMBs, but needs better reporting tools."
RSP-4282,CUST-4724,2025-01-06,North America,SMB,Technology,Email,Product,10,5,1,Yes,Best customer service team in the industry. Kudos!
RSP-4283,CUST-4290,2025-08-05,North America,Mid-Market,Technology,Email,Quality,5,1,10,No,Support response was extremely slow and unhelpful.
RSP-4284,CUST-3481,2025-08-06,Asia-Pacific,SMB,Healthcare,Email,Product,6,1,7,Yes,Quality has visibly degraded over the last few months.
RSP-4285,CUST-1949,2025-11-06,Europe,Enterprise,Healthcare,Web,Delivery,3,3,10,Yes,Billing error was not resolved on time.
RSP-4286,CUST-5112,2025-07-10,Europe,Mid-Market,Technology,Email,Customer Support,7,3,2,Yes,"Service is okay, expecting more frequent software updates."
RSP-4287,CUST-3744,2025-10-01,Latin America,Enterprise,Technology,Phone,Customer Support,8,4,3,Yes,"Acceptable response time, issue was eventually fixed."
RSP-4288,CUST-1914,2025-04-02,North America,Mid-Market,Manufacturing,Email,Product,5,1,5,Yes,Customer service agent was rude and transferred me three times.
RSP-4289,CUST-4141,2025-12-12,North America,Mid-Market,Technology,Web,Quality,6,3,7,No,Product keeps crashing after the latest update.
RSP-4290,CUST-2231,2025-01-04,North America,SMB,Manufacturing,Email,Customer Support,9,5,1,Yes,Smooth experience from purchase to setup. Very satisfied!
RSP-4291,CUST-3112,2025-04-12,North America,Enterprise,Finance,Phone,Pricing,5,1,4,No,Platform UI is slow and unintuitive.
RSP-4292,CUST-4727,2025-08-11,Europe,SMB,Technology,Phone,Delivery,0,2,7,Yes,Support response was extremely slow and unhelpful.
RSP-4293,CUST-4807,2025-05-25,Asia-Pacific,Mid-Market,Technology,In-App,Product,10,5,1,Yes,Exceptional customer support! Issue resolved within an hour.
RSP-4294,CUST-1995,2025-09-08,North America,Mid-Market,Finance,Email,Product,8,4,3,Yes,"Service is okay, expecting more frequent software updates."
RSP-4295,CUST-4007,2025-01-26,Asia-Pacific,SMB,Technology,Phone,Delivery,10,5,3,Yes,Smooth experience from purchase to setup. Very satisfied!
RSP-4296,CUST-3067,2025-08-06,Asia-Pacific,Mid-Market,Healthcare,Phone,Product,10,5,2,Yes,Smooth experience from purchase to setup. Very satisfied!
RSP-4297,CUST-3426,2025-01-13,North America,Mid-Market,Healthcare,Web,Quality,2,2,7,Yes,Platform UI is slow and unintuitive.
RSP-4298,CUST-3189,2025-04-02,Europe,Enterprise,Technology,Web,Product,9,5,3,No,The team went above and beyond to help us with our migration.
RSP-4299,CUST-3923,2025-08-02,Europe,Mid-Market,Healthcare,Email,Product,8,4,2,Yes,"Product works fine, but missing key integrations."
RSP-4300,CUST-4659,2025-06-16,Europe,SMB,Technology,Email,Pricing,0,3,7,Yes,Quality has visibly degraded over the last few months.
RSP-4301,CUST-1291,2025-11-02,Europe,SMB,Technology,Email,Delivery,4,2,14,No,Product keeps crashing after the latest update.
RSP-4302,CUST-3926,2025-01-19,North America,Mid-Market,Technology,In-App,Delivery,4,2,7,Yes,Platform UI is slow and unintuitive.
RSP-4303,CUST-4245,2025-05-08,Europe,Mid-Market,Finance,Phone,Product,6,2,14,Yes,Delivery took twice as long as promised.
RSP-4304,CUST-1688,2025-10-01,North America,Mid-Market,Healthcare,Email,Customer Support,10,5,1,Yes,Fantastic product! Has significantly improved our team productivity.
RSP-4305,CUST-2032,2025-03-16,North America,Mid-Market,Healthcare,Phone,Pricing,3,1,14,Yes,Billing error was not resolved on time.
RSP-4306,CUST-4531,2025-05-21,North America,Mid-Market,Manufacturing,Phone,Delivery,5,3,10,Yes,"Issue took over a week to resolve, very frustrating."
RSP-4307,CUST-4752,2025-12-19,Asia-Pacific,SMB,Finance,Phone,Delivery,6,2,4,Yes,Frequent downtime impacted our business operations.
RSP-4308,CUST-2999,2025-09-26,North America,SMB,Finance,Phone,Quality,8,3,2,Yes,"Service is okay, expecting more frequent software updates."
RSP-4309,CUST-1332,2025-02-09,Asia-Pacific,Enterprise,Technology,Email,Quality,6,2,5,Yes,"Issue took over a week to resolve, very frustrating."
RSP-4310,CUST-4053,2025-01-20,Latin America,Mid-Market,Finance,Email,Delivery,9,5,1,Yes,Super fast delivery and pristine quality. Highly recommended!
RSP-4311,CUST-1828,2025-07-15,North America,Mid-Market,Finance,Phone,Customer Support,9,5,2,Yes,Fantastic product! Has significantly improved our team productivity.
RSP-4312,CUST-3767,2025-11-23,Europe,SMB,Retail,Phone,Pricing,6,2,5,No,Quality has visibly degraded over the last few months.
RSP-4313,CUST-4461,2025-07-25,North America,Mid-Market,Healthcare,Phone,Customer Support,8,4,4,Yes,"Product works fine, but missing key integrations."
RSP-4314,CUST-2506,2025-05-12,Asia-Pacific,Mid-Market,Finance,Web,Delivery,7,3,3,Yes,"Support resolved the issue, but communication could be better."
RSP-4315,CUST-4550,2025-03-01,Europe,Mid-Market,Technology,Web,Delivery,4,1,7,Yes,Pricing is way too high for the features provided.
RSP-4316,CUST-3137,2025-06-05,Asia-Pacific,Mid-Market,Technology,Phone,Customer Support,7,4,3,Yes,"Pricing is fair, but onboarding was slightly confusing."
RSP-4317,CUST-1400,2025-07-11,North America,Enterprise,Healthcare,Email,Customer Support,4,1,5,Yes,Frequent downtime impacted our business operations.
RSP-4318,CUST-4874,2025-04-21,Asia-Pacific,Mid-Market,Healthcare,Phone,Product,3,1,4,Yes,Customer service agent was rude and transferred me three times.
RSP-4319,CUST-3251,2025-12-19,Europe,Enterprise,Manufacturing,Web,Pricing,0,3,10,No,Delivery took twice as long as promised.
RSP-4320,CUST-3267,2025-09-14,Europe,SMB,Technology,Email,Product,10,4,1,Yes,Exceptional customer support! Issue resolved within an hour.
RSP-4321,CUST-4265,2025-04-03,North America,SMB,Retail,Email,Product,8,5,4,Yes,"Delivery was on time, product packaging was slightly damaged."
RSP-4322,CUST-3233,2025-01-03,North America,Mid-Market,Finance,Email,Product,9,5,1,Yes,Top-tier enterprise platform with excellent security features.
RSP-4323,CUST-2696,2025-01-10,Europe,Mid-Market,Finance,Phone,Customer Support,10,5,1,Yes,Top-tier enterprise platform with excellent security features.
RSP-4324,CUST-2063,2025-05-21,Europe,Enterprise,Technology,Web,Delivery,4,2,4,No,Quality has visibly degraded over the last few months.
RSP-4325,CUST-4788,2025-11-03,Europe,Mid-Market,Technology,Email,Delivery,4,1,7,Yes,"Issue took over a week to resolve, very frustrating."
RSP-4326,CUST-1795,2025-04-24,Asia-Pacific,Mid-Market,Technology,Email,Product,10,5,1,Yes,Great value for money and outstanding service reliability.
RSP-4327,CUST-1148,2025-12-30,Middle East & Africa,SMB,Healthcare,Email,Product,9,5,1,Yes,Smooth experience from purchase to setup. Very satisfied!
RSP-4328,CUST-2810,2025-02-02,Latin America,SMB,Technology,Email,Customer Support,6,1,4,No,Frequent downtime impacted our business operations.
RSP-4329,CUST-3357,2025-12-31,Asia-Pacific,Enterprise,Retail,Web,Delivery,8,4,4,Yes,"Service is okay, expecting more frequent software updates."
RSP-4330,CUST-4446,2025-11-22,Europe,Mid-Market,Healthcare,Phone,Pricing,6,1,4,No,Frequent downtime impacted our business operations.
RSP-4331,CUST-3693,2025-10-05,North America,Mid-Market,Retail,In-App,Customer Support,4,1,10,No,Customer service agent was rude and transferred me three times.
RSP-4332,CUST-4896,2025-10-13,Middle East & Africa,Mid-Market,Retail,Email,Product,7,5,2,Yes,"Product works fine, but missing key integrations."
RSP-4333,CUST-3809,2025-06-24,Latin America,Mid-Market,Technology,Web,Customer Support,7,5,2,No,"Acceptable response time, issue was eventually fixed."
RSP-4334,CUST-3837,2025-08-16,Asia-Pacific,Mid-Market,Retail,Email,Product,10,4,1,Yes,Super fast delivery and pristine quality. Highly recommended!
RSP-4335,CUST-4784,2025-09-13,North America,SMB,Manufacturing,Phone,Delivery,5,1,5,Yes,Pricing is way too high for the features provided.
RSP-4336,CUST-2392,2025-12-11,Europe,Mid-Market,Manufacturing,Web,Customer Support,6,3,14,No,Customer service agent was rude and transferred me three times.
RSP-4337,CUST-3094,2025-07-26,North America,Mid-Market,Finance,Email,Pricing,3,1,7,Yes,Support response was extremely slow and unhelpful.
RSP-4338,CUST-1643,2025-11-20,Latin America,Mid-Market,Healthcare,Phone,Product,9,5,1,Yes,Best customer service team in the industry. Kudos!
RSP-4339,CUST-3828,2025-02-12,Europe,Mid-Market,Manufacturing,Phone,Delivery,0,2,21,Yes,Pricing is way too high for the features provided.
RSP-4340,CUST-4024,2025-06-05,North America,Mid-Market,Finance,Email,Quality,9,5,1,Yes,The team went above and beyond to help us with our migration.
RSP-4341,CUST-3583,2025-08-20,North America,Mid-Market,Technology,Phone,Delivery,8,4,5,Yes,"Service is okay, expecting more frequent software updates."
RSP-4342,CUST-1242,2025-03-21,North America,Mid-Market,Technology,Email,Customer Support,8,3,3,Yes,"Average experience, nothing exceptional to report."
RSP-4343,CUST-3880,2025-10-17,North America,SMB,Technology,Email,Product,3,3,5,No,Customer service agent was rude and transferred me three times.
RSP-4344,CUST-4402,2025-01-12,Europe,Mid-Market,Manufacturing,Web,Product,10,5,1,Yes,The team went above and beyond to help us with our migration.
RSP-4345,CUST-5020,2025-05-01,Middle East & Africa,Enterprise,Finance,Email,Delivery,8,4,2,Yes,"Decent features for SMBs, but needs better reporting tools."
RSP-4346,CUST-2078,2025-07-13,Asia-Pacific,Mid-Market,Technology,Phone,Pricing,6,2,10,Yes,Frequent downtime impacted our business operations.
RSP-4347,CUST-2011,2025-02-19,Europe,Mid-Market,Technology,Email,Quality,3,1,5,Yes,Customer service agent was rude and transferred me three times.
RSP-4348,CUST-2788,2025-04-19,Europe,SMB,Technology,Email,Customer Support,8,4,2,Yes,"Support resolved the issue, but communication could be better."
RSP-4349,CUST-3370,2025-04-02,Europe,Mid-Market,Technology,Email,Quality,3,1,7,Yes,Delivery took twice as long as promised.
RSP-4350,CUST-4285,2025-10-09,Europe,Mid-Market,Healthcare,Phone,Pricing,5,2,5,No,Customer service agent was rude and transferred me three times.
RSP-4351,CUST-3883,2025-04-22,North America,Mid-Market,Healthcare,Phone,Delivery,6,1,5,No,Customer service agent was rude and transferred me three times.
RSP-4352,CUST-3284,2025-06-13,North America,Enterprise,Healthcare,In-App,Product,2,2,5,Yes,"Issue took over a week to resolve, very frustrating."
RSP-4353,CUST-1865,2025-12-07,Asia-Pacific,Enterprise,Finance,Phone,Pricing,10,5,1,Yes,Smooth experience from purchase to setup. Very satisfied!
RSP-4354,CUST-5114,2025-10-02,North America,Enterprise,Manufacturing,Phone,Product,10,5,1,Yes,Top-tier enterprise platform with excellent security features.
RSP-4355,CUST-2844,2025-07-26,North America,SMB,Manufacturing,Email,Quality,6,2,5,Yes,Billing error was not resolved on time.
RSP-4356,CUST-4800,2025-05-27,North America,Enterprise,Technology,Email,Pricing,10,5,1,Yes,Best customer service team in the industry. Kudos!
RSP-4357,CUST-2285,2025-04-01,Europe,Mid-Market,Technology,Phone,Product,9,5,1,Yes,Top-tier enterprise platform with excellent security features.
RSP-4358,CUST-3362,2025-01-02,North America,Mid-Market,Technology,Web,Product,8,3,2,Yes,"Acceptable response time, issue was eventually fixed."
RSP-4359,CUST-4801,2025-12-02,Europe,Mid-Market,Finance,Email,Product,9,4,1,Yes,Super fast delivery and pristine quality. Highly recommended!
RSP-4360,CUST-1805,2025-07-16,Asia-Pacific,Mid-Market,Technology,Phone,Customer Support,7,3,3,Yes,"Decent features for SMBs, but needs better reporting tools."
RSP-4361,CUST-4426,2025-07-30,North America,Mid-Market,Healthcare,Web,Product,6,2,7,Yes,Pricing is way too high for the features provided.
RSP-4362,CUST-1237,2025-11-13,Asia-Pacific,Mid-Market,Finance,Email,Customer Support,7,3,2,Yes,"Pricing is fair, but onboarding was slightly confusing."
RSP-4363,CUST-2135,2025-11-09,Europe,Mid-Market,Unknown,Web,Quality,6,2,5,Yes,Frequent downtime impacted our business operations.
RSP-4364,CUST-5123,2025-02-11,North America,Enterprise,Technology,Phone,Product,9,5,1,Yes,Top-tier enterprise platform with excellent security features.
RSP-4365,CUST-1187,2025-06-16,Asia-Pacific,Mid-Market,Manufacturing,In-App,Product,0,3,21,Yes,Frequent downtime impacted our business operations.
RSP-4366,CUST-3047,2025-03-27,North America,Mid-Market,Technology,In-App,Quality,7,4,4,Yes,"Service is okay, expecting more frequent software updates."
RSP-4367,CUST-1745,2025-07-09,North America,Mid-Market,Healthcare,Web,Quality,5,1,7,Yes,Support response was extremely slow and unhelpful.
RSP-4368,CUST-4189,2025-10-10,Asia-Pacific,Mid-Market,Manufacturing,Phone,Product,4,1,5,Yes,Platform UI is slow and unintuitive.
RSP-4369,CUST-2581,2025-03-24,North America,SMB,Technology,Phone,Product,7,4,3,Yes,"Service is okay, expecting more frequent software updates."
RSP-4370,CUST-4023,2025-05-03,Europe,Mid-Market,Finance,Web,Quality,8,3,5,No,"Average experience, nothing exceptional to report."
RSP-4371,CUST-4868,2025-12-31,Asia-Pacific,Mid-Market,Technology,Web,Quality,8,4,2,Yes,"Pricing is fair, but onboarding was slightly confusing."
RSP-4372,CUST-3643,2025-03-09,Asia-Pacific,Enterprise,Finance,Web,Delivery,0,2,4,Yes,Quality has visibly degraded over the last few months.
RSP-4373,CUST-1530,2025-01-16,Asia-Pacific,SMB,Retail,Phone,Delivery,8,4,3,Yes,"Pricing is fair, but onboarding was slightly confusing."
RSP-4374,CUST-4777,2025-08-24,North America,Mid-Market,Healthcare,Email,Pricing,3,1,5,Yes,Pricing is way too high for the features provided.
RSP-4375,CUST-4634,2025-05-04,Latin America,SMB,Retail,Web,Pricing,2,2,5,Yes,Delivery took twice as long as promised.
RSP-4376,CUST-4779,2025-09-14,Europe,Mid-Market,Finance,Email,Delivery,3,2,7,No,Product keeps crashing after the latest update.
RSP-4377,CUST-3713,2025-03-23,Asia-Pacific,Mid-Market,Technology,Web,Customer Support,7,3,3,Yes,"Pricing is fair, but onboarding was slightly confusing."
RSP-4378,CUST-4786,2025-02-05,Latin America,Mid-Market,Technology,Email,Customer Support,9,5,1,Yes,Exceptional customer support! Issue resolved within an hour.
RSP-4379,CUST-1264,2025-12-16,North America,SMB,Healthcare,Email,Delivery,1,1,7,Yes,Customer service agent was rude and transferred me three times.
RSP-4380,CUST-4851,2025-07-17,Latin America,Mid-Market,Technology,Email,Delivery,2,1,4,Yes,Product keeps crashing after the latest update.
RSP-4381,CUST-4416,2025-05-14,North America,Enterprise,Retail,Email,Delivery,1,1,10,Yes,Platform UI is slow and unintuitive.
RSP-4382,CUST-1991,2025-11-07,North America,Mid-Market,Technology,Phone,Product,6,1,21,Yes,Platform UI is slow and unintuitive.
RSP-4384,CUST-1489,2025-05-30,North America,Mid-Market,Finance,Email,Pricing,5,2,4,Yes,Customer service agent was rude and transferred me three times.
RSP-4385,CUST-1326,2025-07-06,North America,Mid-Market,Healthcare,Web,Customer Support,5,1,7,Yes,Customer service agent was rude and transferred me three times.
RSP-4386,CUST-5190,2025-11-19,Middle East & Africa,SMB,Retail,Email,Quality,3,2,5,Yes,Billing error was not resolved on time.
RSP-4387,CUST-4510,2025-03-05,North America,Mid-Market,Technology,Email,Customer Support,10,5,1,Yes,Fantastic product! Has significantly improved our team productivity.
RSP-4388,CUST-2195,2025-05-15,North America,Enterprise,Manufacturing,Email,Quality,8,4,5,Yes,"Support resolved the issue, but communication could be better."
RSP-4389,CUST-2384,2025-07-07,Europe,SMB,Finance,Email,Product,9,4,3,Yes,Top-tier enterprise platform with excellent security features.
RSP-4390,CUST-3783,2025-03-14,Europe,Mid-Market,Finance,Phone,Quality,7,4,2,Yes,"Pricing is fair, but onboarding was slightly confusing."
RSP-4391,CUST-4953,2025-04-18,North America,Enterprise,Finance,Phone,Customer Support,5,1,14,No,Quality has visibly degraded over the last few months.
RSP-4392,CUST-1795,2025-06-18,Latin America,SMB,Finance,In-App,Customer Support,10,4,3,Yes,Fantastic product! Has significantly improved our team productivity.
RSP-4393,CUST-4753,2025-12-30,North America,Enterprise,Retail,Phone,Pricing,1,1,5,Yes,Billing error was not resolved on time.
RSP-4394,CUST-3004,2025-05-14,Europe,Mid-Market,Technology,Email,Product,10,5,1,Yes,Smooth experience from purchase to setup. Very satisfied!
RSP-4395,CUST-3419,2025-12-19,Asia-Pacific,Enterprise,Technology,Web,Pricing,6,1,7,No,Billing error was not resolved on time.
RSP-4396,CUST-3708,2025-08-19,Europe,Mid-Market,Healthcare,In-App,Customer Support,9,5,1,Yes,The team went above and beyond to help us with our migration.
RSP-4397,CUST-3255,2025-11-01,North America,SMB,Healthcare,Email,Pricing,2,2,7,No,Support response was extremely slow and unhelpful.
RSP-4398,CUST-2147,2025-03-17,Asia-Pacific,SMB,Technology,Phone,Pricing,0,2,5,Yes,Platform UI is slow and unintuitive.
RSP-4399,CUST-3362,2025-01-14,North America,Enterprise,Manufacturing,Web,Customer Support,9,5,2,Yes,Great value for money and outstanding service reliability.
RSP-4400,CUST-4038,2025-10-16,North America,Mid-Market,Finance,In-App,Customer Support,10,5,1,Yes,Smooth experience from purchase to setup. Very satisfied!
RSP-4401,CUST-3385,2025-06-07,North America,Mid-Market,Retail,Email,Delivery,6,1,14,No,Delivery took twice as long as promised.
RSP-4402,CUST-3496,2025-09-01,Europe,Mid-Market,Finance,Phone,Product,9,5,1,Yes,Best customer service team in the industry. Kudos!
RSP-4403,CUST-3415,2025-03-21,Europe,Enterprise,Finance,Email,Product,10,5,1,Yes,Super fast delivery and pristine quality. Highly recommended!
RSP-4404,CUST-2200,2025-11-08,North America,Enterprise,Technology,Email,Delivery,9,5,1,Yes,The team went above and beyond to help us with our migration.
RSP-4405,CUST-4147,2025-05-12,North America,Mid-Market,Healthcare,Email,Customer Support,0,1,5,Yes,Pricing is way too high for the features provided.
RSP-4406,CUST-1229,2025-04-19,Europe,Mid-Market,Finance,Phone,Delivery,9,5,1,Yes,The team went above and beyond to help us with our migration.
RSP-4407,CUST-2215,2025-10-27,Europe,Enterprise,Healthcare,Email,Customer Support,2,3,4,No,Support response was extremely slow and unhelpful.
RSP-4408,CUST-3125,2025-07-06,Latin America,Enterprise,Manufacturing,Email,Pricing,10,4,2,Yes,Top-tier enterprise platform with excellent security features.
RSP-4409,CUST-4907,2025-11-13,North America,Enterprise,Technology,Phone,Delivery,7,4,5,Yes,"Average experience, nothing exceptional to report."
RSP-4410,CUST-3819,2025-11-26,North America,SMB,Retail,Web,Delivery,2,1,7,Yes,Delivery took twice as long as promised.
RSP-4411,CUST-5104,2025-06-10,North America,Mid-Market,Finance,Web,Product,8,3,2,Yes,"Acceptable response time, issue was eventually fixed."
RSP-4412,CUST-4096,2025-09-06,Asia-Pacific,SMB,Technology,In-App,Product,10,5,1,Yes,Super fast delivery and pristine quality. Highly recommended!
RSP-4413,CUST-4948,2025-03-31,North America,Mid-Market,Manufacturing,Email,Customer Support,10,5,1,No,Best customer service team in the industry. Kudos!
RSP-4414,CUST-4111,2025-01-08,North America,Mid-Market,Retail,Email,Customer Support,6,1,5,No,Product keeps crashing after the latest update.
RSP-4415,CUST-3804,2025-04-26,Latin America,Enterprise,Technology,Email,Customer Support,10,5,2,Yes,The team went above and beyond to help us with our migration.
RSP-4416,CUST-2691,2025-04-25,North America,Enterprise,Finance,Phone,Quality,5,1,5,No,Delivery took twice as long as promised.
RSP-4417,CUST-3279,2025-11-08,Asia-Pacific,Enterprise,Retail,Phone,Delivery,3,2,7,No,Product keeps crashing after the latest update.
RSP-4418,CUST-2613,2025-07-02,Europe,Enterprise,Technology,Web,Customer Support,7,3,2,Yes,"Service is okay, expecting more frequent software updates."
RSP-4419,CUST-4762,2025-10-19,North America,Mid-Market,Retail,Email,Quality,8,3,3,Yes,"Product works fine, but missing key integrations."
RSP-4420,CUST-2870,2025-04-14,Europe,Enterprise,Healthcare,Phone,Product,4,1,7,No,"Issue took over a week to resolve, very frustrating."
RSP-4421,CUST-1269,2025-07-24,North America,Mid-Market,Healthcare,Email,Customer Support,6,2,7,Yes,Product keeps crashing after the latest update.
RSP-4422,CUST-3699,2025-09-17,Europe,Mid-Market,Technology,Email,Product,7,3,3,Yes,"Support resolved the issue, but communication could be better."
RSP-4423,CUST-3223,2025-10-11,Asia-Pacific,Mid-Market,Finance,Phone,Pricing,2,1,4,Yes,Platform UI is slow and unintuitive.
RSP-4424,CUST-1650,2025-01-29,North America,Mid-Market,Healthcare,In-App,Pricing,7,4,4,Yes,"Service is okay, expecting more frequent software updates."
RSP-4425,CUST-3031,2025-05-06,Latin America,Mid-Market,Technology,Email,Pricing,0,1,7,Yes,Quality has visibly degraded over the last few months.
RSP-4426,CUST-2496,2025-12-20,Latin America,Mid-Market,Technology,In-App,Delivery,8,4,3,Yes,No feedback provided
RSP-4427,CUST-2870,2025-12-20,Europe,Mid-Market,Manufacturing,Email,Product,10,5,1,Yes,Best customer service team in the industry. Kudos!
RSP-4428,CUST-2453,2025-01-21,North America,Enterprise,Manufacturing,Email,Delivery,6,1,10,Yes,Frequent downtime impacted our business operations.
RSP-4429,CUST-3177,2025-10-10,Asia-Pacific,Mid-Market,Technology,Web,Delivery,4,2,7,Yes,Quality has visibly degraded over the last few months.
RSP-4430,CUST-1748,2025-04-08,North America,SMB,Technology,In-App,Product,9,5,1,Yes,Fantastic product! Has significantly improved our team productivity.
RSP-4431,CUST-2085,2025-09-25,North America,Enterprise,Technology,Web,Product,10,4,1,Yes,The team went above and beyond to help us with our migration.
RSP-4432,CUST-1498,2025-04-17,Latin America,Enterprise,Finance,Email,Delivery,7,4,3,Yes,"Pricing is fair, but onboarding was slightly confusing."
RSP-4433,CUST-2998,2025-10-27,North America,Enterprise,Retail,Email,Customer Support,9,5,2,Yes,Best customer service team in the industry. Kudos!
RSP-4434,CUST-4803,2025-02-20,Europe,Mid-Market,Manufacturing,In-App,Customer Support,5,1,7,No,Platform UI is slow and unintuitive.
RSP-4435,CUST-1418,2025-06-13,Europe,Mid-Market,Finance,Email,Quality,3,2,4,Yes,Product keeps crashing after the latest update.
RSP-4436,CUST-2609,2025-09-02,North America,SMB,Finance,Email,Quality,7,4,3,Yes,"Support resolved the issue, but communication could be better."
RSP-4437,CUST-4620,2025-02-12,North America,Enterprise,Finance,Email,Delivery,3,1,21,No,Billing error was not resolved on time.
RSP-4438,CUST-2617,2025-02-21,North America,SMB,Healthcare,Web,Product,3,3,14,Yes,Platform UI is slow and unintuitive.
RSP-4439,CUST-2761,2025-11-03,Latin America,Mid-Market,Technology,Email,Product,9,5,1,Yes,Best customer service team in the industry. Kudos!
RSP-4440,CUST-3457,2025-10-19,Asia-Pacific,Enterprise,Technology,Email,Customer Support,10,5,1,Yes,Exceptional customer support! Issue resolved within an hour.
RSP-4441,CUST-4520,2025-02-27,North America,Mid-Market,Technology,Phone,Customer Support,5,2,5,Yes,Billing error was not resolved on time.
RSP-4442,CUST-2595,2025-10-29,Europe,SMB,Technology,Email,Customer Support,7,3,3,Yes,"Service is okay, expecting more frequent software updates."
RSP-4443,CUST-1004,2025-05-09,Middle East & Africa,Enterprise,Finance,Email,Customer Support,0,1,10,Yes,Customer service agent was rude and transferred me three times.
RSP-4444,CUST-3217,2025-09-10,North America,SMB,Manufacturing,Email,Customer Support,8,4,5,Yes,"Average experience, nothing exceptional to report."
RSP-4445,CUST-3692,2025-09-17,Asia-Pacific,Mid-Market,Healthcare,Phone,Product,2,1,4,Yes,Billing error was not resolved on time.
RSP-4446,CUST-3324,2025-11-27,North America,Mid-Market,Healthcare,Phone,Delivery,9,5,2,Yes,The team went above and beyond to help us with our migration.
RSP-4447,CUST-3164,2025-09-30,North America,Mid-Market,Healthcare,Email,Product,9,4,3,Yes,Great value for money and outstanding service reliability.
RSP-4448,CUST-3794,2025-05-21,Europe,Enterprise,Healthcare,Email,Product,9,5,1,Yes,The team went above and beyond to help us with our migration.
RSP-4449,CUST-4604,2025-02-27,North America,Mid-Market,Finance,Phone,Quality,10,5,1,Yes,Super fast delivery and pristine quality. Highly recommended!
RSP-4450,CUST-4994,2025-01-04,Asia-Pacific,Mid-Market,Technology,Email,Pricing,2,2,10,Yes,"Issue took over a week to resolve, very frustrating."
RSP-4451,CUST-5174,2025-08-29,Europe,Enterprise,Manufacturing,Email,Delivery,5,2,4,Yes,Billing error was not resolved on time.
RSP-4452,CUST-2336,2025-04-02,North America,Mid-Market,Retail,Email,Customer Support,9,3,1,Yes,Fantastic product! Has significantly improved our team productivity.
RSP-4453,CUST-4539,2025-12-11,Europe,SMB,Retail,Phone,Pricing,8,5,3,Yes,"Delivery was on time, product packaging was slightly damaged."
RSP-4454,CUST-1774,2025-08-15,Latin America,Enterprise,Manufacturing,Email,Delivery,7,4,4,Yes,"Acceptable response time, issue was eventually fixed."
RSP-4455,CUST-2496,2025-04-10,North America,Enterprise,Healthcare,Web,Delivery,4,1,10,Yes,Product keeps crashing after the latest update.
RSP-4456,CUST-2898,2025-04-20,Asia-Pacific,Mid-Market,Technology,Web,Delivery,5,2,7,No,Quality has visibly degraded over the last few months.
RSP-4457,CUST-5110,2025-06-06,Asia-Pacific,Mid-Market,Healthcare,Email,Pricing,10,5,1,Yes,Smooth experience from purchase to setup. Very satisfied!
RSP-4458,CUST-4865,2025-02-22,Europe,Enterprise,Retail,In-App,Pricing,0,3,10,Yes,Quality has visibly degraded over the last few months.
RSP-4459,CUST-2722,2025-10-20,Europe,SMB,Manufacturing,Email,Product,7,5,5,Yes,"Average experience, nothing exceptional to report."
RSP-4460,CUST-3652,2025-03-22,North America,SMB,Finance,In-App,Quality,3,2,4,No,Pricing is way too high for the features provided.
RSP-4461,CUST-4245,2025-03-29,Europe,SMB,Manufacturing,Email,Product,8,5,4,No,"Average experience, nothing exceptional to report."
RSP-4462,CUST-2287,2025-06-16,Europe,Mid-Market,Technology,Email,Customer Support,10,5,2,Yes,Best customer service team in the industry. Kudos!
RSP-4463,CUST-4415,2025-05-18,North America,Mid-Market,Healthcare,In-App,Delivery,2,2,21,Yes,Pricing is way too high for the features provided.
RSP-4464,CUST-3153,2025-08-30,North America,Enterprise,Technology,Email,Pricing,0,2,7,No,Quality has visibly degraded over the last few months.
RSP-4465,CUST-4037,2025-03-16,North America,Mid-Market,Technology,Email,Delivery,5,1,5,Yes,Quality has visibly degraded over the last few months.
RSP-4466,CUST-3733,2025-07-01,Middle East & Africa,Mid-Market,Retail,Email,Quality,6,1,10,No,"Issue took over a week to resolve, very frustrating."
RSP-4467,CUST-4684,2025-06-07,Middle East & Africa,SMB,Technology,Email,Delivery,1,2,7,No,Customer service agent was rude and transferred me three times.
RSP-4468,CUST-4223,2025-08-02,Europe,Mid-Market,Technology,Email,Quality,10,5,2,Yes,Exceptional customer support! Issue resolved within an hour.
RSP-4469,CUST-4310,2025-01-29,Middle East & Africa,Enterprise,Healthcare,Email,Customer Support,6,2,7,Yes,Customer service agent was rude and transferred me three times.
RSP-4470,CUST-3896,2025-11-27,Asia-Pacific,SMB,Retail,Phone,Product,7,3,3,Yes,"Average experience, nothing exceptional to report."
RSP-4471,CUST-4742,2025-05-21,North America,Enterprise,Technology,In-App,Pricing,5,1,14,No,Support response was extremely slow and unhelpful.
RSP-4472,CUST-2656,2025-04-17,Asia-Pacific,Mid-Market,Technology,Email,Quality,9,5,1,Yes,The team went above and beyond to help us with our migration.
RSP-4473,CUST-3414,2025-07-11,Asia-Pacific,SMB,Finance,Email,Product,9,5,1,Yes,Exceptional customer support! Issue resolved within an hour.
RSP-4474,CUST-3636,2025-08-07,Asia-Pacific,Mid-Market,Finance,Phone,Quality,9,5,1,Yes,Top-tier enterprise platform with excellent security features.
RSP-4475,CUST-3668,2025-10-13,Asia-Pacific,SMB,Technology,Email,Product,8,3,3,Yes,"Pricing is fair, but onboarding was slightly confusing."
RSP-4476,CUST-2761,2025-11-13,Europe,SMB,Healthcare,In-App,Product,3,1,7,Yes,Platform UI is slow and unintuitive.
RSP-4477,CUST-4605,2025-05-21,Europe,Mid-Market,Retail,Phone,Customer Support,10,5,1,Yes,Fantastic product! Has significantly improved our team productivity.
RSP-4478,CUST-1609,2025-05-05,Europe,Enterprise,Technology,Email,Quality,4,1,5,No,Delivery took twice as long as promised.
RSP-4479,CUST-3666,2025-09-03,Europe,Mid-Market,Technology,In-App,Delivery,5,3,21,No,Frequent downtime impacted our business operations.
RSP-4480,CUST-4849,2025-01-24,Latin America,Mid-Market,Technology,Email,Customer Support,8,4,4,Yes,"Decent features for SMBs, but needs better reporting tools."
RSP-4481,CUST-4989,2025-05-08,North America,Enterprise,Manufacturing,Web,Customer Support,10,5,3,Yes,The team went above and beyond to help us with our migration.
RSP-4482,CUST-4072,2025-01-31,Europe,Enterprise,Manufacturing,In-App,Quality,6,2,5,Yes,Product keeps crashing after the latest update.
RSP-4483,CUST-1459,2025-11-24,Europe,Enterprise,Manufacturing,Phone,Pricing,7,4,2,No,"Acceptable response time, issue was eventually fixed."
RSP-4484,CUST-3261,2025-10-03,Asia-Pacific,Enterprise,Technology,Web,Delivery,2,2,7,Yes,"Issue took over a week to resolve, very frustrating."
RSP-4485,CUST-4589,2025-05-26,Latin America,Mid-Market,Retail,Email,Product,3,1,21,No,Product keeps crashing after the latest update.
RSP-4486,CUST-4865,2025-03-10,Asia-Pacific,Mid-Market,Retail,Phone,Product,8,4,2,Yes,"Support resolved the issue, but communication could be better."
RSP-4487,CUST-3658,2025-07-31,North America,Mid-Market,Technology,Web,Delivery,3,2,7,Yes,Delivery took twice as long as promised.
RSP-4488,CUST-2232,2025-10-29,Latin America,Mid-Market,Retail,Phone,Product,8,4,2,Yes,"Delivery was on time, product packaging was slightly damaged."
RSP-4489,CUST-2638,2025-10-15,North America,SMB,Retail,Web,Product,9,5,1,Yes,Fantastic product! Has significantly improved our team productivity.
RSP-4490,CUST-4590,2025-05-06,North America,SMB,Retail,Web,Customer Support,9,5,2,Yes,Smooth experience from purchase to setup. Very satisfied!
RSP-4491,CUST-3135,2025-10-13,Europe,Mid-Market,Manufacturing,In-App,Customer Support,9,5,1,Yes,The team went above and beyond to help us with our migration.
RSP-4492,CUST-1179,2025-03-13,Europe,SMB,Healthcare,Web,Delivery,1,1,4,Yes,Product keeps crashing after the latest update.
RSP-4493,CUST-3571,2025-07-04,Europe,Mid-Market,Technology,Phone,Customer Support,4,1,10,Yes,Billing error was not resolved on time.
RSP-4494,CUST-2759,2025-04-05,North America,SMB,Finance,Phone,Customer Support,10,5,1,Yes,Smooth experience from purchase to setup. Very satisfied!
RSP-4495,CUST-4836,2025-04-27,Europe,Enterprise,Manufacturing,Phone,Delivery,9,4,1,Yes,Best customer service team in the industry. Kudos!
RSP-4496,CUST-3967,2025-06-20,North America,SMB,Technology,Email,Product,9,5,1,Yes,Great value for money and outstanding service reliability.
RSP-4497,CUST-3121,2025-05-11,Latin America,SMB,Healthcare,Phone,Customer Support,10,5,3,Yes,Exceptional customer support! Issue resolved within an hour.
RSP-4498,CUST-2149,2025-03-03,North America,SMB,Retail,Web,Pricing,5,2,4,Yes,Customer service agent was rude and transferred me three times.
RSP-4499,CUST-4500,2025-07-22,Europe,SMB,Manufacturing,Web,Product,7,4,2,Yes,"Service is okay, expecting more frequent software updates."
RSP-4500,CUST-1393,2025-09-28,Latin America,Enterprise,Technology,Phone,Pricing,8,5,4,Yes,"Product works fine, but missing key integrations."
RSP-4501,CUST-5196,2025-07-11,Latin America,Mid-Market,Healthcare,Phone,Quality,10,5,1,Yes,No feedback provided
RSP-4502,CUST-4581,2025-01-17,North America,SMB,Healthcare,Email,Delivery,4,2,14,Yes,Platform UI is slow and unintuitive.
RSP-4503,CUST-3679,2025-10-03,Asia-Pacific,SMB,Technology,Phone,Customer Support,0,1,21,Yes,Billing error was not resolved on time.
RSP-4504,CUST-3315,2025-10-22,North America,Mid-Market,Technology,Email,Product,3,1,7,Yes,"Issue took over a week to resolve, very frustrating."
RSP-4505,CUST-1549,2025-02-08,North America,Enterprise,Technology,Email,Customer Support,7,4,4,Yes,"Support resolved the issue, but communication could be better."
RSP-4506,CUST-1920,2025-09-30,North America,Mid-Market,Manufacturing,In-App,Product,4,2,7,Yes,Delivery took twice as long as promised.
RSP-4507,CUST-1718,2025-10-21,Europe,Enterprise,Technology,Phone,Pricing,1,2,5,Yes,Billing error was not resolved on time.
RSP-4508,CUST-2563,2025-02-07,Asia-Pacific,Mid-Market,Finance,Phone,Product,8,4,2,Yes,"Decent features for SMBs, but needs better reporting tools."
RSP-4509,CUST-3268,2025-08-27,North America,Enterprise,Retail,Email,Customer Support,10,4,1,Yes,Best customer service team in the industry. Kudos!
RSP-4510,CUST-2246,2025-11-30,Europe,Mid-Market,Healthcare,Email,Product,9,5,2,Yes,Smooth experience from purchase to setup. Very satisfied!
RSP-4511,CUST-1598,2025-04-04,North America,Enterprise,Technology,Phone,Quality,1,1,5,Yes,No feedback provided
RSP-4512,CUST-3783,2025-08-21,Europe,Mid-Market,Technology,Phone,Delivery,3,1,7,Yes,Platform UI is slow and unintuitive.
RSP-4513,CUST-4542,2025-01-11,North America,Enterprise,Technology,Email,Delivery,2,1,5,Yes,Customer service agent was rude and transferred me three times.
RSP-4514,CUST-3406,2025-01-04,Asia-Pacific,Mid-Market,Technology,Email,Product,7,3,3,No,"Decent features for SMBs, but needs better reporting tools."
RSP-4515,CUST-1154,2025-01-05,North America,SMB,Retail,Web,Quality,1,1,4,Yes,Pricing is way too high for the features provided.
RSP-4516,CUST-3640,2025-08-07,North America,SMB,Technology,Email,Customer Support,2,1,5,No,Delivery took twice as long as promised.
RSP-4517,CUST-3120,2025-04-25,Europe,Mid-Market,Technology,In-App,Delivery,6,3,7,Yes,Frequent downtime impacted our business operations.
RSP-4518,CUST-3675,2025-09-30,North America,Mid-Market,Retail,Email,Pricing,6,1,7,Yes,Billing error was not resolved on time.
RSP-4519,CUST-2641,2025-10-22,North America,Mid-Market,Healthcare,In-App,Delivery,5,1,10,Yes,"Issue took over a week to resolve, very frustrating."
RSP-4520,CUST-2250,2025-04-07,Europe,SMB,Retail,Phone,Pricing,5,2,5,Yes,Delivery took twice as long as promised.
RSP-4521,CUST-2688,2025-06-07,Middle East & Africa,Enterprise,Technology,Email,Delivery,3,2,21,Yes,Delivery took twice as long as promised.
RSP-4522,CUST-1826,2025-01-14,Asia-Pacific,Enterprise,Technology,Phone,Quality,3,1,4,No,Platform UI is slow and unintuitive.
RSP-4523,CUST-1323,2025-03-07,North America,Mid-Market,Retail,Phone,Pricing,9,5,1,Yes,Smooth experience from purchase to setup. Very satisfied!
RSP-4524,CUST-1567,2025-06-17,Middle East & Africa,Mid-Market,Retail,Email,Delivery,1,2,5,Yes,"Issue took over a week to resolve, very frustrating."
RSP-4525,CUST-2885,2025-12-03,North America,Mid-Market,Healthcare,Email,Product,8,4,3,No,"Pricing is fair, but onboarding was slightly confusing."
RSP-4526,CUST-2652,2025-06-05,North America,SMB,Healthcare,Phone,Delivery,3,1,7,Yes,Delivery took twice as long as promised.
RSP-4527,CUST-4475,2025-05-19,Europe,SMB,Healthcare,Email,Product,2,1,4,Yes,Pricing is way too high for the features provided.
RSP-4528,CUST-2779,2025-07-01,North America,Mid-Market,Manufacturing,In-App,Product,5,2,4,Yes,Support response was extremely slow and unhelpful.
RSP-4529,CUST-2124,2025-08-14,North America,Mid-Market,Unknown,Web,Pricing,2,3,7,Yes,Product keeps crashing after the latest update.
RSP-4530,CUST-4072,2025-01-14,Latin America,SMB,Finance,Email,Delivery,6,2,7,Yes,Billing error was not resolved on time.
RSP-4531,CUST-2708,2025-07-14,Europe,Enterprise,Manufacturing,Email,Customer Support,10,5,2,Yes,Exceptional customer support! Issue resolved within an hour.
RSP-4532,CUST-4660,2025-08-13,North America,Mid-Market,Finance,Phone,Customer Support,8,3,3,Yes,No feedback provided
RSP-4533,CUST-2627,2025-04-16,North America,Mid-Market,Finance,Email,Customer Support,7,5,3,Yes,"Decent features for SMBs, but needs better reporting tools."
RSP-4534,CUST-2021,2025-02-17,Asia-Pacific,Mid-Market,Healthcare,Email,Product,7,3,3,No,"Average experience, nothing exceptional to report."
RSP-4535,CUST-5150,2025-10-24,Asia-Pacific,Enterprise,Retail,Phone,Product,9,5,1,Yes,Fantastic product! Has significantly improved our team productivity.
RSP-4536,CUST-2334,2025-04-18,Europe,Enterprise,Retail,Phone,Delivery,0,2,7,Yes,Product keeps crashing after the latest update.
RSP-4537,CUST-5006,2025-11-06,Asia-Pacific,Enterprise,Unknown,Phone,Delivery,1,1,5,No,"Issue took over a week to resolve, very frustrating."
RSP-4538,CUST-3595,2025-08-01,North America,Enterprise,Retail,Phone,Delivery,5,2,7,Yes,Pricing is way too high for the features provided.
RSP-4539,CUST-2723,2025-02-16,Asia-Pacific,Enterprise,Technology,Email,Customer Support,8,4,3,Yes,"Acceptable response time, issue was eventually fixed."
RSP-4540,CUST-4915,2025-05-11,North America,Mid-Market,Technology,Email,Quality,8,4,4,Yes,"Support resolved the issue, but communication could be better."
RSP-4541,CUST-4743,2025-01-09,North America,Mid-Market,Technology,Email,Product,10,5,2,Yes,Exceptional customer support! Issue resolved within an hour.
RSP-4542,CUST-4113,2025-08-04,North America,SMB,Healthcare,In-App,Product,10,5,1,Yes,Top-tier enterprise platform with excellent security features.
RSP-4543,CUST-1819,2025-07-01,Asia-Pacific,Enterprise,Manufacturing,Web,Delivery,1,1,5,Yes,"Issue took over a week to resolve, very frustrating."
RSP-4544,CUST-3539,2025-02-03,Asia-Pacific,Mid-Market,Healthcare,Email,Pricing,2,1,7,No,Customer service agent was rude and transferred me three times.
RSP-4545,CUST-3463,2025-04-28,Middle East & Africa,SMB,Manufacturing,Phone,Product,8,3,2,Yes,"Support resolved the issue, but communication could be better."
RSP-4546,CUST-4192,2025-08-30,North America,Mid-Market,Healthcare,Email,Quality,8,5,3,Yes,"Product works fine, but missing key integrations."
RSP-4547,CUST-3250,2025-11-28,North America,Mid-Market,Retail,Email,Quality,7,3,3,Yes,"Acceptable response time, issue was eventually fixed."
RSP-4548,CUST-1371,2025-03-14,North America,Mid-Market,Retail,Phone,Product,10,5,1,Yes,Great value for money and outstanding service reliability.
RSP-4549,CUST-2452,2025-10-17,Latin America,Mid-Market,Finance,In-App,Quality,3,2,10,Yes,Support response was extremely slow and unhelpful.
RSP-4550,CUST-2048,2025-09-23,North America,SMB,Technology,Email,Customer Support,10,4,1,Yes,Super fast delivery and pristine quality. Highly recommended!
RSP-4551,CUST-2148,2025-12-22,Europe,SMB,Finance,Phone,Pricing,0,1,7,Yes,Billing error was not resolved on time.
RSP-4552,CUST-1319,2025-02-01,North America,Mid-Market,Finance,In-App,Product,8,3,3,Yes,"Pricing is fair, but onboarding was slightly confusing."
RSP-4553,CUST-3400,2025-07-10,Latin America,Enterprise,Healthcare,Email,Customer Support,10,5,1,Yes,Top-tier enterprise platform with excellent security features.
RSP-4554,CUST-2290,2025-08-03,North America,Enterprise,Retail,Email,Product,7,4,2,Yes,"Average experience, nothing exceptional to report."
RSP-4555,CUST-2430,2025-09-23,Europe,Mid-Market,Technology,Phone,Customer Support,10,5,1,No,No feedback provided
RSP-4556,CUST-2487,2025-07-06,North America,Enterprise,Finance,Email,Product,10,5,1,Yes,Fantastic product! Has significantly improved our team productivity.
RSP-4557,CUST-2330,2025-01-16,Asia-Pacific,SMB,Healthcare,Web,Customer Support,9,5,1,Yes,Best customer service team in the industry. Kudos!
RSP-4558,CUST-2671,2025-06-06,Middle East & Africa,Mid-Market,Technology,Web,Product,8,3,3,No,"Decent features for SMBs, but needs better reporting tools."
RSP-4559,CUST-4057,2025-05-16,Asia-Pacific,Enterprise,Manufacturing,Email,Delivery,5,3,4,No,Frequent downtime impacted our business operations.
RSP-4560,CUST-3630,2025-01-15,North America,Enterprise,Manufacturing,Phone,Customer Support,5,2,10,Yes,Support response was extremely slow and unhelpful.
RSP-4561,CUST-3716,2025-01-15,Europe,SMB,Retail,Phone,Customer Support,9,4,1,No,Best customer service team in the industry. Kudos!
RSP-4562,CUST-1280,2025-03-15,Latin America,SMB,Technology,In-App,Customer Support,5,2,14,Yes,Customer service agent was rude and transferred me three times.
RSP-4563,CUST-1380,2025-10-04,Latin America,SMB,Technology,In-App,Pricing,0,1,5,Yes,Customer service agent was rude and transferred me three times.
RSP-4564,CUST-2390,2025-03-22,Asia-Pacific,Mid-Market,Manufacturing,In-App,Delivery,5,2,7,Yes,Product keeps crashing after the latest update.
RSP-4565,CUST-1122,2025-06-28,North America,Enterprise,Technology,In-App,Product,2,2,4,Yes,Pricing is way too high for the features provided.
RSP-4566,CUST-1754,2025-08-03,Europe,Mid-Market,Technology,Phone,Delivery,5,2,5,Yes,Product keeps crashing after the latest update.
RSP-4567,CUST-1920,2025-09-01,Asia-Pacific,SMB,Retail,Phone,Customer Support,8,5,4,Yes,"Service is okay, expecting more frequent software updates."
RSP-4568,CUST-4400,2025-10-02,North America,Mid-Market,Technology,In-App,Product,4,3,4,Yes,Billing error was not resolved on time.
RSP-4569,CUST-2101,2025-11-05,Europe,Mid-Market,Technology,Phone,Product,8,4,4,Yes,"Product works fine, but missing key integrations."
RSP-4570,CUST-3551,2025-09-01,Europe,Mid-Market,Technology,Email,Quality,4,2,4,No,Billing error was not resolved on time.
RSP-4571,CUST-3104,2025-03-07,Middle East & Africa,Mid-Market,Healthcare,Phone,Quality,0,2,7,Yes,"Issue took over a week to resolve, very frustrating."
RSP-4572,CUST-3994,2025-11-11,North America,Enterprise,Retail,Email,Customer Support,6,1,7,No,Product keeps crashing after the latest update.
RSP-4573,CUST-4914,2025-09-10,Europe,SMB,Finance,Web,Delivery,9,5,1,Yes,Great value for money and outstanding service reliability.
RSP-4574,CUST-2030,2025-04-23,North America,Enterprise,Technology,Web,Product,7,5,3,Yes,"Average experience, nothing exceptional to report."
RSP-4575,CUST-2168,2025-04-26,Asia-Pacific,Mid-Market,Finance,Phone,Product,3,1,4,Yes,Product keeps crashing after the latest update.
RSP-4576,CUST-1776,2025-07-26,Middle East & Africa,Mid-Market,Retail,Phone,Customer Support,4,1,7,No,Quality has visibly degraded over the last few months.
RSP-4577,CUST-1862,2025-05-08,North America,Mid-Market,Technology,Phone,Customer Support,9,4,1,Yes,Great value for money and outstanding service reliability.
RSP-4578,CUST-3053,2025-04-05,Middle East & Africa,Mid-Market,Healthcare,Phone,Product,9,5,2,Yes,The team went above and beyond to help us with our migration.
RSP-4579,CUST-3692,2025-12-30,Europe,Enterprise,Retail,Email,Customer Support,9,5,1,No,Best customer service team in the industry. Kudos!
RSP-4580,CUST-3185,2025-03-09,North America,SMB,Technology,Email,Product,0,1,4,No,"Issue took over a week to resolve, very frustrating."
RSP-4581,CUST-4457,2025-07-11,Asia-Pacific,Enterprise,Technology,Web,Delivery,8,4,3,Yes,"Average experience, nothing exceptional to report."
RSP-4582,CUST-1280,2025-07-17,Europe,Enterprise,Healthcare,Email,Customer Support,7,4,2,Yes,"Product works fine, but missing key integrations."
RSP-4583,CUST-2621,2025-04-04,North America,Mid-Market,Retail,Web,Pricing,10,5,1,Yes,Exceptional customer support! Issue resolved within an hour.
RSP-4584,CUST-2171,2025-11-21,Europe,SMB,Healthcare,Email,Pricing,4,2,10,No,Support response was extremely slow and unhelpful.
RSP-4585,CUST-2948,2025-03-24,Asia-Pacific,SMB,Finance,Email,Customer Support,10,5,1,Yes,Top-tier enterprise platform with excellent security features.
RSP-4586,CUST-3642,2025-01-06,Europe,Enterprise,Retail,Email,Product,5,2,5,Yes,Frequent downtime impacted our business operations.
RSP-4587,CUST-4938,2025-09-05,Latin America,SMB,Retail,Phone,Quality,8,5,2,Yes,"Acceptable response time, issue was eventually fixed."
RSP-4588,CUST-2538,2025-11-18,North America,SMB,Finance,Phone,Delivery,8,5,4,Yes,"Decent features for SMBs, but needs better reporting tools."
RSP-4589,CUST-4703,2025-04-20,North America,Mid-Market,Retail,Web,Customer Support,2,1,4,Yes,Billing error was not resolved on time.
RSP-4590,CUST-3152,2025-10-07,Europe,SMB,Finance,Email,Product,10,5,1,Yes,Best customer service team in the industry. Kudos!
RSP-4591,CUST-1965,2025-05-24,North America,Enterprise,Healthcare,Email,Customer Support,8,5,4,Yes,"Acceptable response time, issue was eventually fixed."
RSP-4592,CUST-3762,2025-04-06,Europe,Mid-Market,Technology,In-App,Delivery,9,5,1,Yes,The team went above and beyond to help us with our migration.
RSP-4593,CUST-3793,2025-09-07,Europe,Mid-Market,Retail,Email,Delivery,9,5,1,Yes,Best customer service team in the industry. Kudos!
RSP-4594,CUST-1790,2025-12-09,North America,SMB,Technology,In-App,Customer Support,7,4,2,Yes,"Acceptable response time, issue was eventually fixed."
RSP-4595,CUST-3153,2025-02-02,Latin America,SMB,Retail,Web,Pricing,7,3,4,Yes,"Acceptable response time, issue was eventually fixed."
RSP-4596,CUST-4494,2025-11-25,Middle East & Africa,Mid-Market,Technology,Email,Customer Support,3,3,5,Yes,Support response was extremely slow and unhelpful.
RSP-4597,CUST-2034,2025-02-18,North America,Enterprise,Healthcare,Email,Product,1,1,10,Yes,Pricing is way too high for the features provided.
RSP-4598,CUST-4747,2025-02-26,North America,Mid-Market,Finance,Email,Customer Support,10,4,1,Yes,Fantastic product! Has significantly improved our team productivity.
RSP-4599,CUST-3422,2025-03-06,Europe,Enterprise,Healthcare,In-App,Product,7,4,2,Yes,"Acceptable response time, issue was eventually fixed."
RSP-4600,CUST-3515,2025-08-20,Europe,Enterprise,Retail,Email,Customer Support,9,5,1,Yes,Top-tier enterprise platform with excellent security features.
RSP-4601,CUST-1679,2025-09-16,Asia-Pacific,SMB,Technology,Web,Customer Support,10,5,2,Yes,Super fast delivery and pristine quality. Highly recommended!
RSP-4602,CUST-4256,2025-09-19,Latin America,Enterprise,Technology,Web,Quality,4,2,5,Yes,Pricing is way too high for the features provided.
RSP-4603,CUST-2160,2025-12-15,North America,Enterprise,Finance,Email,Product,10,4,1,Yes,Great value for money and outstanding service reliability.
RSP-4604,CUST-1136,2025-04-12,North America,Enterprise,Finance,Phone,Customer Support,8,5,2,Yes,"Acceptable response time, issue was eventually fixed."
RSP-4605,CUST-2243,2025-10-16,North America,Mid-Market,Unknown,Phone,Quality,1,1,5,Yes,Platform UI is slow and unintuitive.
RSP-4606,CUST-1384,2025-09-30,Asia-Pacific,SMB,Retail,Phone,Delivery,2,2,5,No,"Issue took over a week to resolve, very frustrating."
RSP-4607,CUST-2887,2025-12-22,Middle East & Africa,SMB,Healthcare,Email,Quality,8,4,2,Yes,"Average experience, nothing exceptional to report."
RSP-4608,CUST-4067,2025-03-23,Europe,Mid-Market,Retail,Email,Customer Support,7,4,2,Yes,"Support resolved the issue, but communication could be better."
RSP-4609,CUST-2356,2025-11-22,Europe,Mid-Market,Retail,Email,Quality,6,2,4,Yes,Frequent downtime impacted our business operations.
RSP-4610,CUST-2853,2025-03-19,Asia-Pacific,Enterprise,Manufacturing,Email,Pricing,5,2,4,Yes,Platform UI is slow and unintuitive.
RSP-4611,CUST-4473,2025-04-14,North America,Mid-Market,Finance,Web,Quality,6,1,5,No,Quality has visibly degraded over the last few months.
RSP-4612,CUST-1400,2025-07-25,North America,Mid-Market,Technology,Email,Customer Support,7,4,3,Yes,"Delivery was on time, product packaging was slightly damaged."
RSP-4613,CUST-4193,2025-09-25,North America,Mid-Market,Healthcare,Email,Customer Support,8,3,4,Yes,"Decent features for SMBs, but needs better reporting tools."
RSP-4614,CUST-4903,2025-08-28,North America,Mid-Market,Finance,In-App,Customer Support,6,1,14,No,"Issue took over a week to resolve, very frustrating."
RSP-4615,CUST-2115,2025-06-03,North America,Enterprise,Finance,Web,Product,9,5,1,Yes,Exceptional customer support! Issue resolved within an hour.
RSP-4616,CUST-1613,2025-05-09,Europe,SMB,Healthcare,Email,Quality,1,2,10,Yes,Platform UI is slow and unintuitive.
RSP-4617,CUST-3552,2025-04-17,North America,SMB,Finance,Email,Quality,5,1,7,No,Frequent downtime impacted our business operations.
RSP-4618,CUST-1547,2025-01-31,North America,Enterprise,Finance,Phone,Quality,6,2,4,No,Customer service agent was rude and transferred me three times.
RSP-4619,CUST-2149,2025-03-15,North America,Mid-Market,Manufacturing,Web,Customer Support,9,5,2,Yes,Best customer service team in the industry. Kudos!
RSP-4620,CUST-2312,2025-05-05,Europe,Enterprise,Healthcare,Email,Delivery,6,1,4,Yes,Customer service agent was rude and transferred me three times.
RSP-4621,CUST-2306,2025-11-27,North America,Mid-Market,Manufacturing,Web,Delivery,1,2,7,Yes,Customer service agent was rude and transferred me three times.
RSP-4622,CUST-4203,2025-10-30,North America,Enterprise,Technology,Phone,Quality,9,5,2,No,Great value for money and outstanding service reliability.
RSP-4623,CUST-3036,2025-06-29,Asia-Pacific,SMB,Manufacturing,Email,Product,10,5,2,Yes,Fantastic product! Has significantly improved our team productivity.
RSP-4624,CUST-2853,2025-05-22,North America,Mid-Market,Healthcare,Email,Product,8,3,3,Yes,"Average experience, nothing exceptional to report."
RSP-4625,CUST-4288,2025-03-05,Asia-Pacific,SMB,Finance,Email,Pricing,0,1,5,Yes,No feedback provided
RSP-4626,CUST-2243,2025-04-16,North America,Mid-Market,Technology,Phone,Delivery,6,2,4,No,Billing error was not resolved on time.
RSP-4627,CUST-2166,2025-12-11,Europe,Enterprise,Technology,Web,Customer Support,8,4,3,Yes,"Delivery was on time, product packaging was slightly damaged."
RSP-4628,CUST-3682,2025-01-06,Latin America,Mid-Market,Technology,Email,Product,9,4,1,Yes,Fantastic product! Has significantly improved our team productivity.
RSP-4629,CUST-3549,2025-09-26,North America,Mid-Market,Finance,Phone,Quality,8,4,4,Yes,"Support resolved the issue, but communication could be better."
RSP-4630,CUST-4859,2025-04-29,Asia-Pacific,Mid-Market,Healthcare,Email,Customer Support,3,2,5,Yes,Billing error was not resolved on time.
RSP-4631,CUST-3447,2025-03-05,Europe,Mid-Market,Finance,Phone,Product,2,2,14,Yes,Platform UI is slow and unintuitive.
RSP-4632,CUST-4722,2025-03-20,North America,Mid-Market,Manufacturing,Email,Product,4,2,14,Yes,Product keeps crashing after the latest update.
RSP-4633,CUST-3796,2025-05-20,North America,Mid-Market,Technology,Email,Quality,9,5,1,Yes,Exceptional customer support! Issue resolved within an hour.
RSP-4634,CUST-4125,2025-05-11,Asia-Pacific,Enterprise,Technology,Email,Pricing,7,3,2,Yes,"Support resolved the issue, but communication could be better."
RSP-4635,CUST-4821,2025-08-07,Asia-Pacific,Mid-Market,Technology,Phone,Customer Support,10,4,1,Yes,Super fast delivery and pristine quality. Highly recommended!
RSP-4636,CUST-4991,2025-05-30,Europe,Enterprise,Retail,Email,Delivery,4,3,10,Yes,Pricing is way too high for the features provided.
RSP-4637,CUST-1844,2025-02-15,North America,Mid-Market,Healthcare,Email,Quality,2,3,4,Yes,Frequent downtime impacted our business operations.
RSP-4638,CUST-3970,2025-05-04,North America,Mid-Market,Technology,Web,Delivery,0,3,14,Yes,Billing error was not resolved on time.
RSP-4639,CUST-4542,2025-08-04,Asia-Pacific,Enterprise,Technology,Email,Pricing,5,1,5,Yes,Support response was extremely slow and unhelpful.
RSP-4640,CUST-1861,2025-05-24,North America,Mid-Market,Technology,Email,Product,8,4,3,Yes,"Delivery was on time, product packaging was slightly damaged."
RSP-4641,CUST-3061,2025-11-24,North America,Enterprise,Retail,Email,Delivery,9,5,1,Yes,Smooth experience from purchase to setup. Very satisfied!
RSP-4642,CUST-4437,2025-12-08,North America,Mid-Market,Technology,Phone,Customer Support,7,4,5,Yes,"Delivery was on time, product packaging was slightly damaged."
RSP-4643,CUST-3921,2025-02-12,Asia-Pacific,Enterprise,Technology,In-App,Delivery,1,2,5,Yes,Support response was extremely slow and unhelpful.
RSP-4644,CUST-1828,2025-09-06,Europe,SMB,Technology,Email,Product,2,3,14,No,No feedback provided
RSP-4645,CUST-5054,2025-04-24,Europe,SMB,Technology,Email,Delivery,8,4,3,Yes,"Decent features for SMBs, but needs better reporting tools."
RSP-4646,CUST-3177,2025-02-23,Europe,SMB,Technology,Phone,Delivery,7,4,3,Yes,"Service is okay, expecting more frequent software updates."
RSP-4647,CUST-4078,2025-11-07,North America,SMB,Manufacturing,Phone,Product,9,5,1,Yes,Top-tier enterprise platform with excellent security features.
RSP-4648,CUST-1344,2025-11-05,Latin America,SMB,Retail,Phone,Customer Support,8,4,4,No,"Support resolved the issue, but communication could be better."
RSP-4649,CUST-1807,2025-10-22,Latin America,SMB,Finance,Phone,Quality,6,1,10,No,Product keeps crashing after the latest update.
RSP-4650,CUST-1962,2025-05-03,North America,SMB,Technology,In-App,Customer Support,8,4,4,No,"Acceptable response time, issue was eventually fixed."
RSP-4651,CUST-4455,2025-07-21,Latin America,Enterprise,Technology,Web,Pricing,3,1,5,Yes,Support response was extremely slow and unhelpful.
RSP-4652,CUST-3845,2025-11-28,Asia-Pacific,Enterprise,Technology,In-App,Product,9,5,1,Yes,Best customer service team in the industry. Kudos!
RSP-4653,CUST-4774,2025-10-21,North America,Mid-Market,Retail,Phone,Product,9,4,3,Yes,Exceptional customer support! Issue resolved within an hour.
RSP-4654,CUST-4266,2025-11-18,Europe,Enterprise,Finance,Phone,Delivery,0,3,10,Yes,Customer service agent was rude and transferred me three times.
RSP-4655,CUST-1210,2025-04-21,Europe,Mid-Market,Technology,In-App,Product,9,5,1,Yes,Super fast delivery and pristine quality. Highly recommended!
RSP-4656,CUST-1197,2025-11-19,North America,SMB,Finance,Email,Delivery,8,4,3,Yes,"Acceptable response time, issue was eventually fixed."
RSP-4657,CUST-1809,2025-05-30,Europe,SMB,Technology,Phone,Delivery,3,3,4,Yes,Customer service agent was rude and transferred me three times.
RSP-4658,CUST-1232,2025-08-22,Asia-Pacific,Mid-Market,Finance,Web,Product,5,1,5,Yes,Quality has visibly degraded over the last few months.
RSP-4659,CUST-3937,2025-12-16,Latin America,SMB,Technology,Web,Product,9,4,1,Yes,Smooth experience from purchase to setup. Very satisfied!
RSP-4660,CUST-3886,2025-05-08,Europe,Mid-Market,Healthcare,Email,Customer Support,9,4,1,Yes,The team went above and beyond to help us with our migration.
RSP-4661,CUST-4653,2025-01-25,Europe,Mid-Market,Finance,In-App,Delivery,5,2,7,Yes,"Issue took over a week to resolve, very frustrating."
RSP-4662,CUST-4753,2025-12-24,Europe,Mid-Market,Finance,Email,Delivery,8,5,4,Yes,"Delivery was on time, product packaging was slightly damaged."
RSP-4663,CUST-2315,2025-04-18,North America,Mid-Market,Technology,Web,Product,9,5,2,Yes,Smooth experience from purchase to setup. Very satisfied!
RSP-4664,CUST-4287,2025-06-28,Europe,Mid-Market,Technology,Email,Product,4,3,4,No,Delivery took twice as long as promised.
RSP-4665,CUST-5094,2025-02-15,North America,SMB,Healthcare,Email,Delivery,7,3,4,Yes,"Acceptable response time, issue was eventually fixed."
RSP-4666,CUST-3881,2025-11-12,North America,Enterprise,Retail,Email,Quality,2,2,7,No,Platform UI is slow and unintuitive.
RSP-4667,CUST-2864,2025-06-12,North America,SMB,Finance,Phone,Customer Support,8,5,4,Yes,"Delivery was on time, product packaging was slightly damaged."
RSP-4668,CUST-1829,2025-02-16,North America,SMB,Technology,In-App,Customer Support,1,1,7,No,Customer service agent was rude and transferred me three times.
RSP-4669,CUST-3563,2025-11-15,North America,Mid-Market,Manufacturing,Email,Customer Support,8,3,2,Yes,"Service is okay, expecting more frequent software updates."
RSP-4670,CUST-2525,2025-07-15,North America,Mid-Market,Finance,Web,Customer Support,7,3,2,Yes,"Pricing is fair, but onboarding was slightly confusing."
RSP-4671,CUST-3168,2025-12-29,Latin America,Enterprise,Healthcare,Web,Customer Support,10,4,1,Yes,Best customer service team in the industry. Kudos!
RSP-4672,CUST-3872,2025-06-22,North America,Mid-Market,Retail,Web,Product,3,3,7,No,Billing error was not resolved on time.
RSP-4673,CUST-3961,2025-03-23,Asia-Pacific,SMB,Retail,Email,Customer Support,7,3,2,Yes,"Average experience, nothing exceptional to report."
RSP-4675,CUST-2554,2025-10-25,Asia-Pacific,Mid-Market,Finance,Web,Product,7,4,3,Yes,"Delivery was on time, product packaging was slightly damaged."
RSP-4676,CUST-5146,2025-12-25,North America,Mid-Market,Technology,Web,Product,5,1,14,No,Platform UI is slow and unintuitive.
RSP-4677,CUST-3426,2025-10-14,Latin America,Mid-Market,Retail,Web,Delivery,10,5,3,Yes,Super fast delivery and pristine quality. Highly recommended!
RSP-4678,CUST-4260,2025-11-13,Asia-Pacific,SMB,Healthcare,Web,Product,9,5,2,Yes,Fantastic product! Has significantly improved our team productivity.
RSP-4679,CUST-2627,2025-02-17,Europe,Mid-Market,Technology,Email,Customer Support,8,3,2,Yes,"Support resolved the issue, but communication could be better."
RSP-4680,CUST-4314,2025-05-15,Asia-Pacific,Mid-Market,Unknown,Web,Product,9,4,3,Yes,Super fast delivery and pristine quality. Highly recommended!
RSP-4681,CUST-3786,2025-09-30,Asia-Pacific,Mid-Market,Technology,Email,Delivery,7,3,4,Yes,"Acceptable response time, issue was eventually fixed."
RSP-4682,CUST-4250,2025-03-10,North America,Enterprise,Manufacturing,Email,Product,9,5,1,Yes,Top-tier enterprise platform with excellent security features.
RSP-4683,CUST-1848,2025-05-31,Middle East & Africa,Mid-Market,Manufacturing,Email,Delivery,9,5,1,Yes,Fantastic product! Has significantly improved our team productivity.
RSP-4684,CUST-3652,2025-04-26,Middle East & Africa,Enterprise,Retail,Phone,Product,0,3,10,No,Billing error was not resolved on time.
RSP-4685,CUST-1334,2025-05-06,Europe,Enterprise,Finance,Phone,Customer Support,7,5,2,Yes,"Average experience, nothing exceptional to report."
RSP-4686,CUST-3242,2025-01-14,Latin America,Mid-Market,Technology,Web,Delivery,0,2,5,Yes,Billing error was not resolved on time.
RSP-4687,CUST-2838,2025-12-22,North America,Mid-Market,Technology,In-App,Customer Support,6,2,10,Yes,Pricing is way too high for the features provided.
RSP-4688,CUST-3009,2025-04-26,North America,Enterprise,Retail,Email,Product,8,3,5,Yes,"Service is okay, expecting more frequent software updates."
RSP-4689,CUST-2769,2025-03-16,Europe,SMB,Healthcare,Web,Customer Support,0,3,14,No,Support response was extremely slow and unhelpful.
RSP-4690,CUST-3431,2025-05-05,Asia-Pacific,Mid-Market,Technology,Email,Product,5,2,7,Yes,Support response was extremely slow and unhelpful.
RSP-4691,CUST-4958,2025-08-13,Europe,Mid-Market,Finance,In-App,Customer Support,1,2,10,Yes,Customer service agent was rude and transferred me three times.
RSP-4692,CUST-2574,2025-07-31,Middle East & Africa,Enterprise,Technology,Email,Customer Support,8,3,2,Yes,"Average experience, nothing exceptional to report."
RSP-4693,CUST-4273,2025-11-18,Middle East & Africa,Mid-Market,Technology,Phone,Delivery,5,2,7,No,Frequent downtime impacted our business operations.
RSP-4694,CUST-4171,2025-05-14,North America,SMB,Manufacturing,Email,Product,9,5,1,Yes,Smooth experience from purchase to setup. Very satisfied!
RSP-4695,CUST-3159,2025-08-09,Europe,Enterprise,Finance,Web,Quality,7,4,3,Yes,"Acceptable response time, issue was eventually fixed."
RSP-4696,CUST-3986,2025-05-01,Asia-Pacific,Mid-Market,Retail,Web,Customer Support,4,3,5,No,"Issue took over a week to resolve, very frustrating."
RSP-4697,CUST-3925,2025-02-09,Europe,Enterprise,Retail,Web,Quality,1,3,7,Yes,Delivery took twice as long as promised.
RSP-4698,CUST-3635,2025-12-26,Latin America,Mid-Market,Technology,Phone,Customer Support,10,5,2,Yes,Great value for money and outstanding service reliability.
RSP-4699,CUST-2054,2025-02-19,North America,Enterprise,Finance,Web,Customer Support,9,5,1,Yes,Best customer service team in the industry. Kudos!
RSP-4700,CUST-3568,2025-02-23,North America,SMB,Finance,Phone,Customer Support,8,3,3,Yes,"Pricing is fair, but onboarding was slightly confusing."
RSP-4701,CUST-3853,2025-12-26,Europe,Mid-Market,Finance,Email,Delivery,4,2,5,Yes,Platform UI is slow and unintuitive.
RSP-4702,CUST-2834,2025-08-27,Middle East & Africa,Mid-Market,Technology,Web,Customer Support,8,4,2,Yes,"Delivery was on time, product packaging was slightly damaged."
RSP-4703,CUST-1435,2025-08-24,North America,Mid-Market,Finance,Phone,Customer Support,8,4,2,Yes,"Service is okay, expecting more frequent software updates."
RSP-4704,CUST-5072,2025-10-30,North America,SMB,Retail,Web,Customer Support,6,2,7,Yes,Customer service agent was rude and transferred me three times.
RSP-4705,CUST-1529,2025-03-29,Latin America,Enterprise,Healthcare,Phone,Quality,10,5,1,Yes,Exceptional customer support! Issue resolved within an hour.
RSP-4706,CUST-4673,2025-10-14,North America,Mid-Market,Retail,Phone,Product,5,1,5,Yes,Support response was extremely slow and unhelpful.
RSP-4707,CUST-3847,2025-09-02,North America,Mid-Market,Technology,In-App,Customer Support,8,4,3,Yes,"Average experience, nothing exceptional to report."
RSP-4708,CUST-1522,2025-12-16,Latin America,Enterprise,Technology,Web,Product,10,5,1,Yes,Smooth experience from purchase to setup. Very satisfied!
RSP-4709,CUST-1535,2025-05-22,Asia-Pacific,Enterprise,Retail,Email,Pricing,1,2,4,Yes,Frequent downtime impacted our business operations.
RSP-4710,CUST-3064,2025-01-15,Europe,Enterprise,Healthcare,Email,Delivery,5,2,4,Yes,Frequent downtime impacted our business operations.
RSP-4711,CUST-5020,2025-08-09,Europe,SMB,Retail,Phone,Quality,9,5,1,Yes,Super fast delivery and pristine quality. Highly recommended!
RSP-4712,CUST-4246,2025-04-21,North America,Mid-Market,Finance,Phone,Product,9,5,1,No,Best customer service team in the industry. Kudos!
RSP-4713,CUST-3538,2025-10-03,North America,Mid-Market,Finance,In-App,Product,9,5,1,Yes,The team went above and beyond to help us with our migration.
RSP-4714,CUST-3707,2025-04-30,Europe,Enterprise,Healthcare,In-App,Customer Support,2,1,7,Yes,Frequent downtime impacted our business operations.
RSP-4715,CUST-5161,2025-07-28,Europe,SMB,Healthcare,In-App,Pricing,0,1,5,Yes,Delivery took twice as long as promised.
RSP-4716,CUST-3576,2025-01-04,North America,Mid-Market,Technology,Email,Product,1,2,5,No,Frequent downtime impacted our business operations.
RSP-4717,CUST-1433,2025-12-31,North America,SMB,Technology,Phone,Product,9,4,3,Yes,Smooth experience from purchase to setup. Very satisfied!
RSP-4718,CUST-1980,2025-02-06,North America,Mid-Market,Finance,In-App,Delivery,7,4,3,Yes,"Support resolved the issue, but communication could be better."
RSP-4719,CUST-4389,2025-03-24,North America,Mid-Market,Retail,Phone,Quality,9,5,1,Yes,Great value for money and outstanding service reliability.
RSP-4720,CUST-3038,2025-11-04,North America,SMB,Technology,Email,Product,1,1,4,Yes,Delivery took twice as long as promised.
RSP-4721,CUST-2484,2025-01-16,Middle East & Africa,Mid-Market,Finance,Phone,Quality,9,5,1,Yes,Best customer service team in the industry. Kudos!
RSP-4722,CUST-1978,2025-06-19,North America,Mid-Market,Technology,Web,Customer Support,3,2,5,Yes,Product keeps crashing after the latest update.
RSP-4723,CUST-1771,2025-07-26,Europe,Mid-Market,Technology,Email,Pricing,8,3,3,Yes,"Decent features for SMBs, but needs better reporting tools."
RSP-4724,CUST-4338,2025-07-15,Europe,Mid-Market,Technology,Email,Product,8,5,5,No,No feedback provided
RSP-4725,CUST-2134,2025-06-25,Middle East & Africa,Enterprise,Finance,Email,Quality,9,5,1,Yes,Super fast delivery and pristine quality. Highly recommended!
RSP-4726,CUST-1785,2025-06-09,North America,SMB,Retail,Email,Product,3,3,14,Yes,"Issue took over a week to resolve, very frustrating."
RSP-4727,CUST-2453,2025-12-29,Asia-Pacific,SMB,Technology,In-App,Customer Support,2,1,7,Yes,Customer service agent was rude and transferred me three times.
RSP-4728,CUST-3064,2025-09-13,Asia-Pacific,SMB,Retail,Phone,Delivery,2,2,5,No,Product keeps crashing after the latest update.
RSP-4730,CUST-2643,2025-04-27,North America,Enterprise,Technology,Email,Customer Support,9,5,1,Yes,Smooth experience from purchase to setup. Very satisfied!
RSP-4731,CUST-1668,2025-06-23,Europe,Mid-Market,Finance,Web,Product,9,5,3,Yes,Best customer service team in the industry. Kudos!
RSP-4732,CUST-1770,2025-09-26,Asia-Pacific,SMB,Manufacturing,In-App,Quality,8,3,4,Yes,No feedback provided
RSP-4733,CUST-1167,2025-11-07,Europe,Mid-Market,Technology,Email,Quality,8,4,3,No,"Product works fine, but missing key integrations."
RSP-4734,CUST-1484,2025-12-16,North America,Mid-Market,Healthcare,In-App,Delivery,10,5,1,Yes,Smooth experience from purchase to setup. Very satisfied!
RSP-4735,CUST-1782,2025-03-28,Europe,Mid-Market,Healthcare,Email,Customer Support,10,5,2,Yes,Exceptional customer support! Issue resolved within an hour.
RSP-4736,CUST-1103,2025-01-03,Europe,Enterprise,Technology,Email,Customer Support,10,5,1,Yes,Smooth experience from purchase to setup. Very satisfied!
RSP-4737,CUST-4151,2025-06-06,Europe,SMB,Technology,Phone,Pricing,10,5,1,Yes,Exceptional customer support! Issue resolved within an hour.
RSP-4738,CUST-4070,2025-02-05,Latin America,Mid-Market,Manufacturing,Email,Customer Support,9,5,1,Yes,Super fast delivery and pristine quality. Highly recommended!
RSP-4739,CUST-2544,2025-11-22,Asia-Pacific,Enterprise,Finance,Web,Customer Support,10,5,1,Yes,Best customer service team in the industry. Kudos!
RSP-4740,CUST-2489,2025-10-02,Asia-Pacific,Enterprise,Retail,Email,Customer Support,8,3,2,Yes,"Pricing is fair, but onboarding was slightly confusing."
RSP-4741,CUST-3828,2025-02-19,North America,SMB,Retail,Email,Product,10,5,3,Yes,Super fast delivery and pristine quality. Highly recommended!
RSP-4742,CUST-4065,2025-10-21,Asia-Pacific,Mid-Market,Technology,Email,Customer Support,7,4,2,Yes,"Average experience, nothing exceptional to report."
RSP-4743,CUST-4610,2025-12-28,Europe,Mid-Market,Technology,Phone,Customer Support,10,5,1,Yes,Super fast delivery and pristine quality. Highly recommended!
RSP-4744,CUST-5156,2025-03-18,North America,Enterprise,Technology,Email,Product,5,1,4,Yes,Billing error was not resolved on time.
RSP-4745,CUST-1248,2025-11-15,Asia-Pacific,Enterprise,Technology,Email,Delivery,8,3,3,Yes,"Product works fine, but missing key integrations."
RSP-4746,CUST-1985,2025-06-09,Europe,SMB,Retail,Email,Delivery,6,3,10,Yes,Quality has visibly degraded over the last few months.
RSP-4747,CUST-1882,2025-06-28,North America,SMB,Healthcare,Phone,Customer Support,3,3,14,Yes,Delivery took twice as long as promised.
RSP-4748,CUST-2371,2025-02-21,Europe,Mid-Market,Technology,Email,Product,10,5,1,Yes,Best customer service team in the industry. Kudos!
RSP-4749,CUST-2582,2025-11-05,North America,Enterprise,Healthcare,Phone,Customer Support,9,5,1,Yes,Super fast delivery and pristine quality. Highly recommended!
RSP-4750,CUST-3763,2025-08-21,North America,Mid-Market,Healthcare,Email,Product,2,2,7,Yes,Platform UI is slow and unintuitive.
RSP-4751,CUST-4185,2025-08-18,Middle East & Africa,Mid-Market,Retail,Phone,Product,10,5,1,Yes,Fantastic product! Has significantly improved our team productivity.
RSP-4752,CUST-1536,2025-06-23,North America,SMB,Technology,Phone,Customer Support,4,2,10,Yes,Pricing is way too high for the features provided.
RSP-4753,CUST-3995,2025-03-14,Europe,SMB,Healthcare,Phone,Delivery,1,3,7,Yes,Pricing is way too high for the features provided.
RSP-4754,CUST-5020,2025-04-07,Asia-Pacific,Mid-Market,Technology,Web,Product,8,4,3,Yes,"Decent features for SMBs, but needs better reporting tools."
RSP-4755,CUST-1340,2025-07-03,Europe,SMB,Healthcare,In-App,Delivery,5,3,4,Yes,Support response was extremely slow and unhelpful.
RSP-4756,CUST-4935,2025-12-04,Middle East & Africa,SMB,Retail,Phone,Delivery,2,1,5,Yes,Frequent downtime impacted our business operations.
RSP-4757,CUST-1809,2025-09-24,Europe,Mid-Market,Finance,Phone,Quality,5,1,7,Yes,Product keeps crashing after the latest update.
RSP-4758,CUST-3625,2025-09-27,North America,Mid-Market,Healthcare,In-App,Customer Support,4,2,10,Yes,Frequent downtime impacted our business operations.
RSP-4759,CUST-4229,2025-10-07,Latin America,SMB,Technology,Email,Customer Support,5,2,10,Yes,Pricing is way too high for the features provided.
RSP-4760,CUST-3314,2025-06-14,Europe,Mid-Market,Technology,Web,Customer Support,8,4,4,Yes,"Average experience, nothing exceptional to report."
RSP-4761,CUST-4669,2025-04-12,North America,SMB,Finance,Phone,Delivery,9,5,1,Yes,The team went above and beyond to help us with our migration.
RSP-4763,CUST-4088,2025-02-12,North America,Mid-Market,Technology,Phone,Customer Support,8,4,4,Yes,"Service is okay, expecting more frequent software updates."
RSP-4764,CUST-1195,2025-09-09,North America,SMB,Healthcare,Web,Customer Support,8,5,2,Yes,"Support resolved the issue, but communication could be better."
RSP-4765,CUST-3633,2025-10-15,North America,Enterprise,Finance,Email,Quality,7,4,3,Yes,"Service is okay, expecting more frequent software updates."
RSP-4766,CUST-4185,2025-06-06,Latin America,SMB,Technology,Email,Delivery,1,2,10,Yes,Billing error was not resolved on time.
RSP-4767,CUST-3352,2025-12-17,Latin America,Enterprise,Healthcare,Web,Product,7,4,3,Yes,"Product works fine, but missing key integrations."
RSP-4768,CUST-1341,2025-04-07,Europe,Mid-Market,Technology,Email,Customer Support,4,3,10,Yes,Product keeps crashing after the latest update.
RSP-4769,CUST-3515,2025-10-28,Asia-Pacific,Mid-Market,Technology,Phone,Customer Support,2,1,4,Yes,Frequent downtime impacted our business operations.
RSP-4770,CUST-2420,2025-11-25,North America,Mid-Market,Technology,Email,Delivery,8,4,3,Yes,"Acceptable response time, issue was eventually fixed."
RSP-4772,CUST-1386,2025-06-05,North America,SMB,Healthcare,In-App,Pricing,7,5,2,Yes,"Decent features for SMBs, but needs better reporting tools."
RSP-4773,CUST-2542,2025-06-30,North America,SMB,Healthcare,Email,Pricing,2,2,7,Yes,No feedback provided
RSP-4774,CUST-1429,2025-12-17,Europe,Enterprise,Manufacturing,In-App,Customer Support,10,4,1,Yes,Top-tier enterprise platform with excellent security features.
RSP-4775,CUST-5164,2025-09-26,Europe,Enterprise,Finance,Phone,Product,3,1,10,Yes,Delivery took twice as long as promised.
RSP-4776,CUST-5167,2025-07-09,North America,SMB,Technology,Phone,Customer Support,8,4,2,Yes,"Product works fine, but missing key integrations."
RSP-4777,CUST-2757,2025-02-20,Europe,Enterprise,Retail,Email,Delivery,2,3,7,Yes,Billing error was not resolved on time.
RSP-4778,CUST-2521,2025-04-24,Europe,Mid-Market,Healthcare,Email,Delivery,3,1,4,Yes,"Issue took over a week to resolve, very frustrating."
RSP-4779,CUST-1597,2025-04-15,North America,SMB,Finance,In-App,Delivery,4,2,7,Yes,Billing error was not resolved on time.
RSP-4780,CUST-2693,2025-10-20,Europe,Mid-Market,Finance,Phone,Pricing,9,5,1,Yes,Exceptional customer support! Issue resolved within an hour.
RSP-4781,CUST-1370,2025-07-15,North America,Enterprise,Healthcare,Email,Customer Support,5,2,4,No,Pricing is way too high for the features provided.
RSP-4782,CUST-1952,2025-05-29,Asia-Pacific,Mid-Market,Manufacturing,Email,Quality,7,4,2,Yes,"Product works fine, but missing key integrations."
RSP-4783,CUST-2969,2025-12-04,Latin America,Mid-Market,Technology,Phone,Product,2,3,7,Yes,"Issue took over a week to resolve, very frustrating."
RSP-4784,CUST-2450,2025-07-19,Latin America,Mid-Market,Technology,Email,Customer Support,8,3,3,Yes,"Pricing is fair, but onboarding was slightly confusing."
RSP-4785,CUST-4045,2025-07-25,Europe,SMB,Technology,Email,Customer Support,4,1,4,No,Support response was extremely slow and unhelpful.
RSP-4786,CUST-2277,2025-03-14,North America,Mid-Market,Technology,Web,Delivery,2,2,10,Yes,Frequent downtime impacted our business operations.
RSP-4787,CUST-3016,2025-11-15,North America,Mid-Market,Manufacturing,Email,Product,6,2,7,Yes,Quality has visibly degraded over the last few months.
RSP-4788,CUST-4463,2025-12-15,North America,SMB,Finance,In-App,Quality,6,1,7,Yes,Frequent downtime impacted our business operations.
RSP-4789,CUST-3537,2025-04-15,Europe,Mid-Market,Manufacturing,Email,Product,8,5,5,Yes,"Delivery was on time, product packaging was slightly damaged."
RSP-4790,CUST-4352,2025-12-20,North America,Mid-Market,Manufacturing,Phone,Customer Support,6,1,7,No,Support response was extremely slow and unhelpful.
RSP-4791,CUST-4406,2025-07-31,Middle East & Africa,SMB,Finance,Phone,Quality,0,3,7,No,Customer service agent was rude and transferred me three times.
RSP-4792,CUST-3278,2025-04-08,Asia-Pacific,Enterprise,Technology,Email,Product,7,4,3,Yes,"Service is okay, expecting more frequent software updates."
RSP-4793,CUST-3076,2025-11-04,Middle East & Africa,Mid-Market,Retail,Email,Quality,3,2,7,No,Support response was extremely slow and unhelpful.
RSP-4794,CUST-4239,2025-01-22,North America,Enterprise,Retail,Email,Product,8,3,2,Yes,No feedback provided
RSP-4795,CUST-2055,2025-12-06,North America,Mid-Market,Healthcare,Web,Pricing,1,2,14,No,Pricing is way too high for the features provided.
RSP-4796,CUST-1577,2025-11-23,Middle East & Africa,Mid-Market,Retail,Web,Delivery,6,2,4,Yes,Product keeps crashing after the latest update.
RSP-4797,CUST-1944,2025-03-23,Asia-Pacific,SMB,Healthcare,Phone,Product,7,5,4,Yes,"Service is okay, expecting more frequent software updates."
RSP-4798,CUST-1544,2025-04-04,Middle East & Africa,SMB,Technology,Email,Product,7,4,2,No,"Acceptable response time, issue was eventually fixed."
RSP-4799,CUST-2371,2025-05-12,Europe,SMB,Technology,Email,Customer Support,10,5,1,Yes,Top-tier enterprise platform with excellent security features.
RSP-4800,CUST-3333,2025-10-02,North America,SMB,Technology,Web,Customer Support,7,4,5,Yes,"Delivery was on time, product packaging was slightly damaged."
RSP-4801,CUST-3332,2025-10-19,Latin America,Mid-Market,Technology,In-App,Product,8,4,3,Yes,"Delivery was on time, product packaging was slightly damaged."
RSP-4802,CUST-1888,2025-03-03,Latin America,SMB,Healthcare,Email,Customer Support,7,5,2,Yes,"Decent features for SMBs, but needs better reporting tools."
RSP-4803,CUST-2655,2025-02-14,Asia-Pacific,SMB,Healthcare,Email,Delivery,3,1,14,Yes,Platform UI is slow and unintuitive.
RSP-4804,CUST-5079,2025-04-13,Europe,SMB,Technology,Web,Customer Support,2,3,7,No,Delivery took twice as long as promised.
RSP-4805,CUST-1292,2025-08-29,Latin America,SMB,Healthcare,Email,Product,9,3,1,Yes,Best customer service team in the industry. Kudos!
RSP-4806,CUST-1895,2025-02-27,Asia-Pacific,Mid-Market,Technology,Email,Delivery,10,5,1,Yes,Great value for money and outstanding service reliability.
RSP-4807,CUST-1311,2025-07-18,North America,SMB,Technology,Web,Delivery,2,3,5,No,Delivery took twice as long as promised.
RSP-4809,CUST-2980,2025-08-12,Europe,Mid-Market,Manufacturing,Phone,Delivery,3,2,5,Yes,Frequent downtime impacted our business operations.
RSP-4810,CUST-4038,2025-08-13,Asia-Pacific,SMB,Finance,Phone,Delivery,6,2,10,Yes,Delivery took twice as long as promised.
RSP-4811,CUST-4621,2025-11-02,Asia-Pacific,SMB,Technology,Email,Quality,7,4,2,Yes,"Product works fine, but missing key integrations."
RSP-4812,CUST-5125,2025-04-07,North America,Mid-Market,Healthcare,Web,Customer Support,10,4,1,Yes,Great value for money and outstanding service reliability.
RSP-4813,CUST-3604,2025-01-23,Europe,Mid-Market,Finance,Email,Product,7,4,4,Yes,"Product works fine, but missing key integrations."
RSP-4814,CUST-2251,2025-06-24,North America,SMB,Finance,Phone,Product,9,4,1,Yes,The team went above and beyond to help us with our migration.
RSP-4815,CUST-2437,2025-06-29,Europe,Mid-Market,Retail,Web,Pricing,7,4,3,Yes,"Service is okay, expecting more frequent software updates."
RSP-4816,CUST-2643,2025-11-26,Europe,Mid-Market,Finance,Email,Customer Support,4,1,7,Yes,Support response was extremely slow and unhelpful.
RSP-4817,CUST-4205,2025-07-14,North America,Mid-Market,Healthcare,Email,Customer Support,5,2,5,Yes,Delivery took twice as long as promised.
RSP-4818,CUST-3390,2025-09-16,Latin America,SMB,Retail,Email,Product,8,4,5,Yes,"Support resolved the issue, but communication could be better."
RSP-4819,CUST-2845,2025-04-05,Europe,Mid-Market,Retail,Email,Pricing,5,2,7,No,Pricing is way too high for the features provided.
RSP-4820,CUST-3751,2025-12-03,North America,SMB,Healthcare,Phone,Product,9,4,1,Yes,Best customer service team in the industry. Kudos!
RSP-4821,CUST-1207,2025-08-14,North America,Mid-Market,Technology,Email,Delivery,5,2,5,Yes,Product keeps crashing after the latest update.
RSP-4822,CUST-3013,2025-11-05,Europe,SMB,Technology,Web,Product,9,5,1,Yes,The team went above and beyond to help us with our migration.
RSP-4823,CUST-2319,2025-03-15,Asia-Pacific,Mid-Market,Healthcare,Email,Pricing,8,4,4,Yes,"Acceptable response time, issue was eventually fixed."
RSP-4824,CUST-1464,2025-02-27,Asia-Pacific,Mid-Market,Healthcare,Email,Pricing,8,4,3,Yes,"Support resolved the issue, but communication could be better."
RSP-4825,CUST-4358,2025-09-23,Europe,SMB,Manufacturing,Email,Customer Support,9,5,1,Yes,Exceptional customer support! Issue resolved within an hour.
RSP-4826,CUST-2391,2025-06-14,Asia-Pacific,SMB,Retail,Web,Delivery,6,3,7,Yes,"Issue took over a week to resolve, very frustrating."
RSP-4827,CUST-1314,2025-03-15,Latin America,SMB,Retail,In-App,Delivery,8,4,2,Yes,"Support resolved the issue, but communication could be better."
RSP-4828,CUST-2914,2025-01-04,Europe,Mid-Market,Manufacturing,Email,Pricing,1,1,5,No,Customer service agent was rude and transferred me three times.
RSP-4829,CUST-1028,2025-10-16,North America,SMB,Finance,Web,Product,7,5,2,Yes,"Product works fine, but missing key integrations."
RSP-4830,CUST-4174,2025-10-18,Europe,SMB,Healthcare,Email,Customer Support,10,4,1,Yes,Fantastic product! Has significantly improved our team productivity.
RSP-4831,CUST-2839,2025-11-18,North America,Mid-Market,Technology,Phone,Delivery,4,3,4,Yes,Support response was extremely slow and unhelpful.
RSP-4832,CUST-1605,2025-01-11,North America,Mid-Market,Finance,Web,Delivery,8,4,2,Yes,"Service is okay, expecting more frequent software updates."
RSP-4833,CUST-4162,2025-05-25,Europe,SMB,Healthcare,Email,Quality,3,2,4,Yes,Frequent downtime impacted our business operations.
RSP-4834,CUST-4168,2025-08-19,Europe,Mid-Market,Technology,Web,Product,8,4,4,Yes,"Pricing is fair, but onboarding was slightly confusing."
RSP-4835,CUST-5018,2025-11-10,North America,Enterprise,Retail,Email,Delivery,1,3,14,Yes,Quality has visibly degraded over the last few months.
RSP-4836,CUST-3827,2025-11-22,Europe,SMB,Healthcare,Phone,Delivery,0,2,7,Yes,Billing error was not resolved on time.
RSP-4837,CUST-4925,2025-03-20,North America,SMB,Retail,Phone,Pricing,1,2,7,Yes,Billing error was not resolved on time.
RSP-4838,CUST-3950,2025-04-25,North America,Mid-Market,Retail,Web,Customer Support,2,3,5,Yes,Delivery took twice as long as promised.
RSP-4839,CUST-3349,2025-11-23,Asia-Pacific,Enterprise,Finance,Email,Product,9,4,1,Yes,Super fast delivery and pristine quality. Highly recommended!
RSP-4840,CUST-4182,2025-05-12,Europe,Enterprise,Finance,Email,Quality,8,4,4,Yes,"Average experience, nothing exceptional to report."
RSP-4841,CUST-4015,2025-01-11,North America,Enterprise,Healthcare,In-App,Product,10,5,1,Yes,Top-tier enterprise platform with excellent security features.
RSP-4842,CUST-3456,2025-03-15,Middle East & Africa,SMB,Healthcare,Email,Delivery,6,1,10,No,Support response was extremely slow and unhelpful.
RSP-4843,CUST-4767,2025-07-30,North America,Mid-Market,Manufacturing,Email,Delivery,0,1,5,Yes,Platform UI is slow and unintuitive.
RSP-4844,CUST-2859,2025-07-25,North America,Mid-Market,Technology,Email,Quality,7,3,4,Yes,"Average experience, nothing exceptional to report."
RSP-4845,CUST-3891,2025-04-17,North America,SMB,Technology,Web,Quality,4,1,4,Yes,Customer service agent was rude and transferred me three times.
RSP-4846,CUST-4449,2025-08-02,Latin America,Mid-Market,Technology,Phone,Product,5,1,10,Yes,Billing error was not resolved on time.
RSP-4847,CUST-4705,2025-08-16,Europe,Enterprise,Finance,Email,Product,7,4,2,Yes,"Decent features for SMBs, but needs better reporting tools."
RSP-4848,CUST-4797,2025-07-06,North America,SMB,Finance,Web,Customer Support,4,2,10,No,"Issue took over a week to resolve, very frustrating."
RSP-4849,CUST-3670,2025-12-07,North America,Mid-Market,Healthcare,Web,Pricing,5,2,5,Yes,Customer service agent was rude and transferred me three times.
RSP-4850,CUST-2090,2025-09-29,North America,Enterprise,Technology,Email,Delivery,4,2,7,Yes,Pricing is way too high for the features provided.
RSP-4851,CUST-3015,2025-04-22,North America,SMB,Technology,In-App,Delivery,1,1,4,Yes,Pricing is way too high for the features provided.
RSP-4852,CUST-2594,2025-12-04,North America,Mid-Market,Technology,Web,Quality,7,4,2,Yes,"Acceptable response time, issue was eventually fixed."
RSP-4853,CUST-4795,2025-10-08,Asia-Pacific,Mid-Market,Healthcare,Email,Product,9,5,3,No,Top-tier enterprise platform with excellent security features.
RSP-4854,CUST-4070,2025-11-26,Asia-Pacific,Mid-Market,Technology,Email,Pricing,3,2,21,No,Quality has visibly degraded over the last few months.
RSP-4855,CUST-2749,2025-07-21,Europe,Enterprise,Technology,Phone,Pricing,9,4,1,Yes,Super fast delivery and pristine quality. Highly recommended!
RSP-4856,CUST-4852,2025-02-25,Europe,Enterprise,Healthcare,In-App,Pricing,5,2,5,No,Platform UI is slow and unintuitive.
RSP-4857,CUST-4705,2025-06-03,North America,Enterprise,Technology,Email,Quality,10,5,2,Yes,Top-tier enterprise platform with excellent security features.
RSP-4858,CUST-1416,2025-04-13,Europe,SMB,Healthcare,Email,Customer Support,5,1,7,Yes,Pricing is way too high for the features provided.
RSP-4859,CUST-3766,2025-10-10,Europe,Mid-Market,Technology,In-App,Quality,2,2,5,No,Delivery took twice as long as promised.
RSP-4860,CUST-4148,2025-09-22,Asia-Pacific,Enterprise,Finance,Web,Delivery,0,1,4,Yes,Customer service agent was rude and transferred me three times.
RSP-4861,CUST-2477,2025-08-15,North America,Mid-Market,Technology,Phone,Pricing,9,5,2,Yes,Exceptional customer support! Issue resolved within an hour.
RSP-4862,CUST-2691,2025-07-17,Latin America,SMB,Retail,Email,Product,8,3,5,Yes,"Average experience, nothing exceptional to report."
RSP-4863,CUST-3239,2025-12-15,Middle East & Africa,SMB,Healthcare,Email,Product,9,5,3,Yes,Super fast delivery and pristine quality. Highly recommended!
RSP-4864,CUST-4292,2025-10-22,North America,Enterprise,Technology,Web,Product,8,4,3,Yes,"Pricing is fair, but onboarding was slightly confusing."
RSP-4865,CUST-2234,2025-07-30,Europe,Mid-Market,Finance,Email,Customer Support,10,5,1,Yes,Smooth experience from purchase to setup. Very satisfied!
RSP-4866,CUST-4838,2025-05-06,Asia-Pacific,Mid-Market,Finance,Phone,Quality,4,3,7,Yes,Delivery took twice as long as promised.
RSP-4867,CUST-4986,2025-06-11,Europe,Mid-Market,Technology,Email,Delivery,4,1,4,Yes,Frequent downtime impacted our business operations.
RSP-4868,CUST-1289,2025-12-13,North America,Enterprise,Technology,Phone,Product,6,2,4,Yes,Product keeps crashing after the latest update.
RSP-4869,CUST-1535,2025-02-13,North America,SMB,Retail,In-App,Customer Support,8,5,3,Yes,"Product works fine, but missing key integrations."
RSP-4870,CUST-1071,2025-01-28,North America,Mid-Market,Technology,Web,Pricing,0,2,5,Yes,"Issue took over a week to resolve, very frustrating."
RSP-4871,CUST-1736,2025-06-10,Asia-Pacific,Enterprise,Healthcare,Email,Customer Support,7,5,4,Yes,"Acceptable response time, issue was eventually fixed."
RSP-4872,CUST-2663,2025-03-19,North America,SMB,Finance,Phone,Customer Support,7,4,4,Yes,"Pricing is fair, but onboarding was slightly confusing."
RSP-4873,CUST-3519,2025-02-03,Middle East & Africa,Enterprise,Healthcare,Email,Customer Support,7,3,5,Yes,"Acceptable response time, issue was eventually fixed."
RSP-4874,CUST-3584,2025-10-26,Europe,Mid-Market,Technology,Email,Delivery,4,3,4,Yes,Billing error was not resolved on time.
RSP-4875,CUST-4891,2025-06-23,North America,Mid-Market,Healthcare,Email,Customer Support,6,3,7,Yes,Delivery took twice as long as promised.
RSP-4876,CUST-3373,2025-06-05,North America,Enterprise,Technology,Web,Quality,2,1,5,Yes,Product keeps crashing after the latest update.
RSP-4877,CUST-2309,2025-03-19,North America,SMB,Finance,In-App,Product,8,4,4,Yes,"Average experience, nothing exceptional to report."
RSP-4878,CUST-4401,2025-03-02,Middle East & Africa,SMB,Technology,Phone,Delivery,8,4,2,Yes,"Decent features for SMBs, but needs better reporting tools."
RSP-4879,CUST-2296,2025-10-15,North America,Enterprise,Technology,Phone,Customer Support,7,4,2,Yes,"Service is okay, expecting more frequent software updates."
RSP-4880,CUST-3303,2025-12-20,Asia-Pacific,Mid-Market,Technology,Email,Customer Support,9,5,1,Yes,Great value for money and outstanding service reliability.
RSP-4881,CUST-1928,2025-12-06,North America,Mid-Market,Technology,In-App,Customer Support,8,4,3,Yes,"Average experience, nothing exceptional to report."
RSP-4882,CUST-4644,2025-02-19,Asia-Pacific,Mid-Market,Finance,Email,Product,8,4,2,Yes,"Product works fine, but missing key integrations."
RSP-4883,CUST-2110,2025-07-15,Europe,Enterprise,Healthcare,Phone,Delivery,8,3,4,Yes,"Service is okay, expecting more frequent software updates."
RSP-4884,CUST-4107,2025-09-02,Europe,SMB,Finance,In-App,Delivery,4,2,4,No,Delivery took twice as long as promised.
RSP-4885,CUST-1163,2025-10-28,Europe,Mid-Market,Manufacturing,In-App,Product,9,5,1,No,Smooth experience from purchase to setup. Very satisfied!
RSP-4886,CUST-4612,2025-10-27,Asia-Pacific,Mid-Market,Healthcare,Phone,Customer Support,5,2,5,Yes,Frequent downtime impacted our business operations.
RSP-4887,CUST-2489,2025-08-18,Asia-Pacific,Enterprise,Finance,Email,Delivery,5,2,10,Yes,Support response was extremely slow and unhelpful.
RSP-4888,CUST-5028,2025-12-10,North America,Mid-Market,Healthcare,Email,Product,3,1,7,Yes,Frequent downtime impacted our business operations.
RSP-4889,CUST-3816,2025-06-23,Europe,Mid-Market,Manufacturing,Phone,Delivery,0,2,7,Yes,Product keeps crashing after the latest update.
RSP-4890,CUST-4030,2025-02-05,Latin America,SMB,Retail,Email,Delivery,3,2,5,No,Delivery took twice as long as promised.
RSP-4891,CUST-2105,2025-11-16,North America,Enterprise,Technology,Email,Product,5,1,10,Yes,Quality has visibly degraded over the last few months.
RSP-4892,CUST-4224,2025-03-18,North America,Mid-Market,Manufacturing,Phone,Pricing,5,3,5,Yes,Product keeps crashing after the latest update.
RSP-4893,CUST-2614,2025-11-21,Asia-Pacific,SMB,Retail,Phone,Product,7,3,3,Yes,"Acceptable response time, issue was eventually fixed."
RSP-4894,CUST-3394,2025-12-31,North America,SMB,Technology,Email,Product,6,1,5,No,Product keeps crashing after the latest update.
RSP-4895,CUST-3905,2025-11-05,Europe,Enterprise,Healthcare,Email,Product,6,1,10,No,Billing error was not resolved on time.
RSP-4896,CUST-1130,2025-11-15,North America,Mid-Market,Healthcare,Email,Delivery,5,1,7,No,Frequent downtime impacted our business operations.
RSP-4897,CUST-4422,2025-03-28,Asia-Pacific,Enterprise,Technology,Email,Pricing,7,4,3,Yes,"Acceptable response time, issue was eventually fixed."
RSP-4898,CUST-3070,2025-04-09,North America,SMB,Retail,Email,Delivery,7,3,4,Yes,"Delivery was on time, product packaging was slightly damaged."
RSP-4899,CUST-1192,2025-09-08,Europe,Mid-Market,Finance,Email,Pricing,10,5,1,Yes,Smooth experience from purchase to setup. Very satisfied!
RSP-4900,CUST-2367,2025-01-27,Europe,SMB,Technology,Email,Pricing,2,2,5,No,Pricing is way too high for the features provided.
RSP-4901,CUST-3511,2025-05-15,Asia-Pacific,SMB,Manufacturing,Email,Delivery,6,2,5,No,Billing error was not resolved on time.
RSP-4902,CUST-4546,2025-06-22,North America,SMB,Healthcare,Phone,Delivery,1,1,5,Yes,Support response was extremely slow and unhelpful.
RSP-4903,CUST-3235,2025-12-03,Asia-Pacific,Mid-Market,Healthcare,In-App,Customer Support,0,2,21,No,Billing error was not resolved on time.
RSP-4904,CUST-1657,2025-06-20,Asia-Pacific,Mid-Market,Technology,Phone,Customer Support,6,1,5,Yes,Platform UI is slow and unintuitive.
RSP-4905,CUST-1257,2025-03-08,North America,Mid-Market,Retail,Email,Pricing,4,1,4,Yes,Frequent downtime impacted our business operations.
RSP-4906,CUST-1087,2025-10-21,North America,SMB,Finance,In-App,Customer Support,7,4,3,Yes,"Product works fine, but missing key integrations."
RSP-4907,CUST-3479,2025-07-14,North America,SMB,Finance,Web,Customer Support,6,2,5,Yes,Pricing is way too high for the features provided.
RSP-4908,CUST-4851,2025-07-14,Europe,Enterprise,Healthcare,Email,Product,9,5,1,Yes,Top-tier enterprise platform with excellent security features.
RSP-4909,CUST-1294,2025-12-22,Asia-Pacific,Enterprise,Healthcare,Phone,Quality,7,3,3,Yes,"Delivery was on time, product packaging was slightly damaged."
RSP-4910,CUST-4073,2025-06-21,North America,SMB,Technology,Email,Product,9,5,1,Yes,Smooth experience from purchase to setup. Very satisfied!
RSP-4911,CUST-5199,2025-08-06,North America,Mid-Market,Technology,In-App,Customer Support,9,4,1,Yes,Top-tier enterprise platform with excellent security features.
RSP-4912,CUST-3802,2025-03-09,North America,Mid-Market,Retail,Email,Customer Support,7,4,2,Yes,"Acceptable response time, issue was eventually fixed."
RSP-4913,CUST-3142,2025-10-10,Europe,SMB,Manufacturing,Email,Product,8,4,4,Yes,"Pricing is fair, but onboarding was slightly confusing."
RSP-4914,CUST-5004,2025-05-25,Europe,Mid-Market,Technology,Web,Delivery,8,3,3,No,"Delivery was on time, product packaging was slightly damaged."
RSP-4915,CUST-1682,2025-08-19,Europe,SMB,Finance,In-App,Delivery,0,2,10,Yes,Product keeps crashing after the latest update.
RSP-4916,CUST-3610,2025-09-18,Europe,SMB,Technology,Phone,Product,4,1,10,No,Product keeps crashing after the latest update.
RSP-4917,CUST-1188,2025-03-07,Middle East & Africa,Enterprise,Healthcare,Email,Product,6,1,5,Yes,Product keeps crashing after the latest update.
RSP-4918,CUST-2990,2025-02-08,Europe,SMB,Finance,Web,Quality,5,2,10,Yes,Delivery took twice as long as promised.
RSP-4919,CUST-4058,2025-02-03,Latin America,Mid-Market,Technology,Phone,Customer Support,8,3,3,Yes,"Average experience, nothing exceptional to report."
RSP-4920,CUST-2941,2025-02-14,Middle East & Africa,SMB,Finance,Email,Delivery,3,2,4,Yes,Product keeps crashing after the latest update.
RSP-4921,CUST-1079,2025-01-07,North America,Mid-Market,Technology,Email,Customer Support,8,4,3,Yes,"Acceptable response time, issue was eventually fixed."
RSP-4922,CUST-1576,2025-03-21,North America,Mid-Market,Healthcare,In-App,Customer Support,7,3,3,Yes,"Service is okay, expecting more frequent software updates."
RSP-4923,CUST-3710,2025-12-07,Asia-Pacific,Mid-Market,Technology,Email,Product,7,4,3,Yes,"Support resolved the issue, but communication could be better."
RSP-4924,CUST-1999,2025-01-29,North America,Mid-Market,Retail,Phone,Customer Support,8,4,2,Yes,"Average experience, nothing exceptional to report."
RSP-4925,CUST-2634,2025-02-11,North America,SMB,Technology,In-App,Quality,8,4,2,Yes,"Average experience, nothing exceptional to report."
RSP-4926,CUST-1751,2025-02-16,Latin America,Enterprise,Technology,Email,Customer Support,3,2,10,Yes,Support response was extremely slow and unhelpful.
RSP-4927,CUST-4546,2025-12-18,Asia-Pacific,Enterprise,Technology,Email,Quality,9,5,1,Yes,Great value for money and outstanding service reliability.
RSP-4928,CUST-2722,2025-01-26,Europe,Enterprise,Finance,Web,Product,2,1,7,Yes,Product keeps crashing after the latest update.
RSP-4929,CUST-4169,2025-06-14,Asia-Pacific,SMB,Finance,Email,Pricing,5,2,21,No,Platform UI is slow and unintuitive.
RSP-4930,CUST-2578,2025-09-01,Europe,Mid-Market,Technology,In-App,Quality,5,2,10,Yes,Pricing is way too high for the features provided.
RSP-4931,CUST-5057,2025-11-06,Europe,Mid-Market,Retail,Email,Customer Support,6,1,4,No,Delivery took twice as long as promised.
RSP-4932,CUST-4843,2025-05-28,North America,Mid-Market,Healthcare,Web,Delivery,3,1,5,Yes,Frequent downtime impacted our business operations.
RSP-4933,CUST-1501,2025-08-15,Asia-Pacific,Enterprise,Finance,Email,Product,8,4,3,No,"Average experience, nothing exceptional to report."
RSP-4934,CUST-5158,2025-01-04,North America,Mid-Market,Manufacturing,Email,Delivery,1,2,7,No,Product keeps crashing after the latest update.
RSP-4935,CUST-2440,2025-04-12,Europe,SMB,Technology,In-App,Product,3,3,10,No,Quality has visibly degraded over the last few months.
RSP-4936,CUST-2178,2025-10-05,North America,SMB,Finance,Web,Pricing,2,2,10,Yes,Frequent downtime impacted our business operations.
RSP-4937,CUST-2551,2025-12-25,North America,Enterprise,Finance,Email,Product,7,3,2,Yes,"Support resolved the issue, but communication could be better."
RSP-4938,CUST-1620,2025-04-07,Latin America,Enterprise,Retail,Web,Customer Support,5,3,7,Yes,Delivery took twice as long as promised.
RSP-4939,CUST-3632,2025-04-27,Europe,Enterprise,Healthcare,Phone,Delivery,6,3,5,Yes,Delivery took twice as long as promised.
RSP-4940,CUST-4233,2025-11-22,Asia-Pacific,Mid-Market,Healthcare,Web,Quality,7,3,3,Yes,"Delivery was on time, product packaging was slightly damaged."
RSP-4941,CUST-4377,2025-09-17,Europe,Mid-Market,Healthcare,Phone,Product,10,5,2,Yes,The team went above and beyond to help us with our migration.
RSP-4942,CUST-2787,2025-08-07,North America,SMB,Finance,Phone,Product,8,5,2,Yes,"Delivery was on time, product packaging was slightly damaged."
RSP-4943,CUST-3824,2025-05-04,Europe,Mid-Market,Technology,Web,Product,10,4,1,Yes,Exceptional customer support! Issue resolved within an hour.
RSP-4944,CUST-3061,2025-05-25,Latin America,SMB,Technology,Phone,Product,4,1,4,No,Delivery took twice as long as promised.
RSP-4945,CUST-1529,2025-02-01,North America,Mid-Market,Finance,Email,Pricing,3,3,14,No,Product keeps crashing after the latest update.
RSP-4946,CUST-5046,2025-06-26,Asia-Pacific,Mid-Market,Technology,Phone,Delivery,8,4,2,Yes,"Product works fine, but missing key integrations."
RSP-4947,CUST-4523,2025-02-10,North America,Mid-Market,Technology,Phone,Customer Support,4,2,7,Yes,Billing error was not resolved on time.
RSP-4948,CUST-1098,2025-12-12,Middle East & Africa,Enterprise,Healthcare,In-App,Delivery,4,2,7,Yes,Product keeps crashing after the latest update.
RSP-4949,CUST-3608,2025-10-29,Europe,Mid-Market,Finance,Phone,Customer Support,9,5,1,Yes,Smooth experience from purchase to setup. Very satisfied!
RSP-4950,CUST-1539,2025-10-19,North America,Mid-Market,Finance,Email,Quality,6,1,5,Yes,Quality has visibly degraded over the last few months.
RSP-4951,CUST-3613,2025-08-19,North America,SMB,Healthcare,In-App,Product,9,5,1,Yes,Smooth experience from purchase to setup. Very satisfied!
RSP-4952,CUST-4935,2025-07-09,Europe,SMB,Finance,Phone,Customer Support,1,1,4,Yes,Billing error was not resolved on time.
RSP-4953,CUST-3459,2025-09-08,Asia-Pacific,Mid-Market,Manufacturing,Email,Delivery,7,3,2,Yes,"Acceptable response time, issue was eventually fixed."
RSP-4954,CUST-2558,2025-04-27,North America,SMB,Healthcare,Web,Quality,2,2,5,Yes,Frequent downtime impacted our business operations.
RSP-4955,CUST-2397,2025-01-22,Latin America,Mid-Market,Technology,Email,Product,7,4,3,No,"Acceptable response time, issue was eventually fixed."
RSP-4956,CUST-4356,2025-08-27,North America,Enterprise,Technology,Web,Customer Support,10,5,1,Yes,Best customer service team in the industry. Kudos!
RSP-4957,CUST-3657,2025-07-26,Europe,Mid-Market,Technology,Phone,Quality,8,4,4,Yes,"Service is okay, expecting more frequent software updates."
RSP-4958,CUST-4804,2025-08-20,North America,Enterprise,Technology,In-App,Product,9,5,1,Yes,Super fast delivery and pristine quality. Highly recommended!
RSP-4959,CUST-2163,2025-07-17,Europe,Mid-Market,Manufacturing,Email,Product,8,4,3,No,"Decent features for SMBs, but needs better reporting tools."
RSP-4960,CUST-1200,2025-03-13,Asia-Pacific,SMB,Healthcare,Email,Customer Support,9,5,2,Yes,Smooth experience from purchase to setup. Very satisfied!
RSP-4961,CUST-4124,2025-11-20,Europe,Enterprise,Healthcare,In-App,Product,8,4,2,Yes,"Average experience, nothing exceptional to report."
RSP-4962,CUST-4272,2025-07-07,North America,SMB,Finance,Web,Product,1,3,5,Yes,Support response was extremely slow and unhelpful.
RSP-4963,CUST-4558,2025-12-05,North America,Mid-Market,Technology,Phone,Customer Support,8,5,2,Yes,"Average experience, nothing exceptional to report."
RSP-4964,CUST-2237,2025-10-31,North America,SMB,Manufacturing,Email,Delivery,2,3,7,No,Delivery took twice as long as promised.
RSP-4965,CUST-2777,2025-02-18,North America,Mid-Market,Finance,In-App,Delivery,3,3,4,Yes,Support response was extremely slow and unhelpful.
RSP-4966,CUST-4205,2025-08-30,Europe,Enterprise,Healthcare,Web,Delivery,3,2,21,No,Delivery took twice as long as promised.
RSP-4967,CUST-3219,2025-06-22,Asia-Pacific,SMB,Retail,In-App,Customer Support,9,5,3,Yes,Great value for money and outstanding service reliability.
RSP-4968,CUST-1177,2025-09-12,Asia-Pacific,Enterprise,Manufacturing,Phone,Product,9,5,1,Yes,Top-tier enterprise platform with excellent security features.
RSP-4969,CUST-2296,2025-06-05,North America,Enterprise,Finance,Web,Delivery,6,2,5,No,Platform UI is slow and unintuitive.
RSP-4970,CUST-3274,2025-04-27,North America,Mid-Market,Technology,In-App,Product,8,3,3,Yes,"Pricing is fair, but onboarding was slightly confusing."
RSP-4971,CUST-4985,2025-11-07,North America,Mid-Market,Technology,Web,Product,9,5,1,Yes,Best customer service team in the industry. Kudos!
RSP-4972,CUST-4545,2025-08-11,Latin America,Mid-Market,Technology,Web,Quality,5,2,5,Yes,Delivery took twice as long as promised.
RSP-4973,CUST-4992,2025-12-07,North America,SMB,Healthcare,Email,Delivery,4,1,7,Yes,Support response was extremely slow and unhelpful.
RSP-4974,CUST-3894,2025-02-24,Asia-Pacific,Enterprise,Finance,Phone,Quality,9,5,1,Yes,Fantastic product! Has significantly improved our team productivity.
RSP-4975,CUST-3648,2025-12-28,North America,SMB,Technology,Email,Product,7,5,2,Yes,"Service is okay, expecting more frequent software updates."
RSP-4976,CUST-3370,2025-03-14,Europe,Mid-Market,Finance,Phone,Delivery,8,3,2,No,"Pricing is fair, but onboarding was slightly confusing."
RSP-4977,CUST-5048,2025-04-21,Asia-Pacific,SMB,Finance,Email,Customer Support,2,2,7,No,Customer service agent was rude and transferred me three times.
RSP-4978,CUST-5018,2025-01-07,Europe,Enterprise,Healthcare,Email,Customer Support,8,4,5,No,"Delivery was on time, product packaging was slightly damaged."
RSP-4979,CUST-2299,2025-06-23,Middle East & Africa,Enterprise,Finance,In-App,Customer Support,5,2,14,No,Quality has visibly degraded over the last few months.
RSP-4980,CUST-4514,2025-11-10,North America,Enterprise,Finance,Phone,Customer Support,3,1,5,Yes,Product keeps crashing after the latest update.
RSP-4981,CUST-2060,2025-09-29,Europe,Mid-Market,Finance,Web,Product,10,5,1,Yes,The team went above and beyond to help us with our migration.
RSP-4982,CUST-3794,2025-07-11,North America,Mid-Market,Technology,Phone,Delivery,6,1,4,Yes,Delivery took twice as long as promised.
RSP-4983,CUST-4027,2025-10-17,North America,SMB,Finance,Email,Product,4,2,21,Yes,Billing error was not resolved on time.
RSP-4984,CUST-1517,2025-01-10,Asia-Pacific,SMB,Technology,In-App,Delivery,10,5,1,No,Best customer service team in the industry. Kudos!
RSP-4985,CUST-4031,2025-08-02,North America,SMB,Technology,Web,Delivery,10,4,1,Yes,Great value for money and outstanding service reliability.
RSP-4986,CUST-2715,2025-06-17,Middle East & Africa,Mid-Market,Healthcare,Phone,Product,9,4,2,Yes,Great value for money and outstanding service reliability.
RSP-4987,CUST-3560,2025-11-21,North America,Mid-Market,Retail,Phone,Product,1,2,5,No,Billing error was not resolved on time.
RSP-4988,CUST-3298,2025-10-12,Europe,Mid-Market,Finance,Phone,Pricing,4,1,7,Yes,"Issue took over a week to resolve, very frustrating."
RSP-4989,CUST-3712,2025-12-24,Asia-Pacific,SMB,Healthcare,Email,Delivery,9,5,3,Yes,Great value for money and outstanding service reliability.
RSP-4990,CUST-2041,2025-06-14,Europe,Mid-Market,Healthcare,Email,Product,7,4,2,Yes,"Pricing is fair, but onboarding was slightly confusing."
RSP-4991,CUST-2941,2025-05-08,Asia-Pacific,Mid-Market,Finance,Email,Quality,3,1,7,No,Billing error was not resolved on time.
RSP-4992,CUST-4848,2025-01-10,North America,Enterprise,Manufacturing,Email,Product,10,5,1,Yes,Smooth experience from purchase to setup. Very satisfied!
RSP-4993,CUST-5185,2025-02-18,Europe,Enterprise,Finance,Phone,Customer Support,10,4,1,Yes,Top-tier enterprise platform with excellent security features.
RSP-4994,CUST-2215,2025-11-16,North America,Mid-Market,Finance,Web,Quality,7,4,3,Yes,"Acceptable response time, issue was eventually fixed."
RSP-4995,CUST-1666,2025-09-28,North America,Mid-Market,Finance,Phone,Pricing,3,1,7,Yes,Billing error was not resolved on time.
RSP-4996,CUST-4790,2025-11-05,North America,Mid-Market,Technology,Web,Quality,4,1,5,Yes,Quality has visibly degraded over the last few months.
RSP-4997,CUST-1548,2025-08-19,North America,Enterprise,Healthcare,Email,Customer Support,7,4,5,Yes,"Decent features for SMBs, but needs better reporting tools."
RSP-4998,CUST-2582,2025-05-22,North America,Enterprise,Technology,Email,Customer Support,8,3,4,Yes,"Average experience, nothing exceptional to report."
RSP-4999,CUST-3980,2025-01-31,North America,Mid-Market,Technology,Web,Pricing,8,3,3,Yes,"Service is okay, expecting more frequent software updates."
RSP-5000,CUST-3020,2025-04-25,Middle East & Africa,SMB,Technology,In-App,Product,6,1,5,No,Support response was extremely slow and unhelpful.
RSP-5001,CUST-3680,2025-07-02,North America,SMB,Manufacturing,Web,Delivery,6,2,10,Yes,Frequent downtime impacted our business operations.
RSP-5002,CUST-4953,2025-10-15,Europe,SMB,Finance,In-App,Product,7,4,3,Yes,"Average experience, nothing exceptional to report."
RSP-5003,CUST-3234,2025-06-13,North America,SMB,Manufacturing,Email,Product,5,2,10,Yes,Billing error was not resolved on time.
RSP-5004,CUST-3573,2025-11-06,Europe,Enterprise,Manufacturing,In-App,Pricing,1,2,4,Yes,Platform UI is slow and unintuitive.
RSP-5005,CUST-2638,2025-11-27,North America,SMB,Finance,Phone,Quality,6,1,7,No,Pricing is way too high for the features provided.
RSP-5006,CUST-1986,2025-06-01,Europe,Mid-Market,Manufacturing,Phone,Pricing,1,2,5,Yes,Support response was extremely slow and unhelpful.
RSP-5007,CUST-2596,2025-09-26,North America,Enterprise,Technology,Email,Product,9,5,1,Yes,The team went above and beyond to help us with our migration.
RSP-5008,CUST-3033,2025-07-12,North America,SMB,Retail,Web,Delivery,1,1,7,No,Customer service agent was rude and transferred me three times.
RSP-5009,CUST-1089,2025-06-02,Latin America,Mid-Market,Technology,Email,Quality,4,2,14,No,Quality has visibly degraded over the last few months.
RSP-5010,CUST-2673,2025-03-15,North America,Enterprise,Retail,Phone,Customer Support,4,3,10,No,Quality has visibly degraded over the last few months.
RSP-5011,CUST-1207,2025-01-15,North America,Mid-Market,Technology,In-App,Product,3,1,10,No,Customer service agent was rude and transferred me three times.
RSP-5012,CUST-1644,2025-07-08,Asia-Pacific,Mid-Market,Manufacturing,Email,Quality,6,2,4,Yes,Billing error was not resolved on time.
RSP-5013,CUST-2209,2025-08-17,North America,Enterprise,Healthcare,Email,Product,10,5,3,Yes,Top-tier enterprise platform with excellent security features.
RSP-5014,CUST-2285,2025-11-01,Asia-Pacific,SMB,Finance,Email,Product,5,2,7,Yes,Billing error was not resolved on time.
RSP-5015,CUST-3573,2025-02-25,North America,Mid-Market,Finance,Phone,Delivery,3,2,21,No,Quality has visibly degraded over the last few months.
RSP-5016,CUST-4735,2025-05-22,North America,Mid-Market,Technology,Phone,Customer Support,5,2,7,No,Pricing is way too high for the features provided.
RSP-5017,CUST-4713,2025-05-26,North America,Enterprise,Finance,Web,Customer Support,10,5,1,Yes,Super fast delivery and pristine quality. Highly recommended!
RSP-5018,CUST-2052,2025-06-15,Europe,Mid-Market,Finance,Phone,Delivery,3,1,4,No,Support response was extremely slow and unhelpful.
RSP-5019,CUST-2015,2025-01-27,North America,Enterprise,Finance,Web,Customer Support,7,5,3,Yes,"Acceptable response time, issue was eventually fixed."
RSP-5020,CUST-4908,2025-07-08,Asia-Pacific,Enterprise,Retail,Phone,Pricing,2,3,7,Yes,Delivery took twice as long as promised.
RSP-5021,CUST-3582,2025-07-12,Europe,SMB,Healthcare,Phone,Quality,4,1,10,Yes,Platform UI is slow and unintuitive.
RSP-5022,CUST-1208,2025-11-18,Asia-Pacific,Mid-Market,Healthcare,Email,Quality,9,5,1,Yes,Top-tier enterprise platform with excellent security features.
RSP-5023,CUST-3653,2025-07-22,Asia-Pacific,Mid-Market,Technology,Web,Quality,1,2,14,No,Delivery took twice as long as promised.
RSP-5024,CUST-3675,2025-11-10,North America,Mid-Market,Manufacturing,Email,Customer Support,8,4,3,No,"Product works fine, but missing key integrations."
RSP-5025,CUST-3317,2025-06-15,North America,Mid-Market,Healthcare,Email,Product,10,5,1,Yes,Exceptional customer support! Issue resolved within an hour.
RSP-5026,CUST-5191,2025-01-29,North America,SMB,Technology,Web,Product,10,5,1,Yes,Super fast delivery and pristine quality. Highly recommended!
RSP-5027,CUST-5068,2025-02-02,North America,SMB,Technology,Phone,Product,10,5,1,Yes,Fantastic product! Has significantly improved our team productivity.
RSP-5028,CUST-2146,2025-03-19,Middle East & Africa,Mid-Market,Healthcare,Email,Product,5,2,10,No,Product keeps crashing after the latest update.
RSP-5029,CUST-2338,2025-05-01,Asia-Pacific,Enterprise,Retail,Phone,Delivery,5,1,4,Yes,Product keeps crashing after the latest update.
RSP-5030,CUST-3951,2025-07-02,North America,Mid-Market,Healthcare,In-App,Pricing,10,5,3,Yes,Smooth experience from purchase to setup. Very satisfied!
RSP-5031,CUST-1664,2025-07-31,Middle East & Africa,Mid-Market,Retail,Email,Customer Support,10,5,1,Yes,Smooth experience from purchase to setup. Very satisfied!
RSP-5032,CUST-1569,2025-09-10,Asia-Pacific,SMB,Healthcare,Email,Pricing,7,4,4,Yes,"Decent features for SMBs, but needs better reporting tools."
RSP-5033,CUST-1509,2025-09-26,North America,SMB,Retail,Email,Product,4,3,14,Yes,Customer service agent was rude and transferred me three times.
RSP-5034,CUST-4243,2025-12-22,North America,Mid-Market,Retail,Email,Delivery,7,3,2,Yes,"Average experience, nothing exceptional to report."
RSP-5035,CUST-1732,2025-04-17,Europe,SMB,Healthcare,Email,Delivery,1,1,7,No,Billing error was not resolved on time.
RSP-5036,CUST-2303,2025-03-01,Asia-Pacific,SMB,Finance,In-App,Customer Support,8,4,2,Yes,"Delivery was on time, product packaging was slightly damaged."
RSP-5037,CUST-2862,2025-05-03,Latin America,Mid-Market,Technology,Phone,Delivery,9,4,2,Yes,No feedback provided
RSP-5038,CUST-1198,2025-01-27,Middle East & Africa,Mid-Market,Retail,Email,Product,7,4,3,Yes,"Pricing is fair, but onboarding was slightly confusing."
RSP-5039,CUST-4921,2025-01-22,Europe,Mid-Market,Healthcare,Email,Pricing,5,1,7,Yes,Support response was extremely slow and unhelpful.
RSP-5040,CUST-2794,2025-04-30,Europe,Mid-Market,Retail,In-App,Product,0,1,7,Yes,Delivery took twice as long as promised.
RSP-5041,CUST-2127,2025-09-14,Asia-Pacific,Mid-Market,Finance,Phone,Pricing,0,2,7,Yes,"Issue took over a week to resolve, very frustrating."
RSP-5042,CUST-3645,2025-07-18,Europe,Enterprise,Finance,Web,Product,7,3,3,Yes,"Decent features for SMBs, but needs better reporting tools."
RSP-5043,CUST-1157,2025-09-19,Europe,Mid-Market,Technology,Web,Delivery,0,2,5,No,Quality has visibly degraded over the last few months.
RSP-5044,CUST-5032,2025-01-13,North America,Mid-Market,Technology,Web,Customer Support,9,5,1,Yes,Top-tier enterprise platform with excellent security features.
RSP-5045,CUST-1556,2025-01-21,Middle East & Africa,Mid-Market,Finance,In-App,Product,9,5,1,Yes,Great value for money and outstanding service reliability.
RSP-5046,CUST-1294,2025-04-17,Asia-Pacific,Mid-Market,Technology,Email,Product,10,5,3,Yes,Great value for money and outstanding service reliability.
RSP-5047,CUST-5026,2025-01-04,Asia-Pacific,Mid-Market,Technology,Phone,Delivery,5,1,21,Yes,"Issue took over a week to resolve, very frustrating."
RSP-5048,CUST-1660,2025-10-25,North America,Mid-Market,Technology,Email,Product,2,1,5,Yes,"Issue took over a week to resolve, very frustrating."
RSP-5049,CUST-5170,2025-03-26,Europe,Mid-Market,Finance,Email,Product,10,5,1,Yes,Top-tier enterprise platform with excellent security features.
RSP-5050,CUST-2743,2025-03-19,Asia-Pacific,Enterprise,Manufacturing,Email,Pricing,1,1,7,Yes,Platform UI is slow and unintuitive.
RSP-5051,CUST-1060,2025-11-18,North America,SMB,Technology,In-App,Delivery,8,4,3,Yes,"Delivery was on time, product packaging was slightly damaged."
RSP-5052,CUST-3176,2025-10-12,Europe,Mid-Market,Technology,Email,Product,6,2,5,Yes,"Issue took over a week to resolve, very frustrating."
RSP-5053,CUST-5185,2025-07-18,Latin America,Mid-Market,Manufacturing,In-App,Product,10,4,3,Yes,Super fast delivery and pristine quality. Highly recommended!
RSP-5054,CUST-2651,2025-11-08,Europe,SMB,Retail,Phone,Delivery,1,3,4,No,Quality has visibly degraded over the last few months.
RSP-5055,CUST-3740,2025-04-11,Europe,Mid-Market,Finance,Web,Pricing,2,3,21,No,"Issue took over a week to resolve, very frustrating."
RSP-5056,CUST-3132,2025-07-21,Latin America,Mid-Market,Technology,Phone,Customer Support,10,5,2,Yes,Fantastic product! Has significantly improved our team productivity.
RSP-5057,CUST-3337,2025-08-20,North America,Enterprise,Finance,Email,Product,8,4,3,No,"Product works fine, but missing key integrations."
RSP-5058,CUST-4649,2025-11-05,North America,Mid-Market,Finance,Web,Customer Support,0,2,10,Yes,Platform UI is slow and unintuitive.
RSP-5059,CUST-4323,2025-04-15,North America,Mid-Market,Technology,Email,Product,5,1,4,Yes,Delivery took twice as long as promised.
RSP-5060,CUST-1923,2025-01-22,Asia-Pacific,Enterprise,Finance,Web,Product,5,2,5,Yes,Customer service agent was rude and transferred me three times.
RSP-5061,CUST-1874,2025-04-16,Asia-Pacific,Enterprise,Finance,In-App,Product,2,2,21,Yes,Pricing is way too high for the features provided.
RSP-5062,CUST-3446,2025-12-20,North America,Enterprise,Healthcare,Email,Delivery,5,3,10,No,Pricing is way too high for the features provided.
RSP-5063,CUST-3485,2025-07-04,North America,Enterprise,Finance,Phone,Delivery,1,2,4,Yes,Billing error was not resolved on time.
RSP-5064,CUST-1445,2025-11-28,North America,SMB,Technology,In-App,Quality,8,5,2,Yes,"Pricing is fair, but onboarding was slightly confusing."
RSP-5065,CUST-3067,2025-04-22,Asia-Pacific,Enterprise,Finance,Email,Delivery,9,5,1,Yes,Exceptional customer support! Issue resolved within an hour.
RSP-5066,CUST-3538,2025-01-07,North America,SMB,Manufacturing,Web,Customer Support,9,5,1,Yes,Great value for money and outstanding service reliability.
RSP-5067,CUST-2482,2025-06-20,North America,SMB,Finance,Phone,Customer Support,9,5,1,Yes,Great value for money and outstanding service reliability.
RSP-5068,CUST-5092,2025-07-18,North America,Mid-Market,Unknown,Web,Product,6,2,4,No,"Issue took over a week to resolve, very frustrating."
RSP-5069,CUST-4750,2025-07-20,Latin America,Mid-Market,Finance,Web,Product,8,4,2,Yes,"Average experience, nothing exceptional to report."
RSP-5070,CUST-5027,2025-09-03,Europe,SMB,Retail,Phone,Delivery,6,2,5,Yes,Platform UI is slow and unintuitive.
RSP-5071,CUST-3337,2025-12-08,Europe,Mid-Market,Finance,Phone,Product,4,3,5,Yes,Pricing is way too high for the features provided.
RSP-5072,CUST-1636,2025-11-12,Asia-Pacific,Mid-Market,Finance,Phone,Pricing,1,2,7,Yes,Product keeps crashing after the latest update.
RSP-5073,CUST-1002,2025-01-16,Europe,SMB,Healthcare,Web,Customer Support,9,5,1,Yes,Exceptional customer support! Issue resolved within an hour.
RSP-5074,CUST-1091,2025-05-21,Asia-Pacific,Mid-Market,Finance,Email,Quality,5,2,5,No,Support response was extremely slow and unhelpful.
RSP-5075,CUST-3485,2025-08-16,Middle East & Africa,SMB,Finance,Phone,Delivery,2,1,5,No,Customer service agent was rude and transferred me three times.
RSP-5076,CUST-2306,2025-02-19,Europe,Mid-Market,Manufacturing,Phone,Product,7,4,4,Yes,"Product works fine, but missing key integrations."
RSP-5077,CUST-4015,2025-04-21,Asia-Pacific,SMB,Technology,Email,Customer Support,7,4,3,Yes,"Pricing is fair, but onboarding was slightly confusing."
RSP-5078,CUST-4466,2025-07-10,Latin America,Mid-Market,Technology,In-App,Product,3,3,5,Yes,Product keeps crashing after the latest update.
RSP-5079,CUST-3293,2025-08-02,Europe,Enterprise,Finance,Phone,Customer Support,6,3,5,Yes,Support response was extremely slow and unhelpful.
RSP-5080,CUST-3436,2025-01-18,Latin America,Mid-Market,Technology,Email,Pricing,7,5,3,Yes,"Support resolved the issue, but communication could be better."
RSP-5081,CUST-3474,2025-03-14,North America,SMB,Healthcare,Email,Customer Support,3,1,7,Yes,Quality has visibly degraded over the last few months.
RSP-5082,CUST-4743,2025-04-15,North America,Mid-Market,Finance,Email,Product,10,4,1,Yes,Fantastic product! Has significantly improved our team productivity.
RSP-5083,CUST-1248,2025-09-01,North America,Mid-Market,Retail,Phone,Quality,9,4,1,Yes,Super fast delivery and pristine quality. Highly recommended!
RSP-5084,CUST-1117,2025-02-27,North America,SMB,Finance,Phone,Product,0,1,4,No,Product keeps crashing after the latest update.
RSP-5085,CUST-2923,2025-08-22,North America,Mid-Market,Technology,Web,Quality,9,5,1,Yes,The team went above and beyond to help us with our migration.
RSP-5086,CUST-3212,2025-01-12,Europe,SMB,Finance,Phone,Quality,7,4,2,Yes,"Service is okay, expecting more frequent software updates."
RSP-5087,CUST-1518,2025-12-21,Asia-Pacific,SMB,Healthcare,Phone,Delivery,4,1,10,Yes,Delivery took twice as long as promised.
RSP-5088,CUST-2765,2025-02-03,Europe,Enterprise,Finance,Email,Delivery,4,1,5,No,Customer service agent was rude and transferred me three times.
RSP-5089,CUST-4091,2025-01-16,Europe,Mid-Market,Finance,Phone,Customer Support,9,5,1,Yes,Exceptional customer support! Issue resolved within an hour.
RSP-5090,CUST-5074,2025-08-10,North America,Enterprise,Healthcare,In-App,Customer Support,9,4,1,Yes,Best customer service team in the industry. Kudos!
RSP-5091,CUST-4378,2025-03-31,Asia-Pacific,Enterprise,Healthcare,In-App,Quality,9,5,3,Yes,Exceptional customer support! Issue resolved within an hour.
RSP-5092,CUST-1360,2025-12-03,Asia-Pacific,SMB,Manufacturing,Email,Product,9,5,1,Yes,Fantastic product! Has significantly improved our team productivity.
RSP-5093,CUST-3300,2025-12-30,North America,Enterprise,Healthcare,Email,Customer Support,10,5,1,Yes,The team went above and beyond to help us with our migration.
RSP-5094,CUST-4925,2025-04-14,Europe,SMB,Finance,Email,Quality,10,5,1,Yes,The team went above and beyond to help us with our migration.
RSP-5095,CUST-1199,2025-12-10,North America,SMB,Manufacturing,Phone,Customer Support,9,5,1,Yes,The team went above and beyond to help us with our migration.
RSP-5096,CUST-2540,2025-05-01,Asia-Pacific,Enterprise,Healthcare,Email,Customer Support,8,4,4,Yes,"Service is okay, expecting more frequent software updates."
RSP-5097,CUST-1015,2025-11-29,North America,SMB,Technology,Email,Product,4,2,7,Yes,Support response was extremely slow and unhelpful.
RSP-5098,CUST-4566,2025-10-14,North America,Enterprise,Healthcare,Phone,Delivery,2,1,4,Yes,Billing error was not resolved on time.
RSP-5099,CUST-2896,2025-01-25,Asia-Pacific,Mid-Market,Technology,Phone,Customer Support,7,3,4,Yes,"Delivery was on time, product packaging was slightly damaged."
RSP-5100,CUST-3982,2025-02-15,North America,Mid-Market,Technology,Web,Customer Support,2,1,14,Yes,Frequent downtime impacted our business operations.
RSP-5101,CUST-4008,2025-08-22,North America,Mid-Market,Technology,Phone,Customer Support,10,5,1,Yes,Best customer service team in the industry. Kudos!
RSP-5102,CUST-2342,2025-07-11,Latin America,Mid-Market,Technology,In-App,Product,3,1,5,No,"Issue took over a week to resolve, very frustrating."
RSP-5103,CUST-2193,2025-06-14,North America,Enterprise,Finance,Web,Quality,5,1,7,Yes,"Issue took over a week to resolve, very frustrating."
RSP-5104,CUST-4334,2025-03-31,North America,SMB,Healthcare,Phone,Customer Support,7,3,2,Yes,"Decent features for SMBs, but needs better reporting tools."
RSP-5105,CUST-4048,2025-08-28,Middle East & Africa,SMB,Healthcare,Email,Product,9,5,1,Yes,Smooth experience from purchase to setup. Very satisfied!
RSP-5106,CUST-3395,2025-03-17,North America,Enterprise,Technology,Web,Delivery,8,3,3,Yes,"Service is okay, expecting more frequent software updates."
RSP-5107,CUST-4340,2025-07-04,North America,Enterprise,Retail,Phone,Product,7,4,2,No,"Decent features for SMBs, but needs better reporting tools."
RSP-5108,CUST-1708,2025-11-05,Latin America,Mid-Market,Finance,Phone,Product,7,3,5,Yes,"Delivery was on time, product packaging was slightly damaged."
RSP-5109,CUST-2127,2025-06-20,North America,Mid-Market,Technology,Web,Delivery,6,1,7,Yes,"Issue took over a week to resolve, very frustrating."
RSP-5110,CUST-4822,2025-08-19,North America,Mid-Market,Finance,In-App,Customer Support,8,5,4,Yes,"Average experience, nothing exceptional to report."
RSP-5111,CUST-1350,2025-06-25,Europe,SMB,Finance,Web,Product,9,5,1,Yes,Super fast delivery and pristine quality. Highly recommended!
RSP-5112,CUST-3798,2025-10-04,Asia-Pacific,Mid-Market,Healthcare,Email,Product,7,3,3,Yes,"Average experience, nothing exceptional to report."
RSP-5113,CUST-2142,2025-04-16,North America,Enterprise,Unknown,Web,Product,2,2,5,No,Customer service agent was rude and transferred me three times.
RSP-5114,CUST-1669,2025-08-03,Europe,SMB,Finance,Email,Delivery,5,1,4,Yes,Product keeps crashing after the latest update.
RSP-5115,CUST-5107,2025-10-06,Europe,Mid-Market,Technology,Phone,Customer Support,10,5,3,Yes,Exceptional customer support! Issue resolved within an hour.
RSP-5116,CUST-1850,2025-10-22,Europe,Mid-Market,Technology,Phone,Product,9,4,1,Yes,Exceptional customer support! Issue resolved within an hour.
RSP-5117,CUST-3086,2025-10-09,Latin America,Enterprise,Retail,Email,Customer Support,6,1,21,Yes,Delivery took twice as long as promised.
RSP-5118,CUST-2857,2025-12-17,North America,Mid-Market,Finance,In-App,Customer Support,8,4,3,Yes,"Acceptable response time, issue was eventually fixed."
RSP-5119,CUST-5007,2025-03-01,North America,Mid-Market,Technology,Phone,Product,6,2,4,Yes,"Issue took over a week to resolve, very frustrating."
RSP-5120,CUST-4058,2025-10-08,North America,Enterprise,Technology,Web,Delivery,4,2,10,Yes,Customer service agent was rude and transferred me three times.
RSP-5121,CUST-4217,2025-04-23,Asia-Pacific,SMB,Technology,Phone,Product,1,1,10,No,Frequent downtime impacted our business operations.
RSP-5122,CUST-3876,2025-07-28,Europe,Mid-Market,Healthcare,Email,Quality,7,4,3,No,"Support resolved the issue, but communication could be better."
RSP-5123,CUST-2849,2025-11-24,Asia-Pacific,Enterprise,Healthcare,Email,Pricing,4,1,5,Yes,Billing error was not resolved on time.
RSP-5124,CUST-2275,2025-12-22,Europe,Enterprise,Technology,Email,Product,7,4,2,Yes,"Pricing is fair, but onboarding was slightly confusing."
RSP-5125,CUST-1004,2025-09-16,Asia-Pacific,SMB,Healthcare,Email,Quality,0,3,14,Yes,Product keeps crashing after the latest update.
RSP-5126,CUST-5056,2025-03-15,North America,Enterprise,Manufacturing,Web,Delivery,0,2,21,No,Product keeps crashing after the latest update.
RSP-5127,CUST-3511,2025-05-04,North America,Mid-Market,Technology,In-App,Delivery,7,3,2,Yes,"Decent features for SMBs, but needs better reporting tools."
RSP-5128,CUST-3481,2025-04-18,Asia-Pacific,Enterprise,Healthcare,Phone,Quality,7,3,3,No,"Support resolved the issue, but communication could be better."
RSP-5129,CUST-2564,2025-01-13,Latin America,Mid-Market,Manufacturing,Email,Delivery,7,3,5,Yes,"Product works fine, but missing key integrations."
RSP-5130,CUST-1254,2025-06-01,North America,Enterprise,Technology,Phone,Delivery,2,2,4,No,Product keeps crashing after the latest update.
RSP-5131,CUST-2696,2025-04-06,North America,Mid-Market,Healthcare,Phone,Quality,10,5,1,Yes,Fantastic product! Has significantly improved our team productivity.
RSP-5132,CUST-1549,2025-05-10,Middle East & Africa,SMB,Healthcare,Phone,Product,9,5,3,Yes,Best customer service team in the industry. Kudos!
RSP-5133,CUST-1974,2025-08-05,Europe,Mid-Market,Finance,Email,Customer Support,0,1,10,No,"Issue took over a week to resolve, very frustrating."
RSP-5134,CUST-4301,2025-01-06,Europe,SMB,Retail,Email,Product,10,5,1,Yes,The team went above and beyond to help us with our migration.
RSP-5135,CUST-3811,2025-07-18,Latin America,SMB,Technology,Email,Pricing,0,1,7,Yes,"Issue took over a week to resolve, very frustrating."
RSP-5136,CUST-2707,2025-06-05,North America,Mid-Market,Unknown,Web,Delivery,2,1,4,Yes,Customer service agent was rude and transferred me three times.
RSP-5137,CUST-4919,2025-11-22,Asia-Pacific,Enterprise,Healthcare,Web,Delivery,3,3,14,No,Frequent downtime impacted our business operations.
RSP-5138,CUST-1343,2025-12-14,Europe,SMB,Retail,Email,Customer Support,3,2,5,Yes,Billing error was not resolved on time.
RSP-5139,CUST-1258,2025-09-13,North America,Mid-Market,Healthcare,Phone,Delivery,7,4,3,Yes,"Acceptable response time, issue was eventually fixed."
RSP-5140,CUST-3879,2025-01-16,Asia-Pacific,Mid-Market,Retail,Email,Delivery,1,1,5,No,Quality has visibly degraded over the last few months.
RSP-5141,CUST-4879,2025-07-16,Europe,Mid-Market,Finance,Email,Delivery,6,2,7,Yes,Platform UI is slow and unintuitive.
RSP-5142,CUST-1802,2025-08-05,North America,SMB,Manufacturing,Email,Customer Support,5,1,10,Yes,Frequent downtime impacted our business operations.
RSP-5143,CUST-3875,2025-12-17,Asia-Pacific,Mid-Market,Unknown,Email,Customer Support,10,5,1,No,Best customer service team in the industry. Kudos!
RSP-5144,CUST-1223,2025-07-14,North America,Mid-Market,Technology,Email,Product,8,4,3,Yes,"Product works fine, but missing key integrations."
RSP-5145,CUST-4993,2025-02-14,Europe,SMB,Manufacturing,Email,Product,7,3,4,Yes,"Service is okay, expecting more frequent software updates."
RSP-5146,CUST-3065,2025-10-06,Europe,Enterprise,Finance,Email,Customer Support,10,5,1,Yes,Fantastic product! Has significantly improved our team productivity.
RSP-5147,CUST-1679,2025-05-06,Europe,Enterprise,Retail,Email,Product,8,3,3,Yes,"Support resolved the issue, but communication could be better."
RSP-5148,CUST-4724,2025-07-14,Asia-Pacific,Mid-Market,Finance,Email,Product,8,4,3,Yes,"Acceptable response time, issue was eventually fixed."
RSP-5149,CUST-2977,2025-11-06,North America,SMB,Manufacturing,Phone,Pricing,8,3,2,Yes,"Service is okay, expecting more frequent software updates."
RSP-5150,CUST-1281,2025-06-15,Europe,Mid-Market,Technology,Phone,Customer Support,2,2,14,No,Quality has visibly degraded over the last few months.
RSP-5151,CUST-4696,2025-04-21,North America,Enterprise,Healthcare,In-App,Quality,7,3,4,Yes,"Decent features for SMBs, but needs better reporting tools."
RSP-5152,CUST-1777,2025-01-06,Latin America,Mid-Market,Healthcare,Phone,Pricing,6,1,7,No,Delivery took twice as long as promised.
RSP-5153,CUST-1231,2025-09-17,Europe,Mid-Market,Finance,Phone,Product,9,5,3,No,Best customer service team in the industry. Kudos!
RSP-5154,CUST-1566,2025-09-15,Europe,SMB,Technology,Web,Product,4,3,14,Yes,Delivery took twice as long as promised.
RSP-5155,CUST-4794,2025-05-21,North America,Mid-Market,Retail,Email,Product,9,5,1,Yes,Top-tier enterprise platform with excellent security features.
RSP-5156,CUST-1399,2025-05-10,Europe,Enterprise,Finance,Web,Product,8,4,2,Yes,"Support resolved the issue, but communication could be better."
RSP-5157,CUST-5023,2025-03-31,North America,Mid-Market,Technology,Phone,Product,7,4,4,Yes,"Service is okay, expecting more frequent software updates."
RSP-5158,CUST-3403,2025-03-25,North America,SMB,Finance,Phone,Delivery,1,3,4,No,Support response was extremely slow and unhelpful.
RSP-5159,CUST-3378,2025-11-04,Europe,SMB,Healthcare,Phone,Customer Support,1,1,5,Yes,"Issue took over a week to resolve, very frustrating."
RSP-5160,CUST-4495,2025-02-26,North America,Mid-Market,Retail,In-App,Delivery,2,3,10,Yes,Delivery took twice as long as promised.
RSP-5161,CUST-1629,2025-04-12,North America,SMB,Technology,Email,Quality,7,3,3,Yes,"Service is okay, expecting more frequent software updates."
RSP-5162,CUST-4983,2025-05-08,Asia-Pacific,Mid-Market,Technology,Phone,Quality,3,1,5,Yes,Support response was extremely slow and unhelpful.
RSP-5163,CUST-4172,2025-12-01,Latin America,Enterprise,Finance,Email,Product,10,5,1,Yes,Super fast delivery and pristine quality. Highly recommended!
RSP-5164,CUST-4086,2025-01-23,North America,Mid-Market,Technology,Web,Customer Support,5,3,7,Yes,Quality has visibly degraded over the last few months.
RSP-5165,CUST-2496,2025-04-25,North America,SMB,Manufacturing,Phone,Delivery,3,1,7,Yes,"Issue took over a week to resolve, very frustrating."
RSP-5166,CUST-5041,2025-04-28,Latin America,Enterprise,Finance,Email,Product,8,4,4,Yes,"Service is okay, expecting more frequent software updates."
RSP-5167,CUST-1951,2025-02-21,North America,SMB,Finance,Web,Product,9,5,1,Yes,Super fast delivery and pristine quality. Highly recommended!
RSP-5168,CUST-2140,2025-03-09,North America,Mid-Market,Technology,Phone,Customer Support,10,4,1,Yes,Exceptional customer support! Issue resolved within an hour.
RSP-5169,CUST-4588,2025-09-12,North America,Enterprise,Healthcare,Phone,Quality,10,5,1,Yes,Smooth experience from purchase to setup. Very satisfied!
RSP-5170,CUST-4522,2025-01-11,Europe,Mid-Market,Manufacturing,Web,Customer Support,0,3,10,Yes,Platform UI is slow and unintuitive.
RSP-5171,CUST-4017,2025-11-22,North America,Enterprise,Technology,Phone,Product,10,5,1,Yes,Fantastic product! Has significantly improved our team productivity.
RSP-5172,CUST-4429,2025-08-31,North America,Enterprise,Technology,Phone,Pricing,9,5,1,Yes,Exceptional customer support! Issue resolved within an hour.
RSP-5173,CUST-3284,2025-08-12,Europe,Enterprise,Finance,In-App,Product,6,1,4,Yes,Platform UI is slow and unintuitive.
RSP-5174,CUST-4459,2025-02-04,North America,SMB,Retail,In-App,Product,0,1,14,Yes,Product keeps crashing after the latest update.
RSP-5175,CUST-1714,2025-05-15,Europe,Enterprise,Technology,Email,Customer Support,4,1,5,No,"Issue took over a week to resolve, very frustrating."
RSP-5176,CUST-4888,2025-07-25,Europe,SMB,Healthcare,Email,Customer Support,7,4,5,Yes,"Pricing is fair, but onboarding was slightly confusing."
RSP-5177,CUST-2126,2025-03-03,North America,Enterprise,Manufacturing,Email,Quality,10,5,1,Yes,Exceptional customer support! Issue resolved within an hour.
RSP-5178,CUST-2327,2025-02-14,North America,Mid-Market,Technology,Email,Customer Support,8,4,4,Yes,"Average experience, nothing exceptional to report."
RSP-5179,CUST-2609,2025-08-17,Asia-Pacific,Mid-Market,Finance,Web,Product,8,4,4,Yes,"Acceptable response time, issue was eventually fixed."
RSP-5180,CUST-3154,2025-09-02,Asia-Pacific,Mid-Market,Finance,Phone,Delivery,3,1,4,Yes,Product keeps crashing after the latest update.
RSP-5181,CUST-2519,2025-10-26,North America,SMB,Retail,Web,Quality,3,2,14,No,Customer service agent was rude and transferred me three times.
RSP-5182,CUST-1949,2025-10-14,North America,Mid-Market,Technology,Email,Delivery,8,4,3,Yes,"Product works fine, but missing key integrations."
RSP-5183,CUST-2902,2025-04-14,Asia-Pacific,Mid-Market,Finance,Email,Delivery,0,3,4,Yes,Delivery took twice as long as promised.
RSP-5184,CUST-3460,2025-03-10,North America,Mid-Market,Finance,Email,Product,9,5,2,Yes,Top-tier enterprise platform with excellent security features.
RSP-5185,CUST-1091,2025-07-10,Asia-Pacific,Mid-Market,Finance,Web,Product,7,4,3,Yes,"Product works fine, but missing key integrations."
RSP-5186,CUST-5179,2025-01-07,North America,Enterprise,Technology,In-App,Pricing,2,3,4,Yes,Product keeps crashing after the latest update.
RSP-5187,CUST-3178,2025-10-27,North America,Enterprise,Retail,Web,Product,9,5,1,Yes,Exceptional customer support! Issue resolved within an hour.
RSP-5188,CUST-3484,2025-03-12,North America,Enterprise,Technology,In-App,Customer Support,7,4,2,No,"Acceptable response time, issue was eventually fixed."
RSP-5189,CUST-2996,2025-09-03,Asia-Pacific,Mid-Market,Retail,Phone,Quality,9,3,1,Yes,Great value for money and outstanding service reliability.
RSP-5190,CUST-2545,2025-12-06,North America,Mid-Market,Technology,Email,Quality,9,4,1,Yes,Best customer service team in the industry. Kudos!
RSP-5191,CUST-4918,2025-09-03,Latin America,Mid-Market,Manufacturing,In-App,Quality,2,2,21,Yes,Pricing is way too high for the features provided.
RSP-5192,CUST-1811,2025-03-30,Europe,Mid-Market,Healthcare,In-App,Customer Support,9,5,1,Yes,Top-tier enterprise platform with excellent security features.
RSP-5193,CUST-1580,2025-03-16,Middle East & Africa,SMB,Retail,Phone,Product,1,1,5,Yes,Delivery took twice as long as promised.
RSP-5194,CUST-5176,2025-03-16,North America,Enterprise,Healthcare,Email,Customer Support,7,4,4,Yes,"Support resolved the issue, but communication could be better."
RSP-5195,CUST-4913,2025-09-20,Middle East & Africa,Mid-Market,Technology,Email,Quality,7,4,5,Yes,"Support resolved the issue, but communication could be better."
RSP-5196,CUST-2349,2025-05-07,Asia-Pacific,SMB,Finance,Email,Customer Support,10,4,1,Yes,Top-tier enterprise platform with excellent security features.
RSP-5197,CUST-3963,2025-04-26,North America,Enterprise,Retail,Web,Product,9,5,1,Yes,The team went above and beyond to help us with our migration.
RSP-5198,CUST-4329,2025-01-31,North America,SMB,Technology,Email,Product,10,5,1,Yes,Top-tier enterprise platform with excellent security features.
RSP-5199,CUST-1351,2025-06-14,North America,Mid-Market,Technology,Email,Quality,8,4,2,Yes,"Decent features for SMBs, but needs better reporting tools."
RSP-5200,CUST-1226,2025-04-09,Asia-Pacific,Enterprise,Finance,In-App,Product,10,4,1,Yes,Smooth experience from purchase to setup. Very satisfied!
RSP-5201,CUST-4201,2025-08-19,Europe,Enterprise,Manufacturing,Email,Customer Support,7,4,3,Yes,"Pricing is fair, but onboarding was slightly confusing."
RSP-5202,CUST-2043,2025-09-03,North America,Mid-Market,Technology,Email,Delivery,5,1,7,Yes,Frequent downtime impacted our business operations.
RSP-5203,CUST-5174,2025-07-28,North America,Mid-Market,Manufacturing,Phone,Quality,4,2,7,Yes,Delivery took twice as long as promised.
RSP-5204,CUST-2977,2025-11-03,Latin America,Enterprise,Healthcare,Email,Customer Support,10,5,1,Yes,The team went above and beyond to help us with our migration.
RSP-5205,CUST-5072,2025-02-08,North America,Mid-Market,Healthcare,Phone,Delivery,2,2,14,Yes,Customer service agent was rude and transferred me three times.
RSP-5206,CUST-1253,2025-08-02,Asia-Pacific,Mid-Market,Manufacturing,Phone,Customer Support,9,5,1,Yes,Fantastic product! Has significantly improved our team productivity.
RSP-5207,CUST-1695,2025-12-27,Europe,Enterprise,Technology,Email,Customer Support,10,5,1,No,Super fast delivery and pristine quality. Highly recommended!
RSP-5208,CUST-1327,2025-07-09,Asia-Pacific,SMB,Technology,Web,Quality,2,1,5,Yes,Quality has visibly degraded over the last few months.
RSP-5209,CUST-4221,2025-05-24,Middle East & Africa,Mid-Market,Finance,Web,Delivery,6,1,5,No,Billing error was not resolved on time.
RSP-5210,CUST-3797,2025-06-05,North America,Mid-Market,Retail,Phone,Customer Support,10,4,2,Yes,Smooth experience from purchase to setup. Very satisfied!
RSP-5211,CUST-3524,2025-08-29,North America,Mid-Market,Technology,Email,Delivery,6,3,7,No,Platform UI is slow and unintuitive.
RSP-5212,CUST-4995,2025-07-17,North America,Enterprise,Manufacturing,In-App,Product,8,4,3,Yes,"Average experience, nothing exceptional to report."
RSP-5213,CUST-4844,2025-06-22,Asia-Pacific,Enterprise,Technology,Email,Quality,6,3,10,Yes,Product keeps crashing after the latest update.
RSP-5214,CUST-5011,2025-06-25,Asia-Pacific,Mid-Market,Technology,Email,Pricing,4,2,7,Yes,Platform UI is slow and unintuitive.
RSP-5215,CUST-1515,2025-05-09,Asia-Pacific,SMB,Technology,Email,Delivery,3,2,4,No,Quality has visibly degraded over the last few months.
RSP-5216,CUST-3222,2025-05-28,Europe,Mid-Market,Technology,Email,Product,9,5,1,Yes,Great value for money and outstanding service reliability.
RSP-5217,CUST-3564,2025-06-15,North America,Mid-Market,Finance,Email,Customer Support,5,1,5,Yes,Pricing is way too high for the features provided.
RSP-5218,CUST-2566,2025-06-28,Asia-Pacific,Mid-Market,Technology,Phone,Delivery,3,2,4,No,Quality has visibly degraded over the last few months.
RSP-5219,CUST-2571,2025-06-21,North America,Mid-Market,Manufacturing,Web,Product,8,4,3,Yes,"Decent features for SMBs, but needs better reporting tools."
RSP-5220,CUST-3281,2025-05-16,Europe,Enterprise,Healthcare,Email,Delivery,4,2,7,Yes,Frequent downtime impacted our business operations.
RSP-5221,CUST-4472,2025-12-09,Latin America,Mid-Market,Technology,In-App,Quality,2,3,7,Yes,Pricing is way too high for the features provided.
RSP-5223,CUST-2556,2025-12-18,Asia-Pacific,Mid-Market,Finance,Email,Quality,0,2,10,Yes,"Issue took over a week to resolve, very frustrating."
RSP-5224,CUST-3630,2025-04-15,North America,Mid-Market,Healthcare,Email,Product,1,2,4,No,Billing error was not resolved on time.
RSP-5225,CUST-2420,2025-03-02,Europe,SMB,Technology,In-App,Product,1,1,4,Yes,Quality has visibly degraded over the last few months.
RSP-5226,CUST-3023,2025-04-16,Asia-Pacific,Mid-Market,Finance,Web,Pricing,1,1,4,Yes,Frequent downtime impacted our business operations.
RSP-5227,CUST-3763,2025-04-04,Europe,Mid-Market,Technology,Phone,Delivery,3,1,7,No,Billing error was not resolved on time.
RSP-5228,CUST-4071,2025-05-06,Asia-Pacific,SMB,Finance,Email,Product,10,5,2,Yes,Top-tier enterprise platform with excellent security features.
RSP-5229,CUST-4967,2025-05-19,North America,SMB,Technology,Email,Delivery,5,2,7,Yes,Frequent downtime impacted our business operations.
RSP-5230,CUST-4760,2025-10-03,Europe,Enterprise,Finance,Web,Delivery,6,2,4,Yes,"Issue took over a week to resolve, very frustrating."
RSP-5231,CUST-2198,2025-05-11,North America,Mid-Market,Healthcare,Email,Customer Support,10,5,3,Yes,Fantastic product! Has significantly improved our team productivity.
RSP-5232,CUST-3068,2025-03-05,Asia-Pacific,SMB,Healthcare,Email,Pricing,3,1,4,No,Customer service agent was rude and transferred me three times.
RSP-5233,CUST-4220,2025-01-02,North America,Enterprise,Retail,Phone,Customer Support,4,1,4,Yes,Product keeps crashing after the latest update.
RSP-5234,CUST-2547,2025-05-11,Asia-Pacific,SMB,Technology,Web,Product,3,2,5,No,Billing error was not resolved on time.
RSP-5235,CUST-4725,2025-10-09,North America,Enterprise,Finance,Email,Product,7,4,4,Yes,"Delivery was on time, product packaging was slightly damaged."
RSP-5236,CUST-5187,2025-10-18,Europe,Mid-Market,Healthcare,Web,Product,7,4,3,Yes,"Decent features for SMBs, but needs better reporting tools."
RSP-5237,CUST-2631,2025-05-17,North America,SMB,Technology,Web,Product,10,3,1,Yes,Exceptional customer support! Issue resolved within an hour.
RSP-5238,CUST-4503,2025-11-18,North America,Mid-Market,Manufacturing,Email,Customer Support,4,2,4,No,Billing error was not resolved on time.
RSP-5239,CUST-1885,2025-09-01,North America,Mid-Market,Technology,Phone,Delivery,4,2,4,No,Customer service agent was rude and transferred me three times.
RSP-5240,CUST-4169,2025-06-10,Asia-Pacific,Mid-Market,Technology,Web,Product,9,5,1,Yes,Fantastic product! Has significantly improved our team productivity.
RSP-5241,CUST-2144,2025-04-03,Middle East & Africa,SMB,Technology,In-App,Product,9,5,2,Yes,Fantastic product! Has significantly improved our team productivity.
RSP-5242,CUST-3960,2025-01-28,Europe,Mid-Market,Healthcare,Email,Customer Support,8,4,3,Yes,"Product works fine, but missing key integrations."
RSP-5243,CUST-1575,2025-05-23,Asia-Pacific,SMB,Retail,Web,Customer Support,6,1,10,Yes,Product keeps crashing after the latest update.
RSP-5244,CUST-3198,2025-03-07,Middle East & Africa,SMB,Healthcare,Email,Customer Support,9,5,1,Yes,Fantastic product! Has significantly improved our team productivity.
RSP-5245,CUST-4467,2025-04-15,Europe,Enterprise,Technology,Phone,Product,4,1,14,Yes,Support response was extremely slow and unhelpful.
RSP-5246,CUST-1490,2025-01-06,North America,Enterprise,Finance,Web,Quality,7,4,3,Yes,No feedback provided
RSP-5247,CUST-3765,2025-11-16,North America,Mid-Market,Technology,Web,Delivery,5,2,10,Yes,Quality has visibly degraded over the last few months.
RSP-5248,CUST-3328,2025-08-09,Europe,Mid-Market,Technology,Email,Product,10,5,1,Yes,Great value for money and outstanding service reliability.
RSP-5249,CUST-2888,2025-04-23,Europe,Mid-Market,Retail,Email,Quality,1,1,14,Yes,Frequent downtime impacted our business operations.
RSP-5250,CUST-3185,2025-10-10,North America,Mid-Market,Healthcare,Email,Quality,10,5,1,No,Smooth experience from purchase to setup. Very satisfied!
RSP-5251,CUST-2936,2025-03-19,Asia-Pacific,Mid-Market,Technology,Phone,Customer Support,3,2,21,Yes,Support response was extremely slow and unhelpful.
RSP-5252,CUST-3594,2025-04-23,North America,SMB,Technology,In-App,Quality,5,1,4,Yes,Delivery took twice as long as promised.
RSP-5253,CUST-4139,2025-04-15,Asia-Pacific,Mid-Market,Finance,Web,Customer Support,10,5,3,Yes,Exceptional customer support! Issue resolved within an hour.
RSP-5254,CUST-2313,2025-02-16,Asia-Pacific,Mid-Market,Manufacturing,Phone,Product,7,3,2,Yes,"Delivery was on time, product packaging was slightly damaged."
RSP-5255,CUST-4983,2025-03-05,Latin America,Enterprise,Technology,Web,Delivery,10,5,1,Yes,Fantastic product! Has significantly improved our team productivity.
RSP-5256,CUST-3016,2025-07-28,Middle East & Africa,SMB,Retail,Email,Pricing,9,5,1,No,Great value for money and outstanding service reliability.
RSP-5257,CUST-2982,2025-08-24,Europe,Enterprise,Retail,Phone,Pricing,5,1,7,No,Frequent downtime impacted our business operations.
RSP-5258,CUST-2356,2025-03-30,North America,Mid-Market,Technology,Phone,Pricing,6,2,5,Yes,Pricing is way too high for the features provided.
RSP-5259,CUST-3289,2025-02-24,Europe,SMB,Retail,Phone,Pricing,8,3,3,No,"Product works fine, but missing key integrations."
RSP-5260,CUST-2956,2025-12-10,Latin America,Mid-Market,Finance,Email,Product,10,5,1,Yes,The team went above and beyond to help us with our migration.
RSP-5261,CUST-4565,2025-10-24,Asia-Pacific,Mid-Market,Technology,Email,Product,9,5,1,Yes,Top-tier enterprise platform with excellent security features.
RSP-5262,CUST-4654,2025-04-20,Middle East & Africa,Enterprise,Technology,Phone,Product,4,1,14,No,Pricing is way too high for the features provided.
RSP-5263,CUST-1822,2025-02-11,Asia-Pacific,Mid-Market,Finance,Phone,Customer Support,8,4,2,Yes,"Decent features for SMBs, but needs better reporting tools."
RSP-5264,CUST-4638,2025-08-15,Middle East & Africa,Mid-Market,Technology,Phone,Product,2,1,7,Yes,Delivery took twice as long as promised.
RSP-5265,CUST-4149,2025-11-11,Europe,Enterprise,Technology,Web,Customer Support,9,3,1,Yes,Top-tier enterprise platform with excellent security features.
RSP-5266,CUST-1188,2025-10-05,North America,SMB,Finance,Web,Customer Support,7,4,3,Yes,"Delivery was on time, product packaging was slightly damaged."
RSP-5268,CUST-4577,2025-09-26,North America,Enterprise,Retail,Phone,Product,10,5,1,Yes,Smooth experience from purchase to setup. Very satisfied!
RSP-5269,CUST-3638,2025-01-11,Asia-Pacific,Enterprise,Healthcare,Email,Quality,8,3,3,Yes,"Service is okay, expecting more frequent software updates."
RSP-5270,CUST-5157,2025-11-12,Europe,SMB,Healthcare,In-App,Customer Support,3,2,4,Yes,Customer service agent was rude and transferred me three times.
RSP-5271,CUST-4622,2025-11-07,Europe,SMB,Technology,Web,Pricing,0,3,5,Yes,Pricing is way too high for the features provided.
RSP-5272,CUST-4055,2025-03-15,Middle East & Africa,Mid-Market,Finance,Phone,Product,9,4,1,Yes,Fantastic product! Has significantly improved our team productivity.
RSP-5273,CUST-4093,2025-03-28,Middle East & Africa,Mid-Market,Technology,Phone,Quality,1,1,14,Yes,Customer service agent was rude and transferred me three times.
RSP-5274,CUST-2696,2025-04-22,North America,Enterprise,Retail,Phone,Product,10,5,1,Yes,Smooth experience from purchase to setup. Very satisfied!
RSP-5275,CUST-3893,2025-07-27,North America,Mid-Market,Technology,Email,Customer Support,8,4,2,No,"Delivery was on time, product packaging was slightly damaged."
RSP-5276,CUST-3037,2025-05-29,North America,Mid-Market,Technology,Web,Product,5,2,5,Yes,Pricing is way too high for the features provided.
RSP-5277,CUST-4108,2025-11-04,North America,Enterprise,Finance,Email,Product,5,1,4,Yes,Billing error was not resolved on time.
RSP-5278,CUST-1198,2025-12-18,North America,SMB,Technology,Web,Quality,2,1,4,Yes,Frequent downtime impacted our business operations.
RSP-5279,CUST-2999,2025-11-27,Europe,Mid-Market,Healthcare,Email,Quality,5,3,5,Yes,Product keeps crashing after the latest update.
RSP-5280,CUST-4704,2025-01-12,Latin America,Mid-Market,Finance,Email,Quality,10,5,1,Yes,Top-tier enterprise platform with excellent security features.
RSP-5281,CUST-3827,2025-07-04,Middle East & Africa,Mid-Market,Manufacturing,Email,Pricing,1,1,7,No,Customer service agent was rude and transferred me three times.
RSP-5282,CUST-1167,2025-09-09,North America,SMB,Manufacturing,Web,Product,2,2,10,Yes,Customer service agent was rude and transferred me three times.
RSP-5283,CUST-4648,2025-08-06,Europe,Mid-Market,Finance,Phone,Customer Support,4,1,14,Yes,Product keeps crashing after the latest update.
RSP-5284,CUST-4582,2025-05-11,Middle East & Africa,Enterprise,Healthcare,Email,Pricing,10,5,1,Yes,Smooth experience from purchase to setup. Very satisfied!
RSP-5285,CUST-2872,2025-05-18,Latin America,Mid-Market,Retail,Email,Customer Support,9,4,2,Yes,Smooth experience from purchase to setup. Very satisfied!
RSP-5286,CUST-3128,2025-09-03,Latin America,Enterprise,Technology,Phone,Product,10,3,2,Yes,Super fast delivery and pristine quality. Highly recommended!
RSP-5287,CUST-2380,2025-04-23,Europe,Enterprise,Technology,Phone,Customer Support,9,4,1,Yes,Great value for money and outstanding service reliability.
RSP-5288,CUST-1297,2025-07-15,Asia-Pacific,Enterprise,Technology,Email,Product,0,2,14,Yes,No feedback provided
RSP-5289,CUST-1393,2025-04-28,Asia-Pacific,Mid-Market,Manufacturing,Web,Quality,7,4,3,Yes,"Support resolved the issue, but communication could be better."
RSP-5290,CUST-2300,2025-02-17,Latin America,SMB,Technology,Web,Delivery,3,2,7,Yes,Frequent downtime impacted our business operations.
RSP-5291,CUST-1410,2025-05-09,North America,SMB,Manufacturing,Email,Delivery,0,3,14,Yes,Product keeps crashing after the latest update.
RSP-5292,CUST-3090,2025-08-20,Asia-Pacific,SMB,Healthcare,Email,Product,6,2,4,Yes,Delivery took twice as long as promised.
RSP-5293,CUST-3401,2025-03-14,North America,Mid-Market,Manufacturing,In-App,Customer Support,9,5,1,Yes,Top-tier enterprise platform with excellent security features.
RSP-5294,CUST-3281,2025-04-06,North America,Mid-Market,Technology,Web,Product,5,3,4,Yes,Pricing is way too high for the features provided.
RSP-5295,CUST-4354,2025-06-09,North America,Enterprise,Finance,Phone,Product,10,5,1,Yes,Super fast delivery and pristine quality. Highly recommended!
RSP-5296,CUST-1547,2025-04-29,Asia-Pacific,SMB,Technology,Email,Product,6,1,21,No,Product keeps crashing after the latest update.
RSP-5297,CUST-1427,2025-10-21,Asia-Pacific,Mid-Market,Technology,Email,Customer Support,6,1,4,No,Delivery took twice as long as promised.
RSP-5298,CUST-3361,2025-10-08,Europe,Enterprise,Finance,Web,Product,4,2,5,No,Billing error was not resolved on time.
RSP-5299,CUST-4467,2025-03-27,North America,Mid-Market,Technology,Web,Pricing,4,1,5,No,Pricing is way too high for the features provided.
RSP-5300,CUST-1140,2025-04-11,Asia-Pacific,Enterprise,Manufacturing,Phone,Product,8,4,4,Yes,"Support resolved the issue, but communication could be better."
RSP-5301,CUST-1551,2025-02-21,Latin America,SMB,Finance,Email,Pricing,5,3,5,No,Quality has visibly degraded over the last few months.
RSP-5302,CUST-2464,2025-10-01,Asia-Pacific,SMB,Technology,Phone,Product,3,1,21,No,Product keeps crashing after the latest update.
RSP-5303,CUST-4789,2025-10-11,North America,SMB,Finance,In-App,Pricing,7,3,5,Yes,"Acceptable response time, issue was eventually fixed."
RSP-5304,CUST-2465,2025-03-20,Europe,SMB,Technology,Phone,Delivery,2,3,14,Yes,Platform UI is slow and unintuitive.
RSP-5305,CUST-2530,2025-05-06,Latin America,Mid-Market,Finance,Web,Delivery,3,1,7,Yes,Support response was extremely slow and unhelpful.
RSP-5306,CUST-3666,2025-03-29,North America,Mid-Market,Healthcare,Web,Customer Support,10,5,2,Yes,The team went above and beyond to help us with our migration.
RSP-5307,CUST-1169,2025-09-14,Europe,Mid-Market,Healthcare,In-App,Product,3,2,7,Yes,Platform UI is slow and unintuitive.
RSP-5308,CUST-1465,2025-07-21,Europe,Mid-Market,Finance,Web,Delivery,6,2,10,Yes,Delivery took twice as long as promised.
RSP-5309,CUST-2368,2025-01-25,North America,Mid-Market,Retail,Web,Customer Support,10,5,2,Yes,Best customer service team in the industry. Kudos!
RSP-5310,CUST-2277,2025-03-09,Latin America,SMB,Healthcare,Email,Delivery,8,4,3,Yes,"Pricing is fair, but onboarding was slightly confusing."
RSP-5311,CUST-4008,2025-10-21,Europe,Mid-Market,Technology,Web,Product,8,3,4,Yes,"Delivery was on time, product packaging was slightly damaged."
RSP-5312,CUST-4788,2025-05-06,North America,Mid-Market,Technology,In-App,Quality,8,3,2,Yes,"Service is okay, expecting more frequent software updates."
RSP-5313,CUST-2434,2025-12-30,North America,SMB,Healthcare,Email,Product,10,5,1,Yes,Fantastic product! Has significantly improved our team productivity.
RSP-5314,CUST-3033,2025-03-24,North America,Mid-Market,Manufacturing,Web,Pricing,8,4,3,Yes,"Product works fine, but missing key integrations."
RSP-5315,CUST-1549,2025-07-13,Asia-Pacific,Enterprise,Finance,Phone,Pricing,5,1,5,No,Delivery took twice as long as promised.
RSP-5316,CUST-1004,2025-05-28,Middle East & Africa,SMB,Technology,Email,Delivery,10,5,3,Yes,Best customer service team in the industry. Kudos!
RSP-5317,CUST-5013,2025-12-13,Asia-Pacific,Mid-Market,Technology,In-App,Product,9,5,1,Yes,Top-tier enterprise platform with excellent security features.
RSP-5318,CUST-4308,2025-09-26,North America,SMB,Technology,Email,Customer Support,4,1,5,Yes,Billing error was not resolved on time.
RSP-5319,CUST-3899,2025-11-07,Europe,SMB,Technology,In-App,Delivery,6,3,7,Yes,Frequent downtime impacted our business operations.
RSP-5320,CUST-4319,2025-05-09,North America,SMB,Technology,Phone,Delivery,3,2,10,Yes,Platform UI is slow and unintuitive.
RSP-5321,CUST-4339,2025-03-27,North America,Enterprise,Healthcare,Web,Customer Support,10,4,3,Yes,Best customer service team in the industry. Kudos!
RSP-5322,CUST-2034,2025-01-19,Asia-Pacific,Mid-Market,Healthcare,Web,Customer Support,7,4,3,No,"Pricing is fair, but onboarding was slightly confusing."
RSP-5323,CUST-1601,2025-11-04,Europe,Mid-Market,Retail,Web,Delivery,0,2,5,Yes,"Issue took over a week to resolve, very frustrating."
RSP-5324,CUST-3444,2025-03-01,Europe,Mid-Market,Technology,Phone,Customer Support,6,1,5,Yes,Frequent downtime impacted our business operations.
RSP-5325,CUST-4378,2025-07-15,Asia-Pacific,SMB,Finance,Email,Product,5,1,5,Yes,Customer service agent was rude and transferred me three times.
RSP-5326,CUST-3453,2025-07-11,Latin America,SMB,Finance,Email,Quality,1,1,5,Yes,Support response was extremely slow and unhelpful.
RSP-5327,CUST-3576,2025-09-07,North America,Enterprise,Technology,Web,Delivery,2,2,4,Yes,Pricing is way too high for the features provided.
RSP-5328,CUST-1131,2025-04-21,North America,Mid-Market,Finance,Web,Product,7,5,4,No,"Decent features for SMBs, but needs better reporting tools."
RSP-5329,CUST-2205,2025-08-19,Latin America,Mid-Market,Technology,Web,Customer Support,8,4,3,Yes,"Average experience, nothing exceptional to report."
RSP-5330,CUST-3473,2025-07-22,Europe,Enterprise,Retail,Web,Customer Support,6,1,4,Yes,Pricing is way too high for the features provided.
RSP-5331,CUST-2165,2025-01-09,North America,Enterprise,Technology,Web,Pricing,2,2,21,No,Pricing is way too high for the features provided.
RSP-5332,CUST-4596,2025-05-10,North America,Mid-Market,Technology,Email,Delivery,3,2,5,No,Billing error was not resolved on time.
RSP-5333,CUST-4270,2025-08-27,North America,Mid-Market,Finance,Web,Product,6,1,7,Yes,Billing error was not resolved on time.
RSP-5334,CUST-4043,2025-04-15,Europe,Enterprise,Technology,Web,Delivery,3,2,10,Yes,Billing error was not resolved on time.
RSP-5335,CUST-2068,2025-08-01,North America,Mid-Market,Manufacturing,Email,Customer Support,10,5,1,Yes,Exceptional customer support! Issue resolved within an hour.
RSP-5336,CUST-3010,2025-03-16,North America,Mid-Market,Technology,Email,Product,9,5,1,Yes,Fantastic product! Has significantly improved our team productivity.
RSP-5337,CUST-3420,2025-07-11,Asia-Pacific,Mid-Market,Finance,Phone,Pricing,1,1,5,Yes,Support response was extremely slow and unhelpful.
RSP-5338,CUST-3871,2025-08-27,Latin America,SMB,Retail,Email,Customer Support,7,5,2,Yes,"Decent features for SMBs, but needs better reporting tools."
RSP-5339,CUST-4550,2025-02-09,Asia-Pacific,SMB,Retail,Email,Quality,8,4,3,Yes,"Delivery was on time, product packaging was slightly damaged."
RSP-5340,CUST-3906,2025-09-20,Europe,Enterprise,Healthcare,Web,Product,5,2,5,Yes,Platform UI is slow and unintuitive.
RSP-5341,CUST-4908,2025-01-21,Latin America,Enterprise,Technology,Phone,Delivery,3,3,7,Yes,Billing error was not resolved on time.
RSP-5342,CUST-1555,2025-06-30,North America,Mid-Market,Technology,In-App,Product,9,5,2,Yes,Smooth experience from purchase to setup. Very satisfied!
RSP-5343,CUST-2584,2025-06-08,Europe,Enterprise,Retail,Phone,Product,9,5,1,Yes,Super fast delivery and pristine quality. Highly recommended!
RSP-5344,CUST-1090,2025-02-21,North America,SMB,Healthcare,Phone,Pricing,4,1,4,No,Delivery took twice as long as promised.
RSP-5345,CUST-3208,2025-01-31,Asia-Pacific,Enterprise,Technology,In-App,Customer Support,8,4,4,No,"Product works fine, but missing key integrations."
RSP-5346,CUST-5173,2025-04-22,Asia-Pacific,SMB,Retail,Email,Product,10,4,2,Yes,Smooth experience from purchase to setup. Very satisfied!
RSP-5347,CUST-1197,2025-08-18,Europe,Mid-Market,Technology,Email,Customer Support,2,3,5,No,Customer service agent was rude and transferred me three times.
RSP-5348,CUST-3736,2025-11-10,North America,Mid-Market,Technology,Email,Customer Support,10,4,1,Yes,Best customer service team in the industry. Kudos!
RSP-5349,CUST-3842,2025-11-15,Latin America,Enterprise,Technology,Email,Product,2,1,5,Yes,"Issue took over a week to resolve, very frustrating."
RSP-5350,CUST-3334,2025-07-08,North America,Mid-Market,Technology,Email,Delivery,1,2,5,No,Support response was extremely slow and unhelpful.
RSP-5351,CUST-2010,2025-08-13,Europe,Mid-Market,Finance,Email,Product,6,1,5,No,Billing error was not resolved on time.
RSP-5352,CUST-4550,2025-09-21,North America,SMB,Technology,Email,Pricing,0,3,4,Yes,No feedback provided
RSP-5353,CUST-5144,2025-02-04,North America,Mid-Market,Healthcare,Email,Product,1,1,14,Yes,Delivery took twice as long as promised.
RSP-5354,CUST-4095,2025-06-19,Asia-Pacific,Enterprise,Technology,Phone,Quality,9,5,1,Yes,Best customer service team in the industry. Kudos!
RSP-5355,CUST-3188,2025-03-15,Europe,Mid-Market,Retail,Phone,Quality,7,4,2,Yes,"Average experience, nothing exceptional to report."
RSP-5357,CUST-3259,2025-07-21,Asia-Pacific,Mid-Market,Retail,Phone,Customer Support,7,4,2,Yes,"Pricing is fair, but onboarding was slightly confusing."
RSP-5358,CUST-1343,2025-01-23,North America,SMB,Technology,Email,Quality,9,5,3,Yes,The team went above and beyond to help us with our migration.
RSP-5359,CUST-1099,2025-03-10,North America,Mid-Market,Technology,Email,Customer Support,6,1,7,Yes,Pricing is way too high for the features provided.
RSP-5360,CUST-4427,2025-10-19,North America,Enterprise,Manufacturing,Email,Quality,7,3,2,Yes,"Pricing is fair, but onboarding was slightly confusing."
RSP-5361,CUST-4420,2025-03-19,Middle East & Africa,Enterprise,Technology,Email,Delivery,7,4,2,No,"Decent features for SMBs, but needs better reporting tools."
RSP-5362,CUST-3090,2025-04-18,North America,Mid-Market,Finance,Email,Product,2,3,10,Yes,Support response was extremely slow and unhelpful.
RSP-5363,CUST-1542,2025-03-25,Europe,Mid-Market,Technology,Phone,Customer Support,4,3,7,Yes,Support response was extremely slow and unhelpful.
RSP-5364,CUST-3175,2025-09-05,Asia-Pacific,Enterprise,Retail,Email,Customer Support,9,5,1,Yes,Fantastic product! Has significantly improved our team productivity.
RSP-5365,CUST-2794,2025-08-28,Europe,Mid-Market,Manufacturing,Web,Product,8,4,4,Yes,"Average experience, nothing exceptional to report."
RSP-5366,CUST-5042,2025-02-28,North America,Enterprise,Manufacturing,Email,Product,8,4,2,Yes,"Support resolved the issue, but communication could be better."
RSP-5367,CUST-4765,2025-06-25,North America,Mid-Market,Healthcare,Phone,Delivery,5,1,5,Yes,Frequent downtime impacted our business operations.
RSP-5368,CUST-4048,2025-08-29,Europe,Mid-Market,Finance,Phone,Delivery,1,2,21,Yes,Quality has visibly degraded over the last few months.
RSP-5369,CUST-3708,2025-11-20,North America,Mid-Market,Healthcare,Email,Quality,6,1,21,Yes,"Issue took over a week to resolve, very frustrating."
RSP-5370,CUST-2274,2025-12-08,North America,Enterprise,Technology,Web,Delivery,7,4,2,Yes,No feedback provided
RSP-5372,CUST-4554,2025-09-05,Europe,SMB,Healthcare,Phone,Product,9,5,1,Yes,The team went above and beyond to help us with our migration.
RSP-5373,CUST-3688,2025-09-18,Asia-Pacific,Mid-Market,Healthcare,Email,Product,7,4,3,Yes,"Delivery was on time, product packaging was slightly damaged."
RSP-5374,CUST-5086,2025-07-27,North America,Enterprise,Technology,Email,Delivery,4,1,21,Yes,Support response was extremely slow and unhelpful.
RSP-5375,CUST-3460,2025-05-12,Asia-Pacific,Enterprise,Technology,Phone,Product,0,1,5,Yes,Product keeps crashing after the latest update.
RSP-5376,CUST-2212,2025-10-12,Asia-Pacific,Mid-Market,Technology,Web,Product,9,5,1,Yes,Great value for money and outstanding service reliability.
RSP-5377,CUST-2793,2025-05-08,Middle East & Africa,Mid-Market,Technology,Phone,Product,10,4,1,Yes,Best customer service team in the industry. Kudos!
RSP-5378,CUST-2255,2025-02-20,Europe,Mid-Market,Manufacturing,Web,Delivery,5,1,5,Yes,Platform UI is slow and unintuitive.
RSP-5379,CUST-5143,2025-07-05,Asia-Pacific,Enterprise,Finance,Email,Pricing,4,2,7,No,Customer service agent was rude and transferred me three times.
RSP-5380,CUST-4275,2025-08-03,Asia-Pacific,SMB,Technology,Phone,Product,0,2,5,Yes,Frequent downtime impacted our business operations.
RSP-5381,CUST-3713,2025-06-03,North America,Enterprise,Technology,Email,Product,8,3,5,No,"Support resolved the issue, but communication could be better."
RSP-5382,CUST-2986,2025-03-25,North America,Mid-Market,Technology,In-App,Customer Support,8,5,5,Yes,"Service is okay, expecting more frequent software updates."
RSP-5383,CUST-1543,2025-06-10,Asia-Pacific,SMB,Retail,Email,Pricing,6,1,5,No,Support response was extremely slow and unhelpful.
RSP-5384,CUST-4568,2025-07-27,North America,SMB,Technology,In-App,Delivery,1,3,5,No,Customer service agent was rude and transferred me three times.
RSP-5385,CUST-2261,2025-08-01,North America,SMB,Technology,Email,Pricing,1,3,10,Yes,No feedback provided
RSP-5386,CUST-1250,2025-06-20,Europe,Enterprise,Technology,Email,Customer Support,10,4,1,Yes,Smooth experience from purchase to setup. Very satisfied!
RSP-5387,CUST-1968,2025-06-07,North America,SMB,Healthcare,In-App,Customer Support,7,4,4,Yes,"Pricing is fair, but onboarding was slightly confusing."
RSP-5388,CUST-4985,2025-09-09,North America,Mid-Market,Unknown,Email,Delivery,7,3,2,Yes,"Decent features for SMBs, but needs better reporting tools."
RSP-5389,CUST-2753,2025-07-27,North America,Mid-Market,Finance,In-App,Delivery,3,2,4,Yes,Customer service agent was rude and transferred me three times.
RSP-5390,CUST-2926,2025-05-27,North America,Mid-Market,Retail,In-App,Customer Support,8,3,3,No,"Pricing is fair, but onboarding was slightly confusing."
RSP-5391,CUST-2350,2025-06-22,North America,Enterprise,Technology,Phone,Customer Support,7,4,3,Yes,"Average experience, nothing exceptional to report."
RSP-5392,CUST-3679,2025-10-31,Latin America,SMB,Technology,Phone,Customer Support,4,2,4,No,Customer service agent was rude and transferred me three times.
RSP-5393,CUST-1678,2025-02-21,North America,SMB,Technology,Email,Product,6,3,4,Yes,Product keeps crashing after the latest update.
RSP-5394,CUST-1674,2025-01-05,Europe,Enterprise,Technology,Email,Customer Support,10,5,3,Yes,Super fast delivery and pristine quality. Highly recommended!
RSP-5395,CUST-4510,2025-09-10,Middle East & Africa,Mid-Market,Healthcare,Email,Product,9,4,2,Yes,Fantastic product! Has significantly improved our team productivity.
RSP-5396,CUST-2244,2025-01-27,North America,Mid-Market,Technology,In-App,Customer Support,8,3,3,Yes,"Product works fine, but missing key integrations."
RSP-5397,CUST-4860,2025-04-01,Asia-Pacific,Enterprise,Finance,Web,Delivery,6,2,4,Yes,Support response was extremely slow and unhelpful.
RSP-5398,CUST-2093,2025-05-30,Asia-Pacific,Mid-Market,Technology,Email,Pricing,3,1,4,Yes,"Issue took over a week to resolve, very frustrating."
RSP-5399,CUST-3926,2025-12-08,North America,Mid-Market,Technology,Web,Quality,6,3,7,Yes,Frequent downtime impacted our business operations.
RSP-5400,CUST-1716,2025-01-21,North America,Enterprise,Technology,Email,Customer Support,4,1,14,No,Delivery took twice as long as promised.
RSP-5401,CUST-3537,2025-06-19,Europe,Enterprise,Retail,Email,Customer Support,9,5,3,Yes,Fantastic product! Has significantly improved our team productivity.
RSP-5402,CUST-1319,2025-10-26,Asia-Pacific,Mid-Market,Finance,In-App,Customer Support,9,4,2,Yes,Fantastic product! Has significantly improved our team productivity.
RSP-5403,CUST-1323,2025-11-11,Middle East & Africa,SMB,Technology,Phone,Pricing,6,2,4,Yes,Support response was extremely slow and unhelpful.
RSP-5404,CUST-2574,2025-03-29,Europe,SMB,Healthcare,Email,Customer Support,10,5,3,Yes,Top-tier enterprise platform with excellent security features.
RSP-5405,CUST-5017,2025-02-25,Latin America,SMB,Manufacturing,Web,Delivery,9,5,1,Yes,The team went above and beyond to help us with our migration.
RSP-5406,CUST-3387,2025-11-12,North America,SMB,Finance,Phone,Product,7,3,3,No,"Support resolved the issue, but communication could be better."
RSP-5407,CUST-3330,2025-03-12,Latin America,Mid-Market,Finance,Phone,Product,10,5,1,Yes,Fantastic product! Has significantly improved our team productivity.
RSP-5408,CUST-4787,2025-11-07,North America,Enterprise,Technology,Email,Product,10,5,2,Yes,The team went above and beyond to help us with our migration.
RSP-5409,CUST-2289,2025-11-26,Asia-Pacific,Enterprise,Finance,Email,Product,8,4,2,Yes,"Support resolved the issue, but communication could be better."
RSP-5410,CUST-5066,2025-11-07,North America,SMB,Manufacturing,Web,Quality,6,1,10,Yes,Pricing is way too high for the features provided.
RSP-5411,CUST-3324,2025-01-17,North America,SMB,Manufacturing,Phone,Pricing,5,1,7,No,Customer service agent was rude and transferred me three times.
RSP-5412,CUST-3774,2025-12-07,Europe,SMB,Healthcare,Phone,Product,5,1,5,No,Delivery took twice as long as promised.
RSP-5413,CUST-4872,2025-08-20,Asia-Pacific,Enterprise,Finance,Email,Customer Support,8,4,5,No,"Acceptable response time, issue was eventually fixed."
RSP-5414,CUST-5168,2025-06-06,North America,SMB,Technology,Email,Pricing,6,1,7,No,Quality has visibly degraded over the last few months.
RSP-5415,CUST-4285,2025-08-03,Latin America,Enterprise,Retail,Web,Customer Support,7,3,2,Yes,"Pricing is fair, but onboarding was slightly confusing."
RSP-5416,CUST-3533,2025-12-08,Latin America,SMB,Healthcare,Web,Customer Support,8,3,3,Yes,"Acceptable response time, issue was eventually fixed."
RSP-5417,CUST-2724,2025-05-04,North America,Enterprise,Finance,Email,Delivery,10,5,2,Yes,Best customer service team in the industry. Kudos!
RSP-5418,CUST-2218,2025-12-27,Europe,Mid-Market,Finance,Phone,Customer Support,10,5,1,Yes,Super fast delivery and pristine quality. Highly recommended!
RSP-5419,CUST-1301,2025-02-10,Europe,Enterprise,Retail,Phone,Delivery,6,2,21,Yes,Support response was extremely slow and unhelpful.
RSP-5420,CUST-1964,2025-03-17,North America,Enterprise,Retail,Phone,Quality,10,5,1,Yes,Fantastic product! Has significantly improved our team productivity.
RSP-5421,CUST-4677,2025-03-06,North America,SMB,Technology,Phone,Product,0,1,7,Yes,Delivery took twice as long as promised.
RSP-5422,CUST-1601,2025-05-25,Europe,Mid-Market,Manufacturing,In-App,Customer Support,9,5,1,Yes,Smooth experience from purchase to setup. Very satisfied!
RSP-5423,CUST-3621,2025-10-24,North America,SMB,Technology,Email,Delivery,8,3,3,No,"Pricing is fair, but onboarding was slightly confusing."
RSP-5424,CUST-4945,2025-08-11,North America,SMB,Retail,Email,Customer Support,10,5,1,Yes,Top-tier enterprise platform with excellent security features.
RSP-5425,CUST-2004,2025-11-26,North America,Mid-Market,Retail,Email,Customer Support,7,4,2,Yes,"Delivery was on time, product packaging was slightly damaged."
RSP-5426,CUST-2718,2025-08-31,North America,Enterprise,Technology,Email,Pricing,5,2,7,No,Support response was extremely slow and unhelpful.
RSP-5427,CUST-3983,2025-03-22,Europe,SMB,Technology,Phone,Product,9,5,2,Yes,Top-tier enterprise platform with excellent security features.
RSP-5428,CUST-2568,2025-06-26,Europe,Mid-Market,Technology,Email,Delivery,5,2,5,Yes,Product keeps crashing after the latest update.
RSP-5429,CUST-1400,2025-01-17,Europe,Mid-Market,Technology,Email,Product,8,4,3,Yes,"Delivery was on time, product packaging was slightly damaged."
RSP-5430,CUST-4191,2025-04-06,North America,Enterprise,Healthcare,Phone,Product,9,5,1,Yes,Best customer service team in the industry. Kudos!
RSP-5431,CUST-4797,2025-12-04,Europe,SMB,Technology,Email,Customer Support,7,5,2,Yes,"Decent features for SMBs, but needs better reporting tools."
RSP-5432,CUST-3650,2025-08-19,Europe,Mid-Market,Technology,In-App,Product,8,4,3,Yes,"Average experience, nothing exceptional to report."
RSP-5433,CUST-3678,2025-12-29,North America,Enterprise,Manufacturing,Phone,Quality,1,1,7,No,Customer service agent was rude and transferred me three times.
RSP-5434,CUST-3578,2025-10-18,North America,Mid-Market,Healthcare,Email,Customer Support,5,1,7,Yes,Delivery took twice as long as promised.
RSP-5435,CUST-1060,2025-03-26,Asia-Pacific,SMB,Technology,Phone,Delivery,0,2,7,Yes,Quality has visibly degraded over the last few months.
RSP-5436,CUST-4406,2025-02-17,Asia-Pacific,Mid-Market,Finance,Web,Product,10,5,2,Yes,Best customer service team in the industry. Kudos!
RSP-5437,CUST-3740,2025-03-17,Europe,Enterprise,Technology,Email,Delivery,2,2,5,Yes,Support response was extremely slow and unhelpful.
RSP-5438,CUST-2149,2025-05-03,North America,Mid-Market,Retail,Email,Product,10,5,2,Yes,Best customer service team in the industry. Kudos!
RSP-5439,CUST-3276,2025-04-14,North America,Mid-Market,Manufacturing,In-App,Customer Support,8,4,3,Yes,"Average experience, nothing exceptional to report."
RSP-5441,CUST-3955,2025-12-31,Europe,Mid-Market,Finance,Phone,Product,3,2,7,Yes,"Issue took over a week to resolve, very frustrating."
RSP-5442,CUST-4055,2025-06-22,North America,SMB,Finance,In-App,Delivery,0,2,5,Yes,Support response was extremely slow and unhelpful.
RSP-5443,CUST-1856,2025-09-05,North America,Mid-Market,Retail,Phone,Product,8,4,4,Yes,"Pricing is fair, but onboarding was slightly confusing."
RSP-5444,CUST-2729,2025-03-17,North America,SMB,Technology,Email,Product,4,2,7,No,"Issue took over a week to resolve, very frustrating."
RSP-5445,CUST-5136,2025-05-21,Latin America,Mid-Market,Technology,Phone,Quality,10,5,2,Yes,Top-tier enterprise platform with excellent security features.
RSP-5446,CUST-2611,2025-08-11,North America,Mid-Market,Technology,Phone,Quality,8,4,4,Yes,"Product works fine, but missing key integrations."
RSP-5447,CUST-4726,2025-10-30,North America,Enterprise,Retail,In-App,Customer Support,10,5,1,Yes,The team went above and beyond to help us with our migration.
RSP-5448,CUST-4739,2025-01-23,Asia-Pacific,Enterprise,Technology,Email,Quality,10,5,3,Yes,The team went above and beyond to help us with our migration.
RSP-5449,CUST-3724,2025-01-10,Europe,SMB,Unknown,Phone,Product,0,2,4,No,Customer service agent was rude and transferred me three times.
RSP-5450,CUST-1514,2025-08-31,Europe,Mid-Market,Finance,In-App,Product,8,4,2,Yes,"Decent features for SMBs, but needs better reporting tools."
RSP-5451,CUST-4797,2025-11-08,Europe,Mid-Market,Technology,Email,Delivery,4,2,10,Yes,Frequent downtime impacted our business operations.
RSP-5452,CUST-2891,2025-06-11,Europe,SMB,Finance,Web,Delivery,5,1,10,Yes,Frequent downtime impacted our business operations.
RSP-5453,CUST-2825,2025-08-19,Asia-Pacific,Mid-Market,Technology,Email,Product,7,4,2,Yes,"Delivery was on time, product packaging was slightly damaged."
RSP-5454,CUST-3459,2025-11-30,Asia-Pacific,SMB,Technology,Phone,Delivery,3,1,4,No,Support response was extremely slow and unhelpful.
RSP-5455,CUST-2879,2025-12-09,Asia-Pacific,Mid-Market,Finance,Phone,Product,9,5,2,Yes,The team went above and beyond to help us with our migration.
RSP-5456,CUST-4234,2025-05-16,Asia-Pacific,Mid-Market,Finance,Email,Product,10,5,2,Yes,Exceptional customer support! Issue resolved within an hour.
RSP-5457,CUST-2877,2025-01-21,Europe,Mid-Market,Technology,Web,Quality,9,5,1,Yes,Great value for money and outstanding service reliability.
RSP-5458,CUST-4680,2025-05-03,Asia-Pacific,SMB,Finance,In-App,Product,9,4,2,Yes,Top-tier enterprise platform with excellent security features.
RSP-5459,CUST-1018,2025-08-09,North America,Mid-Market,Technology,Email,Product,8,3,2,Yes,"Product works fine, but missing key integrations."
RSP-5460,CUST-1623,2025-05-21,North America,Mid-Market,Finance,Phone,Pricing,1,3,5,Yes,Platform UI is slow and unintuitive.
RSP-5461,CUST-4414,2025-01-09,North America,Enterprise,Healthcare,Web,Quality,10,5,1,Yes,The team went above and beyond to help us with our migration.
RSP-5462,CUST-1419,2025-09-12,Latin America,SMB,Technology,Web,Delivery,5,3,7,No,Frequent downtime impacted our business operations.
RSP-5463,CUST-2748,2025-10-01,Latin America,Enterprise,Technology,Email,Quality,4,2,7,No,Platform UI is slow and unintuitive.
RSP-5464,CUST-3355,2025-03-01,North America,Enterprise,Technology,Phone,Product,9,5,1,Yes,Great value for money and outstanding service reliability.
RSP-5465,CUST-4186,2025-10-15,Europe,Enterprise,Retail,Email,Product,7,3,3,Yes,"Acceptable response time, issue was eventually fixed."
RSP-5466,CUST-2451,2025-10-07,Europe,Mid-Market,Healthcare,Email,Product,7,4,3,Yes,"Pricing is fair, but onboarding was slightly confusing."
RSP-5468,CUST-1652,2025-06-18,Asia-Pacific,SMB,Technology,Email,Product,2,1,5,No,Pricing is way too high for the features provided.
RSP-5469,CUST-4931,2025-01-11,Europe,SMB,Finance,Phone,Delivery,9,5,1,Yes,Fantastic product! Has significantly improved our team productivity.
RSP-5470,CUST-2063,2025-05-13,North America,Mid-Market,Technology,Web,Quality,6,2,10,Yes,Delivery took twice as long as promised.
RSP-5471,CUST-3394,2025-12-10,Latin America,Mid-Market,Retail,Phone,Delivery,0,1,14,Yes,Quality has visibly degraded over the last few months.
RSP-5472,CUST-4404,2025-03-24,Europe,Mid-Market,Technology,Phone,Delivery,9,5,2,Yes,Top-tier enterprise platform with excellent security features.
RSP-5473,CUST-2671,2025-03-25,North America,SMB,Technology,Phone,Product,8,4,4,No,"Acceptable response time, issue was eventually fixed."
RSP-5474,CUST-1799,2025-05-28,Asia-Pacific,Mid-Market,Finance,In-App,Product,3,1,7,No,Quality has visibly degraded over the last few months.
RSP-5475,CUST-1561,2025-02-09,Europe,Mid-Market,Finance,Phone,Customer Support,5,1,5,No,Delivery took twice as long as promised.
RSP-5476,CUST-1994,2025-01-02,Asia-Pacific,Mid-Market,Technology,Web,Delivery,2,1,4,Yes,Pricing is way too high for the features provided.
RSP-5477,CUST-1540,2025-05-19,North America,Mid-Market,Manufacturing,Email,Product,7,4,3,Yes,"Average experience, nothing exceptional to report."
RSP-5478,CUST-1928,2025-08-20,North America,SMB,Retail,Email,Product,8,3,3,Yes,"Acceptable response time, issue was eventually fixed."
RSP-5479,CUST-1994,2025-09-14,North America,SMB,Finance,Email,Customer Support,8,3,2,Yes,"Service is okay, expecting more frequent software updates."
RSP-5480,CUST-5184,2025-03-04,Asia-Pacific,Mid-Market,Technology,In-App,Customer Support,8,4,3,No,"Service is okay, expecting more frequent software updates."
RSP-5481,CUST-3279,2025-02-12,North America,SMB,Healthcare,In-App,Customer Support,8,5,5,Yes,"Acceptable response time, issue was eventually fixed."
RSP-5482,CUST-1753,2025-06-30,North America,Mid-Market,Manufacturing,Phone,Product,8,3,3,Yes,"Average experience, nothing exceptional to report."
RSP-5483,CUST-4177,2025-04-07,Europe,SMB,Healthcare,Email,Customer Support,6,2,7,No,Platform UI is slow and unintuitive.
RSP-5484,CUST-3050,2025-01-10,Latin America,Mid-Market,Manufacturing,Email,Customer Support,1,1,7,Yes,Frequent downtime impacted our business operations.
RSP-5485,CUST-1707,2025-02-02,North America,Mid-Market,Finance,Email,Delivery,6,1,4,Yes,Delivery took twice as long as promised.
RSP-5486,CUST-2194,2025-06-25,Europe,Mid-Market,Finance,Email,Customer Support,4,1,4,No,Delivery took twice as long as promised.
RSP-5487,CUST-2590,2025-09-03,Europe,SMB,Unknown,In-App,Product,8,4,3,Yes,"Acceptable response time, issue was eventually fixed."
RSP-5488,CUST-1244,2025-06-24,North America,SMB,Manufacturing,Phone,Delivery,9,5,3,Yes,Top-tier enterprise platform with excellent security features.
RSP-5489,CUST-4542,2025-02-23,Europe,Mid-Market,Finance,Phone,Product,9,4,2,Yes,Top-tier enterprise platform with excellent security features.
RSP-5490,CUST-2739,2025-03-27,North America,SMB,Healthcare,Phone,Product,7,3,2,Yes,"Pricing is fair, but onboarding was slightly confusing."
RSP-5491,CUST-4960,2025-10-28,North America,Mid-Market,Healthcare,Phone,Delivery,8,3,3,Yes,"Support resolved the issue, but communication could be better."
RSP-5492,CUST-2857,2025-12-03,North America,Mid-Market,Finance,Email,Product,9,5,1,Yes,Best customer service team in the industry. Kudos!
RSP-5493,CUST-4750,2025-07-18,Asia-Pacific,Mid-Market,Healthcare,Phone,Delivery,6,1,5,Yes,"Issue took over a week to resolve, very frustrating."
RSP-5494,CUST-4021,2025-04-12,Latin America,SMB,Finance,Phone,Product,8,4,3,Yes,"Product works fine, but missing key integrations."
RSP-5495,CUST-1298,2025-08-20,North America,Mid-Market,Finance,Email,Customer Support,8,4,2,Yes,"Pricing is fair, but onboarding was slightly confusing."
RSP-5496,CUST-1030,2025-10-20,Middle East & Africa,Mid-Market,Finance,Email,Product,10,4,3,Yes,Smooth experience from purchase to setup. Very satisfied!
RSP-5497,CUST-1140,2025-12-07,North America,Mid-Market,Healthcare,Web,Pricing,3,1,7,No,"Issue took over a week to resolve, very frustrating."
RSP-5498,CUST-3774,2025-08-01,North America,Enterprise,Technology,Phone,Delivery,7,3,4,Yes,"Product works fine, but missing key integrations."
RSP-5499,CUST-3581,2025-08-26,North America,Mid-Market,Finance,Email,Pricing,6,1,10,No,Product keeps crashing after the latest update.
RSP-5500,CUST-2098,2025-02-19,Asia-Pacific,SMB,Finance,Email,Quality,8,4,3,No,"Support resolved the issue, but communication could be better."
RSP-5501,CUST-2112,2025-08-31,Europe,Mid-Market,Healthcare,Web,Delivery,7,3,4,Yes,"Service is okay, expecting more frequent software updates."
RSP-5502,CUST-3791,2025-03-03,Asia-Pacific,Mid-Market,Technology,Phone,Pricing,7,4,5,Yes,"Product works fine, but missing key integrations."
RSP-5503,CUST-3597,2025-05-06,North America,Mid-Market,Healthcare,Email,Quality,3,2,10,No,Quality has visibly degraded over the last few months.
RSP-5504,CUST-4486,2025-05-31,North America,Mid-Market,Finance,Web,Pricing,0,2,4,No,Support response was extremely slow and unhelpful.
RSP-5505,CUST-1873,2025-01-29,North America,SMB,Technology,Web,Product,8,4,2,Yes,"Delivery was on time, product packaging was slightly damaged."
RSP-5506,CUST-2121,2025-12-23,North America,Enterprise,Technology,Phone,Customer Support,9,4,1,Yes,The team went above and beyond to help us with our migration.
RSP-5507,CUST-4109,2025-03-20,Europe,Enterprise,Healthcare,Email,Product,9,5,3,Yes,The team went above and beyond to help us with our migration.
RSP-5508,CUST-3784,2025-07-30,Asia-Pacific,Mid-Market,Technology,Phone,Delivery,9,4,2,Yes,Fantastic product! Has significantly improved our team productivity.
RSP-5509,CUST-3980,2025-02-08,Asia-Pacific,Mid-Market,Finance,In-App,Product,3,1,7,Yes,Billing error was not resolved on time.
RSP-5510,CUST-3526,2025-06-03,North America,Enterprise,Finance,Phone,Quality,5,2,7,Yes,Customer service agent was rude and transferred me three times.
RSP-5511,CUST-1186,2025-01-14,North America,Enterprise,Manufacturing,Web,Delivery,9,5,1,Yes,The team went above and beyond to help us with our migration.
RSP-5512,CUST-3684,2025-04-05,North America,Mid-Market,Healthcare,Phone,Product,0,3,5,Yes,Product keeps crashing after the latest update.
RSP-5513,CUST-2125,2025-09-26,Asia-Pacific,Mid-Market,Technology,In-App,Pricing,1,3,14,Yes,Frequent downtime impacted our business operations.
RSP-5514,CUST-1820,2025-07-05,Europe,Enterprise,Technology,Phone,Quality,8,3,2,Yes,"Support resolved the issue, but communication could be better."
RSP-5515,CUST-1779,2025-05-16,Europe,Enterprise,Finance,Web,Product,5,1,14,Yes,"Issue took over a week to resolve, very frustrating."
RSP-5516,CUST-3607,2025-03-05,Europe,SMB,Healthcare,Email,Customer Support,9,5,1,Yes,Super fast delivery and pristine quality. Highly recommended!
RSP-5517,CUST-2739,2025-10-26,Asia-Pacific,Enterprise,Finance,In-App,Product,8,4,2,Yes,"Support resolved the issue, but communication could be better."
RSP-5518,CUST-2896,2025-01-26,Latin America,SMB,Technology,Web,Delivery,2,1,14,Yes,Quality has visibly degraded over the last few months.
RSP-5519,CUST-3551,2025-10-09,Latin America,Enterprise,Finance,Email,Product,10,4,1,Yes,Fantastic product! Has significantly improved our team productivity.
RSP-5520,CUST-3434,2025-10-10,Asia-Pacific,Mid-Market,Finance,Phone,Product,6,1,5,Yes,Quality has visibly degraded over the last few months.
RSP-5521,CUST-1822,2025-07-26,North America,Mid-Market,Healthcare,Phone,Product,9,5,1,Yes,Exceptional customer support! Issue resolved within an hour.
RSP-5522,CUST-3555,2025-08-04,Asia-Pacific,SMB,Technology,Email,Product,9,5,2,Yes,Fantastic product! Has significantly improved our team productivity.
RSP-5523,CUST-3730,2025-05-18,Asia-Pacific,Enterprise,Finance,Email,Product,5,2,10,Yes,Support response was extremely slow and unhelpful.
RSP-5524,CUST-2121,2025-02-05,North America,Enterprise,Technology,Email,Delivery,0,2,10,Yes,Product keeps crashing after the latest update.
RSP-5525,CUST-1032,2025-02-24,Europe,Enterprise,Healthcare,Web,Customer Support,3,2,7,Yes,Billing error was not resolved on time.
RSP-5526,CUST-1348,2025-08-29,Asia-Pacific,Enterprise,Finance,Phone,Pricing,0,1,14,Yes,"Issue took over a week to resolve, very frustrating."
RSP-5527,CUST-4325,2025-10-05,Asia-Pacific,Enterprise,Technology,Email,Customer Support,3,1,4,Yes,Product keeps crashing after the latest update.
RSP-5528,CUST-3165,2025-03-23,Europe,Mid-Market,Technology,Email,Customer Support,3,2,5,Yes,Frequent downtime impacted our business operations.
RSP-5529,CUST-3028,2025-02-11,Asia-Pacific,SMB,Technology,Phone,Customer Support,10,5,1,No,Smooth experience from purchase to setup. Very satisfied!
RSP-5530,CUST-2379,2025-04-05,Middle East & Africa,Mid-Market,Healthcare,Phone,Delivery,6,2,4,No,Frequent downtime impacted our business operations.
RSP-5531,CUST-1850,2025-11-19,Latin America,Enterprise,Retail,Email,Customer Support,8,4,3,Yes,"Product works fine, but missing key integrations."
RSP-5532,CUST-4852,2025-04-22,Asia-Pacific,Mid-Market,Finance,In-App,Product,7,5,4,No,"Average experience, nothing exceptional to report."
RSP-5533,CUST-2387,2025-12-16,North America,SMB,Retail,Web,Customer Support,1,2,5,Yes,Platform UI is slow and unintuitive.
RSP-5534,CUST-2954,2025-07-28,Asia-Pacific,Mid-Market,Technology,Phone,Product,0,1,10,No,Support response was extremely slow and unhelpful.
RSP-5535,CUST-3238,2025-10-23,Europe,SMB,Technology,In-App,Pricing,5,1,7,Yes,Pricing is way too high for the features provided.
RSP-5536,CUST-5035,2025-10-08,Europe,Enterprise,Healthcare,Email,Product,5,1,10,Yes,Pricing is way too high for the features provided.
RSP-5537,CUST-1486,2025-08-09,Asia-Pacific,Mid-Market,Technology,Email,Customer Support,10,5,1,Yes,Great value for money and outstanding service reliability.
RSP-5538,CUST-4182,2025-04-09,Asia-Pacific,SMB,Healthcare,Email,Customer Support,3,1,7,No,Platform UI is slow and unintuitive.
RSP-5539,CUST-3397,2025-06-26,Asia-Pacific,Enterprise,Manufacturing,Email,Product,9,5,1,Yes,Super fast delivery and pristine quality. Highly recommended!
RSP-5540,CUST-4313,2025-10-30,Europe,Enterprise,Finance,Email,Pricing,1,1,7,Yes,Customer service agent was rude and transferred me three times.
RSP-5541,CUST-3356,2025-05-18,Europe,Mid-Market,Technology,Web,Delivery,5,2,7,No,Pricing is way too high for the features provided.
RSP-5542,CUST-2021,2025-12-28,Europe,Mid-Market,Finance,Email,Customer Support,7,3,4,Yes,"Decent features for SMBs, but needs better reporting tools."
RSP-5543,CUST-3088,2025-11-28,Latin America,Mid-Market,Manufacturing,Phone,Product,2,1,4,Yes,Frequent downtime impacted our business operations.
RSP-5544,CUST-5076,2025-01-01,North America,Enterprise,Healthcare,Email,Customer Support,5,3,7,Yes,Product keeps crashing after the latest update.
RSP-5545,CUST-4322,2025-10-30,North America,Mid-Market,Healthcare,In-App,Quality,7,4,3,Yes,"Pricing is fair, but onboarding was slightly confusing."
RSP-5546,CUST-3072,2025-12-20,Asia-Pacific,Enterprise,Finance,Email,Delivery,5,1,7,Yes,Delivery took twice as long as promised.
RSP-5547,CUST-2510,2025-11-25,Middle East & Africa,Mid-Market,Finance,Web,Product,9,5,1,Yes,Fantastic product! Has significantly improved our team productivity.
RSP-5548,CUST-3038,2025-03-09,Asia-Pacific,Enterprise,Technology,Phone,Delivery,6,1,4,Yes,Support response was extremely slow and unhelpful.
RSP-5549,CUST-2891,2025-05-08,Europe,SMB,Finance,In-App,Product,8,4,4,No,"Product works fine, but missing key integrations."
RSP-5550,CUST-1591,2025-12-17,Europe,Mid-Market,Retail,Email,Product,7,3,3,No,"Decent features for SMBs, but needs better reporting tools."
RSP-5551,CUST-2089,2025-04-22,North America,SMB,Technology,Email,Product,8,3,4,Yes,"Delivery was on time, product packaging was slightly damaged."
RSP-5552,CUST-1922,2025-10-22,Europe,Enterprise,Technology,Phone,Quality,7,4,4,Yes,"Product works fine, but missing key integrations."
RSP-5553,CUST-2721,2025-02-26,North America,Mid-Market,Technology,In-App,Delivery,0,1,7,Yes,Support response was extremely slow and unhelpful.
RSP-5554,CUST-4386,2025-02-24,Middle East & Africa,Mid-Market,Finance,Email,Product,8,5,3,Yes,"Acceptable response time, issue was eventually fixed."
RSP-5555,CUST-2690,2025-08-17,Europe,Mid-Market,Technology,Web,Customer Support,7,4,2,Yes,"Average experience, nothing exceptional to report."
RSP-5556,CUST-2204,2025-11-28,Europe,Enterprise,Finance,Phone,Quality,9,5,1,Yes,Fantastic product! Has significantly improved our team productivity.
RSP-5557,CUST-4020,2025-06-16,Europe,Mid-Market,Technology,Phone,Delivery,3,3,5,No,Customer service agent was rude and transferred me three times.
RSP-5558,CUST-4102,2025-12-04,Europe,Enterprise,Finance,Email,Quality,7,4,3,Yes,"Delivery was on time, product packaging was slightly damaged."
RSP-5559,CUST-4632,2025-12-06,Europe,Mid-Market,Technology,Web,Delivery,6,1,5,Yes,Pricing is way too high for the features provided.
RSP-5560,CUST-2195,2025-04-16,North America,SMB,Finance,Web,Delivery,0,2,5,Yes,Customer service agent was rude and transferred me three times.
RSP-5561,CUST-3893,2025-04-07,Asia-Pacific,SMB,Technology,Web,Delivery,5,1,5,No,Pricing is way too high for the features provided.
RSP-5562,CUST-5013,2025-09-08,Asia-Pacific,Mid-Market,Finance,Email,Quality,7,4,3,Yes,"Delivery was on time, product packaging was slightly damaged."
RSP-5563,CUST-4583,2025-01-26,Europe,Mid-Market,Technology,Email,Customer Support,2,3,4,No,Quality has visibly degraded over the last few months.
RSP-5564,CUST-1025,2025-08-10,Middle East & Africa,Mid-Market,Manufacturing,Web,Product,10,4,1,Yes,Best customer service team in the industry. Kudos!
RSP-5565,CUST-2299,2025-02-01,North America,Enterprise,Manufacturing,In-App,Quality,6,3,4,No,Support response was extremely slow and unhelpful.
RSP-5566,CUST-4758,2025-09-26,North America,SMB,Finance,In-App,Quality,9,5,2,Yes,The team went above and beyond to help us with our migration.
RSP-5567,CUST-2669,2025-07-31,North America,Mid-Market,Technology,Web,Product,10,5,1,Yes,Fantastic product! Has significantly improved our team productivity.
RSP-5568,CUST-3352,2025-03-14,North America,Mid-Market,Retail,Email,Customer Support,9,5,1,Yes,The team went above and beyond to help us with our migration.
RSP-5569,CUST-3288,2025-04-01,Europe,Mid-Market,Healthcare,Email,Customer Support,10,4,1,Yes,Top-tier enterprise platform with excellent security features.
RSP-5570,CUST-1112,2025-08-31,North America,Mid-Market,Technology,Email,Delivery,3,2,14,Yes,Platform UI is slow and unintuitive.
RSP-5571,CUST-1534,2025-10-28,Europe,Enterprise,Finance,Phone,Product,5,1,4,No,Billing error was not resolved on time.
RSP-5572,CUST-3849,2025-06-05,Latin America,SMB,Healthcare,Email,Delivery,6,1,5,Yes,Pricing is way too high for the features provided.
RSP-5573,CUST-4681,2025-04-13,North America,Enterprise,Technology,Email,Delivery,3,1,5,Yes,Quality has visibly degraded over the last few months.
RSP-5574,CUST-4906,2025-07-19,Latin America,Mid-Market,Technology,Phone,Product,8,3,5,No,"Delivery was on time, product packaging was slightly damaged."
RSP-5575,CUST-2314,2025-09-03,Europe,SMB,Healthcare,In-App,Delivery,2,1,5,Yes,Pricing is way too high for the features provided.
RSP-5576,CUST-4589,2025-03-10,North America,Mid-Market,Healthcare,In-App,Customer Support,8,4,4,Yes,"Product works fine, but missing key integrations."
RSP-5577,CUST-2920,2025-11-27,North America,SMB,Finance,Phone,Delivery,2,1,14,Yes,Billing error was not resolved on time.
RSP-5578,CUST-4150,2025-04-23,Europe,SMB,Technology,Email,Delivery,6,1,4,Yes,Platform UI is slow and unintuitive.
RSP-5579,CUST-5175,2025-11-25,North America,Enterprise,Technology,Email,Customer Support,6,2,7,No,Delivery took twice as long as promised.
RSP-5580,CUST-1899,2025-05-18,North America,Enterprise,Retail,Web,Product,3,3,4,No,"Issue took over a week to resolve, very frustrating."
RSP-5581,CUST-3087,2025-12-20,Middle East & Africa,Enterprise,Retail,Phone,Quality,6,1,10,Yes,Product keeps crashing after the latest update.
RSP-5582,CUST-3226,2025-12-04,Latin America,Mid-Market,Technology,Email,Quality,5,3,4,Yes,Platform UI is slow and unintuitive.
RSP-5583,CUST-3541,2025-07-26,Latin America,Enterprise,Technology,In-App,Customer Support,9,5,1,Yes,Exceptional customer support! Issue resolved within an hour.
RSP-5584,CUST-1515,2025-10-18,Europe,Mid-Market,Technology,In-App,Quality,4,2,5,No,Product keeps crashing after the latest update.
RSP-5585,CUST-2976,2025-05-25,Middle East & Africa,Enterprise,Manufacturing,Email,Delivery,4,1,7,No,Quality has visibly degraded over the last few months.
RSP-5586,CUST-3001,2025-12-09,North America,Enterprise,Finance,Web,Pricing,1,3,7,Yes,Platform UI is slow and unintuitive.
RSP-5587,CUST-2498,2025-11-18,Middle East & Africa,Enterprise,Finance,Web,Delivery,6,3,4,No,Billing error was not resolved on time.
RSP-5588,CUST-1027,2025-03-18,Latin America,Mid-Market,Manufacturing,Phone,Delivery,6,1,14,No,Support response was extremely slow and unhelpful.
RSP-5589,CUST-3681,2025-12-20,Latin America,Mid-Market,Retail,Web,Delivery,9,5,1,Yes,Top-tier enterprise platform with excellent security features.
RSP-5590,CUST-3795,2025-01-01,Latin America,Enterprise,Technology,Email,Delivery,2,2,5,No,Billing error was not resolved on time.
RSP-5591,CUST-2584,2025-04-06,North America,Enterprise,Retail,Email,Product,10,4,1,Yes,Fantastic product! Has significantly improved our team productivity.
RSP-5592,CUST-3509,2025-08-06,North America,Enterprise,Retail,Email,Product,10,5,1,Yes,The team went above and beyond to help us with our migration.
RSP-5593,CUST-3227,2025-10-28,North America,Mid-Market,Finance,In-App,Delivery,7,3,3,Yes,"Pricing is fair, but onboarding was slightly confusing."
RSP-5594,CUST-4292,2025-12-09,Europe,Mid-Market,Manufacturing,In-App,Customer Support,4,2,10,Yes,Frequent downtime impacted our business operations.
RSP-5595,CUST-3923,2025-02-19,Europe,Enterprise,Technology,Email,Pricing,1,1,21,Yes,Customer service agent was rude and transferred me three times.
RSP-5596,CUST-4865,2025-11-16,Asia-Pacific,Mid-Market,Healthcare,Email,Delivery,5,2,5,No,Pricing is way too high for the features provided.
RSP-5597,CUST-3006,2025-06-16,Europe,Mid-Market,Technology,Web,Delivery,4,1,14,No,Support response was extremely slow and unhelpful.
RSP-5598,CUST-3753,2025-07-02,North America,SMB,Technology,Email,Quality,2,1,7,No,Billing error was not resolved on time.
RSP-5599,CUST-2975,2025-09-30,North America,Enterprise,Technology,Email,Product,10,4,1,Yes,Smooth experience from purchase to setup. Very satisfied!
RSP-5600,CUST-5039,2025-04-27,Europe,Enterprise,Finance,In-App,Delivery,3,1,7,Yes,Customer service agent was rude and transferred me three times.
RSP-5602,CUST-1845,2025-10-17,Europe,Mid-Market,Healthcare,Email,Product,7,4,3,Yes,"Average experience, nothing exceptional to report."
RSP-5603,CUST-2894,2025-07-30,North America,Mid-Market,Healthcare,Phone,Customer Support,10,5,1,Yes,Exceptional customer support! Issue resolved within an hour.
RSP-5604,CUST-2679,2025-08-28,Europe,Mid-Market,Manufacturing,Phone,Customer Support,10,4,1,Yes,Top-tier enterprise platform with excellent security features.
RSP-5605,CUST-1594,2025-02-22,North America,Enterprise,Manufacturing,In-App,Customer Support,9,4,1,Yes,Best customer service team in the industry. Kudos!
RSP-5606,CUST-2111,2025-04-24,North America,Mid-Market,Finance,Email,Product,8,4,3,Yes,"Pricing is fair, but onboarding was slightly confusing."
RSP-5607,CUST-2789,2025-07-09,Latin America,Enterprise,Finance,Email,Customer Support,9,5,1,Yes,Fantastic product! Has significantly improved our team productivity.
RSP-5608,CUST-1299,2025-05-12,Asia-Pacific,Mid-Market,Retail,Web,Delivery,10,5,1,Yes,Exceptional customer support! Issue resolved within an hour.
RSP-5609,CUST-4351,2025-03-03,Europe,Mid-Market,Retail,Phone,Delivery,6,1,4,Yes,Quality has visibly degraded over the last few months.
RSP-5610,CUST-4685,2025-04-18,Europe,SMB,Finance,In-App,Product,9,5,1,Yes,Fantastic product! Has significantly improved our team productivity.
RSP-5611,CUST-3791,2025-05-02,North America,Enterprise,Technology,Web,Customer Support,6,1,4,Yes,Frequent downtime impacted our business operations.
RSP-5612,CUST-1973,2025-02-17,Latin America,SMB,Manufacturing,Web,Quality,9,5,2,Yes,The team went above and beyond to help us with our migration.
RSP-5613,CUST-2975,2025-01-23,North America,Mid-Market,Finance,Phone,Customer Support,9,4,1,Yes,Best customer service team in the industry. Kudos!
RSP-5614,CUST-3269,2025-10-05,Europe,Mid-Market,Retail,Email,Delivery,2,3,10,Yes,Delivery took twice as long as promised.
RSP-5615,CUST-1052,2025-09-08,Latin America,SMB,Finance,In-App,Customer Support,8,4,2,Yes,"Pricing is fair, but onboarding was slightly confusing."
RSP-5616,CUST-4373,2025-06-19,Asia-Pacific,Enterprise,Healthcare,Email,Delivery,3,2,21,No,Product keeps crashing after the latest update.
RSP-5617,CUST-1726,2025-09-15,Europe,SMB,Healthcare,Phone,Product,10,4,1,Yes,Great value for money and outstanding service reliability.
RSP-5618,CUST-3274,2025-01-01,Europe,Enterprise,Finance,Web,Product,9,5,3,Yes,Top-tier enterprise platform with excellent security features.
RSP-5619,CUST-3858,2025-07-02,North America,Mid-Market,Finance,In-App,Pricing,9,5,1,Yes,Best customer service team in the industry. Kudos!
RSP-5620,CUST-2345,2025-01-14,North America,SMB,Finance,Phone,Product,5,2,14,Yes,Product keeps crashing after the latest update.
RSP-5621,CUST-1174,2025-12-08,North America,Mid-Market,Technology,Email,Product,8,4,5,Yes,"Delivery was on time, product packaging was slightly damaged."
RSP-5622,CUST-2577,2025-03-30,Asia-Pacific,Enterprise,Finance,Phone,Product,9,5,1,Yes,Super fast delivery and pristine quality. Highly recommended!
RSP-5623,CUST-2918,2025-01-24,Asia-Pacific,SMB,Manufacturing,Web,Quality,0,1,4,Yes,Delivery took twice as long as promised.
RSP-5624,CUST-2604,2025-04-18,North America,SMB,Healthcare,Phone,Delivery,6,2,5,No,Pricing is way too high for the features provided.
RSP-5625,CUST-2086,2025-06-01,North America,SMB,Technology,Phone,Pricing,6,2,7,Yes,Billing error was not resolved on time.
RSP-5626,CUST-1501,2025-12-05,North America,Mid-Market,Technology,In-App,Quality,5,2,5,Yes,Billing error was not resolved on time.
RSP-5627,CUST-2848,2025-11-13,Asia-Pacific,Mid-Market,Technology,Web,Pricing,5,1,5,Yes,Delivery took twice as long as promised.
RSP-5628,CUST-1257,2025-03-02,Asia-Pacific,SMB,Manufacturing,Web,Customer Support,7,4,3,Yes,"Pricing is fair, but onboarding was slightly confusing."
RSP-5629,CUST-4003,2025-11-18,Europe,Enterprise,Retail,Email,Quality,5,2,5,No,Quality has visibly degraded over the last few months.
RSP-5630,CUST-4537,2025-03-20,North America,Mid-Market,Technology,Phone,Quality,8,3,3,Yes,"Support resolved the issue, but communication could be better."
RSP-5631,CUST-2303,2025-08-31,Europe,Enterprise,Technology,Phone,Product,9,5,1,Yes,Top-tier enterprise platform with excellent security features.
RSP-5632,CUST-1062,2025-03-29,Asia-Pacific,Mid-Market,Technology,Web,Product,10,5,3,Yes,No feedback provided
RSP-5633,CUST-1287,2025-09-30,Europe,SMB,Technology,Email,Delivery,8,4,3,Yes,"Average experience, nothing exceptional to report."
RSP-5634,CUST-4443,2025-02-25,Europe,Enterprise,Finance,Phone,Customer Support,9,5,3,Yes,Fantastic product! Has significantly improved our team productivity.
RSP-5635,CUST-2290,2025-04-19,Europe,SMB,Retail,Phone,Product,7,3,2,Yes,"Support resolved the issue, but communication could be better."
RSP-5636,CUST-2259,2025-08-01,Asia-Pacific,Mid-Market,Technology,Email,Customer Support,9,5,3,Yes,Fantastic product! Has significantly improved our team productivity.
RSP-5637,CUST-4560,2025-04-28,Europe,SMB,Technology,Email,Product,5,1,14,Yes,Delivery took twice as long as promised.
RSP-5638,CUST-3180,2025-09-24,Asia-Pacific,SMB,Manufacturing,In-App,Customer Support,7,4,4,No,"Acceptable response time, issue was eventually fixed."
RSP-5639,CUST-4711,2025-03-22,Middle East & Africa,SMB,Healthcare,In-App,Pricing,4,2,10,Yes,Frequent downtime impacted our business operations.
RSP-5640,CUST-2766,2025-08-18,Asia-Pacific,Enterprise,Healthcare,Phone,Customer Support,3,1,14,Yes,Customer service agent was rude and transferred me three times.
RSP-5641,CUST-2410,2025-11-09,North America,SMB,Healthcare,Web,Delivery,7,4,5,Yes,"Service is okay, expecting more frequent software updates."
RSP-5642,CUST-3287,2025-06-11,North America,SMB,Finance,Web,Product,8,4,2,Yes,"Delivery was on time, product packaging was slightly damaged."
RSP-5643,CUST-2754,2025-01-11,Middle East & Africa,Enterprise,Technology,Email,Quality,6,1,10,Yes,Pricing is way too high for the features provided.
RSP-5644,CUST-4324,2025-06-01,North America,Enterprise,Technology,Email,Delivery,5,1,4,Yes,Customer service agent was rude and transferred me three times.
RSP-5645,CUST-4808,2025-02-16,North America,Enterprise,Technology,In-App,Customer Support,9,5,1,Yes,Fantastic product! Has significantly improved our team productivity.
RSP-5646,CUST-2038,2025-01-28,Europe,Mid-Market,Manufacturing,Email,Product,2,2,5,No,Pricing is way too high for the features provided.
RSP-5647,CUST-1927,2025-10-14,Europe,Mid-Market,Healthcare,Phone,Customer Support,7,4,2,Yes,"Service is okay, expecting more frequent software updates."
RSP-5648,CUST-4232,2025-11-29,Europe,SMB,Retail,Phone,Product,10,4,1,Yes,Super fast delivery and pristine quality. Highly recommended!
RSP-5649,CUST-1432,2025-09-23,North America,Mid-Market,Healthcare,In-App,Customer Support,8,4,2,Yes,"Average experience, nothing exceptional to report."
RSP-5650,CUST-2898,2025-03-06,Asia-Pacific,Mid-Market,Healthcare,Phone,Customer Support,9,5,3,Yes,Great value for money and outstanding service reliability.
RSP-5651,CUST-1415,2025-09-18,North America,Mid-Market,Finance,Email,Delivery,6,2,14,No,Frequent downtime impacted our business operations.
RSP-5652,CUST-1607,2025-05-04,North America,Mid-Market,Finance,Email,Product,5,1,10,Yes,Platform UI is slow and unintuitive.
RSP-5653,CUST-1684,2025-06-23,North America,Enterprise,Finance,Email,Product,7,4,3,Yes,"Support resolved the issue, but communication could be better."
RSP-5654,CUST-3127,2025-05-14,North America,Enterprise,Technology,In-App,Product,10,5,1,Yes,Smooth experience from purchase to setup. Very satisfied!
RSP-5655,CUST-2115,2025-04-02,Europe,Mid-Market,Finance,Phone,Product,8,4,3,No,"Product works fine, but missing key integrations."
RSP-5656,CUST-4503,2025-09-09,North America,SMB,Finance,Phone,Quality,9,3,2,Yes,Great value for money and outstanding service reliability.
RSP-5657,CUST-2144,2025-04-23,Europe,SMB,Technology,Email,Customer Support,7,4,3,Yes,"Support resolved the issue, but communication could be better."
RSP-5658,CUST-2210,2025-11-16,Europe,Mid-Market,Manufacturing,In-App,Customer Support,4,1,14,Yes,Billing error was not resolved on time.
RSP-5659,CUST-1585,2025-08-05,Middle East & Africa,Mid-Market,Retail,Email,Delivery,6,3,7,Yes,Platform UI is slow and unintuitive.
RSP-5660,CUST-1656,2025-06-14,Latin America,Mid-Market,Technology,Phone,Customer Support,7,5,3,Yes,"Service is okay, expecting more frequent software updates."
RSP-5661,CUST-2348,2025-12-15,North America,Mid-Market,Technology,Email,Product,1,1,5,Yes,Quality has visibly degraded over the last few months.
RSP-5662,CUST-3766,2025-01-16,North America,SMB,Healthcare,Email,Product,8,4,3,Yes,"Product works fine, but missing key integrations."
RSP-5663,CUST-1094,2025-01-14,Asia-Pacific,SMB,Retail,Email,Customer Support,0,2,7,Yes,Support response was extremely slow and unhelpful.
RSP-5664,CUST-1248,2025-02-12,Europe,SMB,Finance,Email,Customer Support,9,4,1,Yes,Smooth experience from purchase to setup. Very satisfied!
RSP-5665,CUST-2351,2025-11-23,Europe,Mid-Market,Healthcare,In-App,Pricing,3,1,5,Yes,Frequent downtime impacted our business operations.
RSP-5666,CUST-1664,2025-02-12,Europe,SMB,Retail,In-App,Product,9,5,1,Yes,Great value for money and outstanding service reliability.
RSP-5667,CUST-4938,2025-02-20,Asia-Pacific,Mid-Market,Manufacturing,Phone,Delivery,3,1,7,Yes,Billing error was not resolved on time.
RSP-5668,CUST-4043,2025-01-30,Europe,Mid-Market,Retail,Email,Customer Support,9,5,3,Yes,Exceptional customer support! Issue resolved within an hour.
RSP-5669,CUST-2226,2025-06-30,North America,SMB,Manufacturing,Web,Delivery,10,4,1,Yes,Smooth experience from purchase to setup. Very satisfied!
RSP-5670,CUST-4105,2025-12-11,Europe,SMB,Retail,Web,Delivery,9,5,1,Yes,Fantastic product! Has significantly improved our team productivity.
RSP-5671,CUST-5128,2025-11-27,North America,Enterprise,Manufacturing,Phone,Pricing,5,1,4,No,Quality has visibly degraded over the last few months.
RSP-5672,CUST-3393,2025-05-14,North America,Mid-Market,Technology,Web,Product,1,2,5,Yes,Delivery took twice as long as promised.
RSP-5673,CUST-1696,2025-10-07,Asia-Pacific,SMB,Technology,Web,Pricing,6,2,14,No,Delivery took twice as long as promised.
RSP-5674,CUST-4905,2025-05-28,North America,SMB,Technology,In-App,Product,7,5,2,Yes,"Service is okay, expecting more frequent software updates."
RSP-5675,CUST-1627,2025-03-19,Europe,SMB,Technology,Phone,Delivery,2,2,4,Yes,Delivery took twice as long as promised.
RSP-5676,CUST-3367,2025-09-14,Asia-Pacific,SMB,Finance,Email,Customer Support,10,5,1,No,Exceptional customer support! Issue resolved within an hour.
RSP-5677,CUST-3573,2025-07-14,Europe,SMB,Finance,Email,Product,9,5,1,Yes,Best customer service team in the industry. Kudos!
RSP-5678,CUST-1330,2025-09-17,Latin America,SMB,Healthcare,Web,Product,8,4,3,Yes,"Decent features for SMBs, but needs better reporting tools."
RSP-5679,CUST-4828,2025-01-14,Europe,Mid-Market,Technology,In-App,Product,6,3,5,Yes,Support response was extremely slow and unhelpful.
RSP-5681,CUST-3012,2025-07-13,North America,Mid-Market,Finance,Web,Quality,5,1,7,Yes,"Issue took over a week to resolve, very frustrating."
RSP-5682,CUST-3797,2025-02-15,North America,SMB,Healthcare,Phone,Product,6,1,10,No,"Issue took over a week to resolve, very frustrating."
RSP-5683,CUST-3253,2025-09-29,Europe,Enterprise,Finance,Web,Pricing,6,2,7,Yes,Delivery took twice as long as promised.
RSP-5684,CUST-4319,2025-07-13,Europe,SMB,Finance,Phone,Customer Support,8,3,4,Yes,"Support resolved the issue, but communication could be better."
RSP-5685,CUST-2931,2025-07-31,Asia-Pacific,Mid-Market,Manufacturing,Phone,Customer Support,10,5,1,Yes,Super fast delivery and pristine quality. Highly recommended!
RSP-5686,CUST-3207,2025-09-19,Middle East & Africa,SMB,Technology,Phone,Customer Support,2,1,7,No,Pricing is way too high for the features provided.
RSP-5687,CUST-3634,2025-07-09,North America,SMB,Retail,Web,Delivery,5,1,14,Yes,Support response was extremely slow and unhelpful.
RSP-5688,CUST-3999,2025-06-08,North America,Mid-Market,Healthcare,In-App,Customer Support,9,4,2,Yes,Super fast delivery and pristine quality. Highly recommended!
RSP-5689,CUST-4074,2025-01-22,Latin America,Mid-Market,Finance,Phone,Product,6,1,5,Yes,Platform UI is slow and unintuitive.
RSP-5690,CUST-1322,2025-11-17,North America,Mid-Market,Healthcare,Phone,Product,8,4,2,Yes,"Service is okay, expecting more frequent software updates."
RSP-5691,CUST-1434,2025-07-28,North America,SMB,Manufacturing,Phone,Delivery,6,2,5,Yes,Pricing is way too high for the features provided.
RSP-5692,CUST-2969,2025-07-30,North America,Enterprise,Finance,In-App,Delivery,1,1,5,Yes,Frequent downtime impacted our business operations.
RSP-5693,CUST-4768,2025-11-13,North America,Enterprise,Finance,Phone,Pricing,6,1,10,Yes,"Issue took over a week to resolve, very frustrating."
RSP-5694,CUST-1139,2025-11-16,Europe,Enterprise,Technology,Phone,Product,6,1,10,Yes,Platform UI is slow and unintuitive.
RSP-5695,CUST-2513,2025-03-06,Europe,SMB,Technology,Web,Quality,10,5,1,Yes,Fantastic product! Has significantly improved our team productivity.
RSP-5696,CUST-1497,2025-05-18,North America,Enterprise,Technology,Web,Product,8,4,3,Yes,"Product works fine, but missing key integrations."
RSP-5697,CUST-2002,2025-07-20,North America,Enterprise,Technology,Email,Delivery,9,5,2,No,The team went above and beyond to help us with our migration.
RSP-5698,CUST-2017,2025-10-12,Europe,Enterprise,Manufacturing,Web,Pricing,6,2,14,No,Platform UI is slow and unintuitive.
RSP-5699,CUST-1040,2025-05-14,Europe,Mid-Market,Retail,Web,Delivery,5,2,4,Yes,Quality has visibly degraded over the last few months.
RSP-5700,CUST-2453,2025-10-08,North America,SMB,Technology,Phone,Quality,4,1,14,No,Billing error was not resolved on time.
RSP-5701,CUST-5083,2025-05-08,North America,SMB,Retail,Web,Product,7,4,3,Yes,"Pricing is fair, but onboarding was slightly confusing."
RSP-5702,CUST-4097,2025-04-07,North America,Mid-Market,Healthcare,Email,Customer Support,7,4,4,Yes,"Support resolved the issue, but communication could be better."
RSP-5703,CUST-4274,2025-05-18,Asia-Pacific,Enterprise,Technology,Phone,Pricing,2,2,4,Yes,Pricing is way too high for the features provided.
RSP-5704,CUST-2268,2025-12-11,North America,SMB,Technology,Email,Customer Support,5,1,4,No,Product keeps crashing after the latest update.
RSP-5705,CUST-2159,2025-12-23,North America,SMB,Technology,Email,Quality,7,4,3,Yes,"Decent features for SMBs, but needs better reporting tools."
RSP-5706,CUST-3417,2025-03-29,Europe,Mid-Market,Technology,In-App,Delivery,2,1,14,Yes,Platform UI is slow and unintuitive.
RSP-5707,CUST-3519,2025-07-28,Europe,SMB,Finance,Web,Product,9,5,3,Yes,The team went above and beyond to help us with our migration.
RSP-5708,CUST-2299,2025-01-11,North America,Enterprise,Healthcare,Email,Quality,10,5,1,Yes,Great value for money and outstanding service reliability.
RSP-5709,CUST-4438,2025-03-08,Middle East & Africa,Enterprise,Finance,Email,Pricing,3,1,10,Yes,"Issue took over a week to resolve, very frustrating."
RSP-5710,CUST-4529,2025-04-20,Europe,Enterprise,Healthcare,Email,Customer Support,10,5,2,Yes,Fantastic product! Has significantly improved our team productivity.
RSP-5711,CUST-3536,2025-05-09,Europe,Enterprise,Finance,Email,Product,9,5,1,Yes,Fantastic product! Has significantly improved our team productivity.
RSP-5712,CUST-4784,2025-01-21,Latin America,Mid-Market,Finance,Email,Pricing,2,3,14,No,Customer service agent was rude and transferred me three times.
RSP-5713,CUST-3388,2025-11-20,Asia-Pacific,Mid-Market,Manufacturing,Web,Delivery,0,2,10,No,Customer service agent was rude and transferred me three times.
RSP-5714,CUST-2283,2025-07-01,Asia-Pacific,Enterprise,Healthcare,Phone,Customer Support,7,4,3,Yes,"Acceptable response time, issue was eventually fixed."
RSP-5715,CUST-3380,2025-01-22,Europe,Mid-Market,Technology,Web,Product,9,4,1,Yes,Super fast delivery and pristine quality. Highly recommended!
RSP-5716,CUST-4303,2025-04-28,North America,SMB,Technology,Email,Quality,8,3,5,Yes,"Acceptable response time, issue was eventually fixed."
RSP-5717,CUST-3784,2025-10-06,North America,SMB,Healthcare,Email,Quality,8,4,4,Yes,"Average experience, nothing exceptional to report."
RSP-5718,CUST-3407,2025-04-09,North America,SMB,Healthcare,Phone,Pricing,7,4,3,Yes,"Product works fine, but missing key integrations."
RSP-5719,CUST-1693,2025-08-29,North America,SMB,Retail,Web,Customer Support,5,3,5,Yes,Customer service agent was rude and transferred me three times.
RSP-5720,CUST-3520,2025-07-30,Middle East & Africa,SMB,Finance,Email,Product,7,4,4,Yes,"Delivery was on time, product packaging was slightly damaged."
RSP-5721,CUST-3380,2025-09-20,Europe,Mid-Market,Retail,Web,Pricing,8,3,5,Yes,"Product works fine, but missing key integrations."
RSP-5722,CUST-2850,2025-02-25,Middle East & Africa,SMB,Finance,Email,Product,3,3,5,Yes,"Issue took over a week to resolve, very frustrating."
RSP-5723,CUST-2977,2025-10-12,Latin America,Mid-Market,Finance,Phone,Product,10,5,1,Yes,Super fast delivery and pristine quality. Highly recommended!
RSP-5724,CUST-3256,2025-06-19,Asia-Pacific,Enterprise,Healthcare,Web,Quality,8,4,3,Yes,"Average experience, nothing exceptional to report."
RSP-5725,CUST-4814,2025-11-09,North America,Mid-Market,Finance,Web,Product,6,2,10,No,Support response was extremely slow and unhelpful.
RSP-5726,CUST-3784,2025-01-20,North America,Enterprise,Finance,In-App,Quality,7,5,3,Yes,"Delivery was on time, product packaging was slightly damaged."
RSP-5727,CUST-1471,2025-05-30,North America,SMB,Finance,Email,Product,7,3,3,No,"Pricing is fair, but onboarding was slightly confusing."
RSP-5728,CUST-2676,2025-04-21,North America,Mid-Market,Technology,Web,Customer Support,5,3,10,No,Pricing is way too high for the features provided.
RSP-5729,CUST-3908,2025-04-10,North America,Mid-Market,Manufacturing,Web,Quality,7,4,4,Yes,"Delivery was on time, product packaging was slightly damaged."
RSP-5730,CUST-3581,2025-12-29,Asia-Pacific,SMB,Technology,Email,Delivery,8,4,3,Yes,"Support resolved the issue, but communication could be better."
RSP-5731,CUST-4233,2025-04-24,Europe,SMB,Technology,Web,Product,1,1,7,No,Delivery took twice as long as promised.
RSP-5732,CUST-1837,2025-02-16,Europe,Enterprise,Manufacturing,Email,Pricing,9,5,1,Yes,Fantastic product! Has significantly improved our team productivity.
RSP-5733,CUST-4725,2025-09-27,Asia-Pacific,Mid-Market,Technology,Web,Customer Support,5,3,14,Yes,Billing error was not resolved on time.
RSP-5734,CUST-2013,2025-10-06,North America,Mid-Market,Technology,Email,Quality,10,5,2,Yes,Exceptional customer support! Issue resolved within an hour.
RSP-5735,CUST-2627,2025-05-04,North America,Enterprise,Technology,Phone,Quality,6,2,5,No,Frequent downtime impacted our business operations.
RSP-5736,CUST-1748,2025-11-20,North America,Enterprise,Technology,Email,Delivery,0,2,14,Yes,Pricing is way too high for the features provided.
RSP-5737,CUST-5035,2025-04-21,Europe,Mid-Market,Manufacturing,Email,Customer Support,7,4,2,Yes,"Average experience, nothing exceptional to report."
RSP-5738,CUST-4317,2025-11-26,North America,Enterprise,Technology,Web,Customer Support,8,3,2,Yes,"Acceptable response time, issue was eventually fixed."
RSP-5739,CUST-2849,2025-01-21,North America,SMB,Retail,Email,Quality,7,4,4,Yes,"Decent features for SMBs, but needs better reporting tools."
RSP-5740,CUST-1284,2025-02-09,Asia-Pacific,Mid-Market,Retail,Phone,Product,6,3,5,Yes,Product keeps crashing after the latest update.
RSP-5741,CUST-5136,2025-09-12,North America,Enterprise,Technology,Email,Delivery,8,4,3,Yes,"Acceptable response time, issue was eventually fixed."
RSP-5742,CUST-4189,2025-02-18,Latin America,Mid-Market,Technology,Phone,Quality,8,5,2,No,"Service is okay, expecting more frequent software updates."
RSP-5743,CUST-5101,2025-07-28,North America,Enterprise,Healthcare,Email,Customer Support,10,5,1,Yes,Exceptional customer support! Issue resolved within an hour.
RSP-5744,CUST-1087,2025-04-05,Middle East & Africa,Mid-Market,Manufacturing,In-App,Product,0,1,14,No,Pricing is way too high for the features provided.
RSP-5745,CUST-1217,2025-01-16,Europe,Enterprise,Technology,In-App,Delivery,6,3,14,Yes,Frequent downtime impacted our business operations.
RSP-5746,CUST-1874,2025-06-21,Europe,SMB,Technology,Phone,Product,9,5,3,Yes,Top-tier enterprise platform with excellent security features.
RSP-5747,CUST-1917,2025-10-09,Europe,Enterprise,Technology,Phone,Customer Support,0,1,7,Yes,Delivery took twice as long as promised.
RSP-5748,CUST-1107,2025-05-06,North America,Mid-Market,Finance,Phone,Delivery,2,1,4,Yes,Customer service agent was rude and transferred me three times.
RSP-5749,CUST-3734,2025-08-30,Asia-Pacific,Enterprise,Technology,Email,Delivery,3,1,4,No,Billing error was not resolved on time.
RSP-5750,CUST-3161,2025-05-26,Latin America,SMB,Technology,Email,Customer Support,6,2,7,Yes,Frequent downtime impacted our business operations.
RSP-5751,CUST-1980,2025-08-01,Europe,Mid-Market,Retail,Web,Customer Support,7,4,5,Yes,"Product works fine, but missing key integrations."
RSP-5752,CUST-2750,2025-07-20,Europe,SMB,Finance,Web,Customer Support,9,5,1,Yes,Smooth experience from purchase to setup. Very satisfied!
RSP-5753,CUST-3832,2025-03-10,North America,Mid-Market,Finance,Phone,Product,7,3,4,Yes,"Product works fine, but missing key integrations."
RSP-5754,CUST-1624,2025-06-09,Asia-Pacific,Enterprise,Technology,In-App,Product,9,5,1,Yes,Fantastic product! Has significantly improved our team productivity.
RSP-5755,CUST-2009,2025-09-27,North America,SMB,Technology,Email,Customer Support,5,2,7,Yes,No feedback provided
RSP-5756,CUST-3349,2025-02-25,North America,Enterprise,Technology,Email,Quality,1,1,5,Yes,Platform UI is slow and unintuitive.
RSP-5757,CUST-3394,2025-04-26,Asia-Pacific,SMB,Healthcare,Email,Product,6,2,7,Yes,Pricing is way too high for the features provided.
RSP-5758,CUST-4252,2025-09-29,Asia-Pacific,SMB,Retail,Email,Product,3,1,5,No,Billing error was not resolved on time.
RSP-5759,CUST-3809,2025-01-14,North America,Mid-Market,Retail,Email,Product,9,5,3,Yes,Super fast delivery and pristine quality. Highly recommended!
RSP-5760,CUST-4336,2025-04-10,Asia-Pacific,Mid-Market,Technology,Web,Pricing,4,1,7,No,Delivery took twice as long as promised.
RSP-5761,CUST-2291,2025-04-21,North America,SMB,Retail,Web,Customer Support,10,4,1,Yes,Super fast delivery and pristine quality. Highly recommended!
RSP-5762,CUST-1602,2025-05-03,North America,Mid-Market,Technology,Web,Delivery,6,1,4,Yes,Billing error was not resolved on time.
RSP-5763,CUST-3252,2025-06-21,North America,Enterprise,Technology,Phone,Product,7,3,4,Yes,"Acceptable response time, issue was eventually fixed."
RSP-5764,CUST-4426,2025-02-09,North America,Mid-Market,Retail,Phone,Delivery,6,2,4,Yes,Product keeps crashing after the latest update.
RSP-5765,CUST-3090,2025-01-19,Middle East & Africa,Mid-Market,Healthcare,Email,Quality,2,3,5,Yes,Quality has visibly degraded over the last few months.
RSP-5766,CUST-2065,2025-09-24,Middle East & Africa,Enterprise,Healthcare,Email,Customer Support,7,4,3,Yes,"Decent features for SMBs, but needs better reporting tools."
RSP-5767,CUST-1351,2025-07-07,Europe,Mid-Market,Healthcare,Email,Quality,6,3,5,Yes,Support response was extremely slow and unhelpful.
RSP-5768,CUST-3764,2025-05-02,North America,Enterprise,Healthcare,Email,Quality,7,4,4,Yes,"Service is okay, expecting more frequent software updates."
RSP-5769,CUST-4239,2025-08-08,Asia-Pacific,Mid-Market,Technology,Web,Delivery,6,3,14,No,Customer service agent was rude and transferred me three times.
RSP-5770,CUST-1379,2025-09-23,Europe,SMB,Technology,Web,Delivery,4,3,10,No,Product keeps crashing after the latest update.
RSP-5771,CUST-1954,2025-03-07,North America,Enterprise,Manufacturing,Phone,Quality,8,5,3,Yes,"Decent features for SMBs, but needs better reporting tools."
RSP-5772,CUST-1147,2025-01-22,North America,SMB,Technology,Email,Customer Support,9,5,1,Yes,Great value for money and outstanding service reliability.
RSP-5773,CUST-1453,2025-09-24,Asia-Pacific,Mid-Market,Healthcare,Phone,Quality,9,4,1,Yes,Great value for money and outstanding service reliability.
RSP-5774,CUST-3959,2025-07-19,Europe,Mid-Market,Healthcare,Web,Delivery,2,1,4,No,Customer service agent was rude and transferred me three times.
RSP-5776,CUST-2261,2025-12-17,Asia-Pacific,Mid-Market,Finance,Email,Product,1,1,5,Yes,Billing error was not resolved on time.
RSP-5777,CUST-1595,2025-06-14,Asia-Pacific,SMB,Finance,Phone,Product,7,4,3,Yes,"Pricing is fair, but onboarding was slightly confusing."
RSP-5778,CUST-1818,2025-03-31,Europe,Enterprise,Manufacturing,Email,Pricing,7,4,2,No,"Pricing is fair, but onboarding was slightly confusing."
RSP-5779,CUST-3080,2025-06-24,Europe,Enterprise,Healthcare,Phone,Product,2,1,4,Yes,"Issue took over a week to resolve, very frustrating."
RSP-5780,CUST-1426,2025-08-09,North America,Enterprise,Technology,In-App,Customer Support,7,4,2,No,"Average experience, nothing exceptional to report."
RSP-5781,CUST-4573,2025-10-20,Europe,Mid-Market,Manufacturing,Web,Delivery,9,5,3,Yes,Fantastic product! Has significantly improved our team productivity.
RSP-5782,CUST-4976,2025-11-17,Middle East & Africa,Mid-Market,Finance,Email,Product,2,1,5,Yes,Billing error was not resolved on time.
RSP-5783,CUST-4477,2025-10-15,Middle East & Africa,SMB,Healthcare,Web,Customer Support,4,2,7,Yes,Delivery took twice as long as promised.
RSP-5784,CUST-2727,2025-09-26,North America,Mid-Market,Finance,Email,Customer Support,7,4,5,Yes,"Delivery was on time, product packaging was slightly damaged."
RSP-5785,CUST-3378,2025-01-21,Asia-Pacific,Enterprise,Unknown,Phone,Quality,9,5,1,Yes,Fantastic product! Has significantly improved our team productivity.
RSP-5786,CUST-2983,2025-06-05,North America,Mid-Market,Healthcare,Phone,Customer Support,8,5,4,No,"Product works fine, but missing key integrations."
RSP-5787,CUST-4665,2025-04-10,Asia-Pacific,Mid-Market,Healthcare,Web,Customer Support,9,5,2,Yes,Smooth experience from purchase to setup. Very satisfied!
RSP-5788,CUST-3444,2025-05-02,Europe,Mid-Market,Technology,In-App,Quality,5,1,10,Yes,Billing error was not resolved on time.
RSP-5789,CUST-2118,2025-07-28,Europe,Mid-Market,Retail,Web,Delivery,8,5,3,Yes,"Product works fine, but missing key integrations."
RSP-5790,CUST-2736,2025-04-30,Asia-Pacific,Mid-Market,Healthcare,Email,Delivery,4,2,4,Yes,"Issue took over a week to resolve, very frustrating."
RSP-5791,CUST-2016,2025-01-28,Asia-Pacific,Enterprise,Finance,Email,Customer Support,7,4,3,Yes,"Support resolved the issue, but communication could be better."
RSP-5792,CUST-4035,2025-08-20,North America,SMB,Finance,In-App,Quality,9,5,1,Yes,Exceptional customer support! Issue resolved within an hour.
RSP-5793,CUST-1389,2025-09-17,North America,Mid-Market,Retail,Phone,Product,7,5,5,Yes,"Acceptable response time, issue was eventually fixed."
RSP-5794,CUST-1531,2025-05-29,Latin America,Enterprise,Technology,Email,Product,7,3,3,Yes,"Delivery was on time, product packaging was slightly damaged."
RSP-5795,CUST-2489,2025-01-09,North America,SMB,Technology,Email,Product,9,5,1,Yes,Best customer service team in the industry. Kudos!
RSP-5796,CUST-3090,2025-10-26,Europe,Mid-Market,Technology,Phone,Quality,3,2,4,Yes,Delivery took twice as long as promised.
RSP-5797,CUST-4300,2025-11-03,North America,SMB,Technology,Phone,Product,7,3,2,Yes,"Decent features for SMBs, but needs better reporting tools."
RSP-5798,CUST-4079,2025-12-03,Asia-Pacific,Mid-Market,Finance,Email,Customer Support,9,4,2,Yes,The team went above and beyond to help us with our migration.
RSP-5799,CUST-4737,2025-02-15,North America,SMB,Technology,Email,Delivery,8,3,3,Yes,"Delivery was on time, product packaging was slightly damaged."
RSP-5800,CUST-2189,2025-10-02,North America,SMB,Healthcare,Web,Customer Support,7,4,4,Yes,"Acceptable response time, issue was eventually fixed."
RSP-5801,CUST-4146,2025-11-23,Latin America,SMB,Finance,In-App,Customer Support,1,2,5,Yes,Frequent downtime impacted our business operations.
RSP-5802,CUST-3033,2025-03-17,Europe,Mid-Market,Technology,Email,Product,4,2,5,No,"Issue took over a week to resolve, very frustrating."
RSP-5803,CUST-1843,2025-05-31,Latin America,SMB,Healthcare,Web,Product,9,5,1,Yes,Exceptional customer support! Issue resolved within an hour.
RSP-5804,CUST-5099,2025-06-08,Europe,Mid-Market,Technology,Phone,Delivery,4,1,5,Yes,Frequent downtime impacted our business operations.
RSP-5805,CUST-2592,2025-03-31,Asia-Pacific,Mid-Market,Technology,Email,Customer Support,10,4,1,Yes,Great value for money and outstanding service reliability.
RSP-5806,CUST-1887,2025-04-05,North America,Mid-Market,Manufacturing,Email,Customer Support,8,3,2,Yes,"Pricing is fair, but onboarding was slightly confusing."
RSP-5807,CUST-3411,2025-03-14,Asia-Pacific,Enterprise,Finance,Phone,Delivery,6,1,7,Yes,Customer service agent was rude and transferred me three times.
RSP-5808,CUST-4311,2025-10-16,Europe,Mid-Market,Finance,Phone,Customer Support,10,5,1,Yes,Exceptional customer support! Issue resolved within an hour.
RSP-5809,CUST-4340,2025-11-15,Asia-Pacific,Enterprise,Healthcare,Phone,Pricing,10,5,1,Yes,Exceptional customer support! Issue resolved within an hour.
RSP-5810,CUST-4874,2025-03-21,North America,SMB,Finance,Web,Product,7,4,2,Yes,"Decent features for SMBs, but needs better reporting tools."
RSP-5811,CUST-1964,2025-08-23,North America,SMB,Finance,Phone,Product,7,3,3,Yes,"Decent features for SMBs, but needs better reporting tools."
RSP-5812,CUST-1250,2025-11-25,North America,Enterprise,Technology,Web,Quality,8,4,2,Yes,"Service is okay, expecting more frequent software updates."
RSP-5813,CUST-2424,2025-04-21,North America,Mid-Market,Technology,Email,Delivery,7,3,4,Yes,"Delivery was on time, product packaging was slightly damaged."
RSP-5814,CUST-2868,2025-09-24,Europe,Enterprise,Finance,Web,Product,10,5,3,Yes,Great value for money and outstanding service reliability.
RSP-5815,CUST-3668,2025-12-10,North America,Mid-Market,Technology,Email,Customer Support,10,5,1,Yes,Smooth experience from purchase to setup. Very satisfied!
RSP-5816,CUST-2998,2025-09-24,Europe,Enterprise,Technology,Web,Quality,9,5,1,Yes,Super fast delivery and pristine quality. Highly recommended!
RSP-5817,CUST-1143,2025-05-26,North America,SMB,Technology,Web,Quality,4,2,5,Yes,Support response was extremely slow and unhelpful.
RSP-5818,CUST-3823,2025-07-28,Asia-Pacific,SMB,Manufacturing,Email,Delivery,8,4,4,Yes,"Support resolved the issue, but communication could be better."
RSP-5819,CUST-2167,2025-12-22,Asia-Pacific,SMB,Retail,Web,Product,7,3,2,Yes,"Decent features for SMBs, but needs better reporting tools."
RSP-5820,CUST-3796,2025-01-16,Middle East & Africa,Mid-Market,Retail,In-App,Product,4,1,7,Yes,Platform UI is slow and unintuitive.
RSP-5821,CUST-2206,2025-07-27,Asia-Pacific,Enterprise,Technology,Email,Customer Support,10,5,2,Yes,Smooth experience from purchase to setup. Very satisfied!
RSP-5822,CUST-2201,2025-08-11,Europe,Mid-Market,Technology,Phone,Delivery,3,1,21,No,Quality has visibly degraded over the last few months.
RSP-5823,CUST-1765,2025-10-09,North America,SMB,Manufacturing,Web,Customer Support,7,4,3,No,"Decent features for SMBs, but needs better reporting tools."
RSP-5824,CUST-4099,2025-06-26,Asia-Pacific,Mid-Market,Finance,Phone,Quality,1,2,5,Yes,Customer service agent was rude and transferred me three times.
RSP-5825,CUST-1596,2025-04-21,Asia-Pacific,Mid-Market,Finance,Email,Pricing,7,4,4,Yes,"Product works fine, but missing key integrations."
RSP-5826,CUST-4947,2025-08-07,Europe,Enterprise,Technology,In-App,Product,8,3,3,Yes,"Support resolved the issue, but communication could be better."
RSP-5827,CUST-2193,2025-04-08,North America,Mid-Market,Technology,In-App,Pricing,8,3,2,Yes,"Acceptable response time, issue was eventually fixed."
RSP-5828,CUST-3759,2025-03-03,Middle East & Africa,Mid-Market,Technology,Web,Product,10,5,3,Yes,The team went above and beyond to help us with our migration.
RSP-5829,CUST-2573,2025-05-17,Europe,Mid-Market,Technology,Phone,Customer Support,6,1,4,No,Customer service agent was rude and transferred me three times.
RSP-5830,CUST-2220,2025-05-04,Asia-Pacific,SMB,Technology,Phone,Product,9,5,2,Yes,The team went above and beyond to help us with our migration.
RSP-5831,CUST-5169,2025-05-20,North America,SMB,Manufacturing,Phone,Product,8,4,4,Yes,"Product works fine, but missing key integrations."
RSP-5832,CUST-1241,2025-03-26,North America,SMB,Technology,Email,Delivery,0,2,7,Yes,Billing error was not resolved on time.
RSP-5833,CUST-2832,2025-01-01,Europe,SMB,Manufacturing,Web,Delivery,1,2,5,Yes,Support response was extremely slow and unhelpful.
RSP-5834,CUST-4557,2025-11-04,North America,Mid-Market,Finance,Phone,Quality,6,1,7,No,Customer service agent was rude and transferred me three times.
RSP-5835,CUST-4189,2025-02-02,North America,Mid-Market,Technology,Email,Delivery,6,2,4,Yes,Support response was extremely slow and unhelpful.
RSP-5836,CUST-1956,2025-07-18,North America,Mid-Market,Technology,Web,Product,7,4,3,Yes,"Pricing is fair, but onboarding was slightly confusing."
RSP-5837,CUST-1614,2025-02-11,Asia-Pacific,SMB,Technology,In-App,Delivery,0,2,7,Yes,Pricing is way too high for the features provided.
RSP-5838,CUST-3743,2025-01-14,Middle East & Africa,Mid-Market,Healthcare,Email,Product,10,5,1,Yes,Exceptional customer support! Issue resolved within an hour.
RSP-5839,CUST-1542,2025-07-12,Asia-Pacific,Mid-Market,Technology,Web,Customer Support,10,5,1,Yes,Exceptional customer support! Issue resolved within an hour.
RSP-5840,CUST-3287,2025-02-11,Europe,Mid-Market,Technology,Phone,Quality,2,2,4,Yes,Quality has visibly degraded over the last few months.
RSP-5841,CUST-1599,2025-06-14,North America,Mid-Market,Manufacturing,Web,Product,2,2,4,No,Support response was extremely slow and unhelpful.
RSP-5842,CUST-4712,2025-07-28,North America,Mid-Market,Technology,Web,Product,6,2,7,No,Delivery took twice as long as promised.
RSP-5843,CUST-2604,2025-10-26,North America,Enterprise,Healthcare,Email,Delivery,1,3,5,No,Billing error was not resolved on time.
RSP-5844,CUST-4368,2025-11-18,Latin America,SMB,Healthcare,In-App,Customer Support,3,3,7,Yes,Delivery took twice as long as promised.
RSP-5845,CUST-1412,2025-07-08,Asia-Pacific,Mid-Market,Retail,Web,Delivery,2,2,7,Yes,Pricing is way too high for the features provided.
RSP-5846,CUST-3292,2025-05-19,North America,Enterprise,Finance,Email,Product,8,3,2,No,"Product works fine, but missing key integrations."
RSP-5847,CUST-5057,2025-08-14,Asia-Pacific,Mid-Market,Retail,Email,Customer Support,7,4,3,Yes,"Service is okay, expecting more frequent software updates."
RSP-5848,CUST-3306,2025-07-20,Europe,SMB,Healthcare,Web,Delivery,7,4,2,No,"Average experience, nothing exceptional to report."
RSP-5849,CUST-1476,2025-08-18,Asia-Pacific,SMB,Finance,Web,Quality,1,3,5,Yes,Delivery took twice as long as promised.
RSP-5850,CUST-4303,2025-07-30,North America,Mid-Market,Technology,Email,Customer Support,7,4,2,Yes,"Average experience, nothing exceptional to report."
RSP-5851,CUST-2123,2025-06-26,North America,Mid-Market,Healthcare,Email,Delivery,8,3,3,Yes,"Product works fine, but missing key integrations."
RSP-5852,CUST-1754,2025-09-09,North America,Mid-Market,Healthcare,Phone,Quality,9,5,1,Yes,Best customer service team in the industry. Kudos!
RSP-5853,CUST-4149,2025-01-25,Asia-Pacific,SMB,Technology,Web,Quality,7,4,4,Yes,"Average experience, nothing exceptional to report."
RSP-5854,CUST-1547,2025-05-15,Asia-Pacific,SMB,Manufacturing,In-App,Customer Support,1,1,14,Yes,Support response was extremely slow and unhelpful.
RSP-5855,CUST-4254,2025-09-26,North America,Mid-Market,Technology,Phone,Quality,4,2,7,Yes,Platform UI is slow and unintuitive.
RSP-5856,CUST-3152,2025-02-04,North America,SMB,Healthcare,Email,Customer Support,10,5,2,Yes,Great value for money and outstanding service reliability.
RSP-5857,CUST-2625,2025-04-14,North America,Enterprise,Technology,Email,Customer Support,3,3,21,Yes,Billing error was not resolved on time.
RSP-5858,CUST-2901,2025-02-15,Europe,Mid-Market,Finance,Phone,Delivery,3,2,7,No,Delivery took twice as long as promised.
RSP-5859,CUST-3573,2025-07-03,Latin America,SMB,Technology,Web,Delivery,7,5,2,Yes,"Average experience, nothing exceptional to report."
RSP-5860,CUST-2659,2025-06-26,Europe,Enterprise,Finance,Web,Delivery,4,2,4,No,Customer service agent was rude and transferred me three times.
RSP-5861,CUST-1890,2025-08-28,Europe,Mid-Market,Finance,Web,Product,9,5,2,Yes,Fantastic product! Has significantly improved our team productivity.
RSP-5862,CUST-4803,2025-01-06,North America,SMB,Healthcare,Phone,Customer Support,8,3,3,Yes,"Pricing is fair, but onboarding was slightly confusing."
RSP-5863,CUST-2345,2025-12-14,Europe,SMB,Healthcare,Web,Product,10,5,1,Yes,Fantastic product! Has significantly improved our team productivity.
RSP-5864,CUST-1643,2025-11-05,Europe,Mid-Market,Technology,Email,Quality,10,4,1,Yes,Super fast delivery and pristine quality. Highly recommended!
RSP-5865,CUST-1003,2025-07-14,North America,Mid-Market,Finance,Email,Quality,3,2,7,Yes,Product keeps crashing after the latest update.
RSP-5866,CUST-2792,2025-08-05,Asia-Pacific,Enterprise,Technology,Email,Delivery,0,1,4,Yes,Pricing is way too high for the features provided.
RSP-5867,CUST-3603,2025-03-09,Latin America,SMB,Technology,Web,Customer Support,4,1,14,No,Billing error was not resolved on time.
RSP-5868,CUST-5061,2025-10-07,Asia-Pacific,Mid-Market,Finance,Phone,Customer Support,9,4,1,Yes,Smooth experience from purchase to setup. Very satisfied!
RSP-5869,CUST-4080,2025-03-04,North America,Mid-Market,Retail,In-App,Quality,2,1,4,No,Pricing is way too high for the features provided.
RSP-5870,CUST-2787,2025-08-18,Asia-Pacific,SMB,Retail,Email,Product,10,5,1,Yes,Fantastic product! Has significantly improved our team productivity.
RSP-5871,CUST-3430,2025-06-07,Europe,Mid-Market,Technology,Email,Customer Support,5,3,5,Yes,Quality has visibly degraded over the last few months.
RSP-5872,CUST-1402,2025-03-28,Europe,Mid-Market,Technology,Phone,Product,7,3,2,No,"Acceptable response time, issue was eventually fixed."
RSP-5873,CUST-1391,2025-03-14,Asia-Pacific,Enterprise,Manufacturing,Email,Product,3,2,7,Yes,Customer service agent was rude and transferred me three times.
RSP-5874,CUST-3408,2025-09-19,North America,Mid-Market,Finance,Web,Delivery,6,2,7,Yes,Support response was extremely slow and unhelpful.
RSP-5875,CUST-1774,2025-08-09,North America,Mid-Market,Finance,Email,Delivery,4,1,5,Yes,Quality has visibly degraded over the last few months.
RSP-5876,CUST-3332,2025-01-28,Europe,Mid-Market,Finance,Email,Customer Support,0,1,7,No,No feedback provided
RSP-5877,CUST-4700,2025-04-15,Asia-Pacific,Enterprise,Healthcare,Email,Customer Support,6,2,7,No,Quality has visibly degraded over the last few months.
RSP-5878,CUST-1832,2025-07-23,Middle East & Africa,SMB,Finance,In-App,Product,1,2,21,No,Billing error was not resolved on time.
RSP-5879,CUST-1887,2025-03-14,North America,Mid-Market,Unknown,Phone,Product,1,1,10,Yes,Billing error was not resolved on time.
RSP-5880,CUST-5093,2025-12-08,North America,Mid-Market,Finance,In-App,Quality,0,1,5,Yes,Platform UI is slow and unintuitive.
RSP-5881,CUST-2395,2025-04-06,Europe,Enterprise,Manufacturing,Web,Delivery,5,2,7,No,Product keeps crashing after the latest update.
RSP-5882,CUST-1114,2025-03-24,North America,Mid-Market,Technology,Phone,Customer Support,0,1,4,Yes,Product keeps crashing after the latest update.
RSP-5883,CUST-5026,2025-10-29,Europe,SMB,Technology,Email,Delivery,1,1,7,No,Platform UI is slow and unintuitive.
RSP-5884,CUST-2494,2025-02-22,Latin America,Enterprise,Technology,Phone,Delivery,6,2,4,Yes,Pricing is way too high for the features provided.
RSP-5885,CUST-3138,2025-09-23,Latin America,Mid-Market,Retail,Email,Customer Support,4,2,10,Yes,No feedback provided
RSP-5886,CUST-2405,2025-10-21,North America,Mid-Market,Finance,Phone,Customer Support,9,5,1,Yes,Smooth experience from purchase to setup. Very satisfied!
RSP-5887,CUST-5024,2025-12-18,North America,Mid-Market,Finance,Web,Customer Support,8,4,3,Yes,"Service is okay, expecting more frequent software updates."
RSP-5888,CUST-2915,2025-08-07,Europe,Enterprise,Technology,Phone,Product,8,4,4,Yes,"Pricing is fair, but onboarding was slightly confusing."
RSP-5889,CUST-2990,2025-02-28,North America,SMB,Technology,In-App,Product,8,3,3,No,"Average experience, nothing exceptional to report."
RSP-5890,CUST-3608,2025-07-29,Europe,Mid-Market,Technology,In-App,Customer Support,3,1,4,Yes,Support response was extremely slow and unhelpful.
RSP-5891,CUST-3772,2025-04-28,Latin America,Mid-Market,Technology,Email,Delivery,2,1,4,Yes,Frequent downtime impacted our business operations.
RSP-5892,CUST-4683,2025-01-12,North America,SMB,Healthcare,Phone,Pricing,5,2,5,No,Billing error was not resolved on time.
RSP-5893,CUST-4511,2025-07-26,North America,Mid-Market,Healthcare,Phone,Quality,6,1,7,No,Product keeps crashing after the latest update.
RSP-5894,CUST-4715,2025-09-02,Asia-Pacific,Mid-Market,Manufacturing,Email,Pricing,2,3,4,No,Support response was extremely slow and unhelpful.
RSP-5895,CUST-4298,2025-09-12,Asia-Pacific,Mid-Market,Retail,Phone,Product,7,4,3,Yes,"Pricing is fair, but onboarding was slightly confusing."
RSP-5896,CUST-4318,2025-09-23,North America,Mid-Market,Finance,Web,Product,10,5,1,Yes,Super fast delivery and pristine quality. Highly recommended!
RSP-5897,CUST-1126,2025-07-06,Europe,Mid-Market,Finance,Phone,Product,2,1,10,Yes,Support response was extremely slow and unhelpful.
RSP-5898,CUST-4081,2025-10-04,Asia-Pacific,Mid-Market,Healthcare,Web,Product,4,3,7,Yes,Delivery took twice as long as promised.
RSP-5899,CUST-1691,2025-12-04,North America,SMB,Finance,Email,Quality,6,3,5,Yes,Delivery took twice as long as promised.
RSP-5900,CUST-2478,2025-04-25,North America,Mid-Market,Technology,Email,Product,6,3,4,Yes,"Issue took over a week to resolve, very frustrating."
RSP-5901,CUST-3686,2025-12-12,Europe,Mid-Market,Finance,Web,Pricing,7,4,3,Yes,"Average experience, nothing exceptional to report."
RSP-5902,CUST-1706,2025-07-21,Europe,Mid-Market,Technology,Email,Delivery,5,1,7,No,"Issue took over a week to resolve, very frustrating."
RSP-5903,CUST-1121,2025-06-21,Europe,Enterprise,Technology,Web,Pricing,8,4,3,No,"Service is okay, expecting more frequent software updates."
RSP-5904,CUST-1859,2025-12-18,North America,Enterprise,Technology,In-App,Delivery,9,4,2,Yes,The team went above and beyond to help us with our migration.
RSP-5905,CUST-4317,2025-10-19,North America,Mid-Market,Healthcare,Phone,Pricing,0,1,7,No,Delivery took twice as long as promised.
RSP-5906,CUST-1596,2025-09-25,Asia-Pacific,Mid-Market,Finance,Email,Product,8,4,3,Yes,"Average experience, nothing exceptional to report."
RSP-5907,CUST-1595,2025-10-20,Europe,Mid-Market,Retail,Phone,Product,9,5,2,Yes,Super fast delivery and pristine quality. Highly recommended!
RSP-5908,CUST-3681,2025-10-18,North America,Mid-Market,Finance,Email,Quality,8,4,4,Yes,"Decent features for SMBs, but needs better reporting tools."
RSP-5909,CUST-4741,2025-11-01,Asia-Pacific,SMB,Retail,Phone,Delivery,0,3,7,Yes,Support response was extremely slow and unhelpful.
RSP-5910,CUST-3199,2025-05-01,North America,Mid-Market,Technology,In-App,Quality,3,2,7,No,Customer service agent was rude and transferred me three times.
RSP-5911,CUST-3365,2025-10-07,Asia-Pacific,SMB,Healthcare,Email,Customer Support,9,5,1,Yes,Exceptional customer support! Issue resolved within an hour.
RSP-5912,CUST-2297,2025-03-06,Asia-Pacific,Enterprise,Retail,Email,Product,7,5,3,Yes,"Product works fine, but missing key integrations."
RSP-5913,CUST-3710,2025-01-18,North America,SMB,Finance,In-App,Customer Support,3,2,5,No,Frequent downtime impacted our business operations.
RSP-5914,CUST-2882,2025-12-06,North America,Enterprise,Healthcare,Email,Delivery,5,1,7,No,Platform UI is slow and unintuitive.
RSP-5916,CUST-5156,2025-05-30,North America,SMB,Technology,Phone,Product,4,1,14,Yes,Delivery took twice as long as promised.
RSP-5917,CUST-3442,2025-11-07,Europe,Enterprise,Healthcare,Phone,Delivery,7,5,3,Yes,"Acceptable response time, issue was eventually fixed."
RSP-5918,CUST-5195,2025-10-11,Latin America,SMB,Healthcare,Phone,Product,7,4,5,Yes,"Support resolved the issue, but communication could be better."
RSP-5919,CUST-1688,2025-05-26,North America,Mid-Market,Technology,Phone,Pricing,5,3,4,Yes,"Issue took over a week to resolve, very frustrating."
RSP-5920,CUST-4701,2025-11-17,Latin America,Enterprise,Finance,Phone,Delivery,6,2,14,Yes,Platform UI is slow and unintuitive.
RSP-5921,CUST-5157,2025-08-23,Asia-Pacific,Mid-Market,Finance,Email,Delivery,1,1,10,Yes,Support response was extremely slow and unhelpful.
RSP-5922,CUST-4615,2025-02-16,Asia-Pacific,Mid-Market,Technology,Email,Quality,10,5,1,Yes,Smooth experience from purchase to setup. Very satisfied!
RSP-5923,CUST-2466,2025-05-01,Asia-Pacific,Mid-Market,Technology,Email,Quality,6,2,5,No,Platform UI is slow and unintuitive.
RSP-5924,CUST-4290,2025-08-18,Europe,Mid-Market,Finance,Phone,Delivery,2,3,14,Yes,Customer service agent was rude and transferred me three times.
RSP-5925,CUST-4912,2025-04-11,North America,Enterprise,Retail,In-App,Product,9,5,1,Yes,Super fast delivery and pristine quality. Highly recommended!
RSP-5926,CUST-1214,2025-11-12,Europe,Enterprise,Technology,Email,Pricing,5,2,10,No,Billing error was not resolved on time.
RSP-5927,CUST-3251,2025-07-14,North America,Enterprise,Technology,In-App,Delivery,7,3,3,Yes,"Support resolved the issue, but communication could be better."
RSP-5928,CUST-1520,2025-11-18,Europe,Mid-Market,Healthcare,Web,Pricing,3,2,14,Yes,Billing error was not resolved on time.
RSP-5929,CUST-5054,2025-11-09,Europe,Mid-Market,Technology,Email,Product,8,3,2,Yes,"Service is okay, expecting more frequent software updates."
RSP-5930,CUST-4149,2025-10-05,North America,Enterprise,Healthcare,In-App,Product,6,1,5,Yes,Delivery took twice as long as promised.
RSP-5931,CUST-4575,2025-09-16,Middle East & Africa,Mid-Market,Healthcare,Email,Product,0,2,7,Yes,Billing error was not resolved on time.
RSP-5932,CUST-2260,2025-03-08,North America,Mid-Market,Retail,Phone,Quality,7,3,5,Yes,"Acceptable response time, issue was eventually fixed."
RSP-5933,CUST-2606,2025-09-10,North America,SMB,Technology,Email,Quality,7,4,3,Yes,"Product works fine, but missing key integrations."
RSP-5934,CUST-3607,2025-12-15,Europe,Mid-Market,Manufacturing,In-App,Delivery,0,2,5,No,Platform UI is slow and unintuitive.
RSP-5935,CUST-1005,2025-07-24,North America,SMB,Healthcare,In-App,Product,2,2,5,Yes,Delivery took twice as long as promised.
RSP-5936,CUST-2945,2025-07-08,Latin America,Mid-Market,Finance,Email,Customer Support,7,4,4,Yes,"Product works fine, but missing key integrations."
RSP-5937,CUST-3206,2025-01-16,Middle East & Africa,SMB,Finance,Phone,Delivery,0,1,4,No,"Issue took over a week to resolve, very frustrating."
RSP-5938,CUST-4196,2025-07-15,North America,SMB,Finance,Phone,Customer Support,6,3,14,Yes,Frequent downtime impacted our business operations.
RSP-5939,CUST-3718,2025-12-18,Latin America,Enterprise,Technology,Phone,Quality,5,2,4,No,Billing error was not resolved on time.
RSP-5940,CUST-1313,2025-01-16,Asia-Pacific,Mid-Market,Manufacturing,Email,Delivery,0,1,5,Yes,Product keeps crashing after the latest update.
RSP-5941,CUST-2375,2025-05-24,Latin America,Mid-Market,Technology,Phone,Customer Support,10,5,2,Yes,Super fast delivery and pristine quality. Highly recommended!
RSP-5942,CUST-3806,2025-07-11,North America,Mid-Market,Healthcare,Phone,Customer Support,7,5,5,Yes,"Delivery was on time, product packaging was slightly damaged."
RSP-5943,CUST-3057,2025-04-04,Europe,Mid-Market,Healthcare,In-App,Product,7,3,4,Yes,"Decent features for SMBs, but needs better reporting tools."
RSP-5944,CUST-4773,2025-10-31,Latin America,Mid-Market,Manufacturing,In-App,Quality,7,3,5,Yes,"Decent features for SMBs, but needs better reporting tools."
RSP-5945,CUST-2606,2025-03-13,North America,Mid-Market,Technology,Phone,Product,9,5,1,Yes,Smooth experience from purchase to setup. Very satisfied!
RSP-5946,CUST-3409,2025-04-06,Asia-Pacific,Mid-Market,Manufacturing,Web,Customer Support,4,2,14,Yes,Pricing is way too high for the features provided.
RSP-5947,CUST-2090,2025-12-16,Europe,SMB,Technology,Email,Quality,0,1,14,No,Platform UI is slow and unintuitive.
RSP-5948,CUST-3205,2025-07-20,Europe,Mid-Market,Technology,Phone,Customer Support,6,2,5,Yes,Pricing is way too high for the features provided.
RSP-5949,CUST-2593,2025-10-07,North America,Mid-Market,Manufacturing,Email,Product,5,2,4,Yes,Frequent downtime impacted our business operations.
RSP-5950,CUST-1844,2025-06-24,Asia-Pacific,SMB,Retail,Web,Delivery,7,4,2,Yes,"Decent features for SMBs, but needs better reporting tools."
RSP-5951,CUST-2346,2025-05-14,North America,Enterprise,Technology,In-App,Quality,6,1,4,Yes,Product keeps crashing after the latest update.
RSP-5952,CUST-3685,2025-04-06,Europe,SMB,Technology,Email,Pricing,1,1,5,Yes,Platform UI is slow and unintuitive.
RSP-5953,CUST-3767,2025-09-05,Asia-Pacific,Mid-Market,Healthcare,Email,Quality,1,1,14,No,Delivery took twice as long as promised.
RSP-5954,CUST-3812,2025-07-19,Asia-Pacific,Mid-Market,Technology,In-App,Delivery,3,1,4,Yes,Delivery took twice as long as promised.
RSP-5955,CUST-2407,2025-07-26,North America,Enterprise,Technology,Email,Product,1,1,5,Yes,Frequent downtime impacted our business operations.
RSP-5956,CUST-2815,2025-12-22,Europe,Mid-Market,Technology,In-App,Delivery,7,4,2,Yes,"Pricing is fair, but onboarding was slightly confusing."
RSP-5957,CUST-3812,2025-09-29,Europe,Mid-Market,Finance,Web,Delivery,0,1,4,Yes,Frequent downtime impacted our business operations.
RSP-5958,CUST-4031,2025-02-22,North America,Enterprise,Manufacturing,Phone,Delivery,0,1,10,Yes,Pricing is way too high for the features provided.
RSP-5959,CUST-5132,2025-02-24,North America,SMB,Technology,Email,Pricing,0,2,14,Yes,Platform UI is slow and unintuitive.
RSP-5960,CUST-4204,2025-07-09,Latin America,Mid-Market,Retail,Email,Pricing,6,2,10,Yes,"Issue took over a week to resolve, very frustrating."
RSP-5961,CUST-1210,2025-11-27,North America,Mid-Market,Technology,Phone,Quality,6,1,10,Yes,Billing error was not resolved on time.
RSP-5962,CUST-3153,2025-07-17,Asia-Pacific,Enterprise,Technology,Phone,Product,4,2,5,Yes,Platform UI is slow and unintuitive.
RSP-5963,CUST-3657,2025-01-09,Middle East & Africa,Mid-Market,Finance,Email,Customer Support,0,2,4,Yes,Frequent downtime impacted our business operations.
RSP-5965,CUST-3143,2025-04-25,North America,Mid-Market,Technology,Phone,Pricing,6,2,7,No,Support response was extremely slow and unhelpful.
